idx,id,sci_name,com_name,class,order
0,3,Abeillia abeillei,Emerald-chinned Hummingbird,Aves,Apodiformes
1,5,Abroscopus albogularis,Rufous-faced Warbler,Aves,Passeriformes
2,6,Abroscopus schisticeps,Black-faced Warbler,Aves,Passeriformes
3,7,Abroscopus superciliaris,Yellow-bellied Warbler,Aves,Passeriformes
4,9,Aburria aburri,Wattled Guan,Aves,Galliformes
5,12,Acanthagenys rufogularis,Spiny-cheeked Honeyeater,Aves,Passeriformes
6,13,Acanthidops bairdi,Peg-billed Finch,Aves,Passeriformes
7,15,Acanthis cabaret,Acanthis cabaret,Aves,Passeriformes
8,16,Acanthis flammea,Redpoll,Aves,Passeriformes
9,18,Acanthis hornemanni,Acanthis hornemanni,Aves,Passeriformes
10,19,Acanthisitta chloris,Rifleman,Aves,Passeriformes
11,20,Acanthiza apicalis,Inland Thornbill,Aves,Passeriformes
12,21,Acanthiza chrysorrhoa,Yellow-rumped Thornbill,Aves,Passeriformes
13,22,Acanthiza cinerea,Grey Thornbill,Aves,Passeriformes
14,23,Acanthiza ewingii,Tasmanian Thornbill,Aves,Passeriformes
15,24,Acanthiza inornata,Western Thornbill,Aves,Passeriformes
16,25,Acanthiza iredalei,Slender-billed Thornbill,Aves,Passeriformes
17,26,Acanthiza katherina,Mountain Thornbill,Aves,Passeriformes
18,27,Acanthiza lineata,Striated Thornbill,Aves,Passeriformes
19,28,Acanthiza murina,New Guinea Thornbill,Aves,Passeriformes
20,29,Acanthiza nana,Yellow Thornbill,Aves,Passeriformes
21,30,Acanthiza pusilla,Brown Thornbill,Aves,Passeriformes
22,31,Acanthiza reguloides,Buff-rumped Thornbill,Aves,Passeriformes
23,32,Acanthiza robustirostris,Slaty-backed Thornbill,Aves,Passeriformes
24,33,Acanthiza uropygialis,Chestnut-rumped Thornbill,Aves,Passeriformes
25,40,Acanthorhynchus superciliosus,Western Spinebill,Aves,Passeriformes
26,41,Acanthorhynchus tenuirostris,Eastern Spinebill,Aves,Passeriformes
27,42,Acanthornis magna,Scrubtit,Aves,Passeriformes
28,45,Acanthoventris drewseni,Acanthoventris drewseni,Insecta,Hemiptera
29,48,Tachyspiza albogularis,Pied Goshawk,Aves,Accipitriformes
30,49,Astur atricapillus,American Goshawk,Aves,Falconiformes
31,50,Astur gentilis,Eurasian Goshawk,Aves,Accipitriformes
32,51,Tachyspiza badia,Shikra,Aves,Accipitriformes
33,52,Astur bicolor,Bicolored Hawk,Aves,Accipitriformes
34,53,Tachyspiza brevipes,Levant Sparrowhawk,Aves,Accipitriformes
35,55,Astur chilensis,Chilean Hawk,Aves,Accipitriformes
36,56,Accipiter chionogaster,White-breasted Hawk,Aves,Accipitriformes
37,57,Tachyspiza cirrocephala,Collared Sparrowhawk,Aves,Accipitriformes
38,58,Microspizias collaris,Semicollared Hawk,Aves,Accipitriformes
39,60,Astur cooperii,Cooper's Hawk,Aves,Accipitriformes
40,61,Tachyspiza erythrauchen,Rufous-necked Sparrowhawk,Aves,Accipitriformes
41,62,Accipiter erythronemius,Rufous-thighed Hawk,Aves,Accipitriformes
42,64,Tachyspiza fasciata,Brown Goshawk,Aves,Accipitriformes
43,65,Tachyspiza francesiae,Frances's Sparrowhawk,Aves,Accipitriformes
44,67,Tachyspiza gularis,Japanese Sparrowhawk,Aves,Accipitriformes
45,68,Astur gundlachi,Gundlach's Hawk,Aves,Accipitriformes
46,69,Tachyspiza haplochroa,White-bellied Goshawk,Aves,Accipitriformes
47,70,Tachyspiza henicogramma,Moluccan Goshawk,Aves,Accipitriformes
48,71,Astur henstii,Henst's Goshawk,Aves,Accipitriformes
49,72,Tachyspiza hiogaster,Variable Goshawk,Aves,Accipitriformes
50,73,Accipiter madagascariensis,Madagascar Sparrowhawk,Aves,Accipitriformes
51,75,Astur melanoleucus,Black Sparrowhawk,Aves,Accipitriformes
52,77,Tachyspiza minulla,Little Sparrowhawk,Aves,Accipitriformes
53,79,Accipiter nisus,Eurasian Sparrowhawk,Aves,Accipitriformes
54,80,Tachyspiza novaehollandiae,Grey Goshawk,Aves,Accipitriformes
55,81,Accipiter ovampensis,Ovambo Sparrowhawk,Aves,Accipitriformes
56,83,Accipiter poliogaster,Grey-bellied Hawk,Aves,Accipitriformes
57,84,Tachyspiza rhodogaster,Vinous-breasted Sparrowhawk,Aves,Accipitriformes
58,85,Tachyspiza rufitorques,Fiji Goshawk,Aves,Accipitriformes
59,86,Accipiter rufiventris,Rufous-breasted Sparrowhawk,Aves,Accipitriformes
60,87,Tachyspiza soloensis,Chinese Sparrowhawk,Aves,Accipitriformes
61,88,Accipiter striatus,Sharp-shinned Hawk,Aves,Accipitriformes
62,89,Microspizias superciliosus,Tiny Hawk,Aves,Accipitriformes
63,91,Aerospiza tachiro,African Goshawk,Aves,Accipitriformes
64,92,Accipiter toussenelii,Accipiter toussenelii,Aves,Accipitriformes
65,93,Tachyspiza trinotata,Spot-tailed Sparrowhawk,Aves,Accipitriformes
66,94,Lophospiza trivirgata,Crested Goshawk,Aves,Accipitriformes
67,95,Accipiter ventralis,Plain-breasted Hawk,Aves,Accipitriformes
68,96,Tachyspiza virgata,Besra,Aves,Accipitriformes
69,104,Rhabdotorrhinus corrugatus,Wrinkled Hornbill,Aves,Bucerotiformes
70,106,Aceros nipalensis,Rufous-necked Hornbill,Aves,Bucerotiformes
71,107,Achaetops pycnopygius,Rockrunner,Aves,Passeriformes
72,108,Acherontia atropos,Acherontia atropos,Insecta,Lepidoptera
73,110,Acheta domesticus,House cricket,Insecta,Orthoptera
74,113,Acheta rufopictus,Acheta rufopictus,Insecta,Orthoptera
75,117,Acrididae,Short-horned Grasshoppers,Insecta,Orthoptera
76,119,Acridotheres burmannicus,Burmese Myna,Aves,Passeriformes
77,120,Acridotheres cristatellus,Crested Myna,Aves,Passeriformes
78,121,Acridotheres fuscus,Jungle Myna,Aves,Passeriformes
79,122,Acridotheres ginginianus,Bank Myna,Aves,Passeriformes
80,123,Acridotheres grandis,Great Myna,Aves,Passeriformes
81,124,Acridotheres javanicus,Javan Myna,Aves,Passeriformes
82,125,Acridotheres leucocephalus,Vinous-breasted Myna,Aves,Passeriformes
83,127,Acridotheres tristis,Common Myna,Aves,Passeriformes
84,129,Acris blanchardi,Acris blanchardi,Amphibia,Anura
85,130,Acris crepitans,Northern Cricket Frog,Amphibia,Anura
86,131,Acris gryllus,Southern Cricket Frog,Amphibia,Anura
87,132,Acris,Acris,Amphibia,Anura
88,133,Acritillas indica,Yellow-browed Bulbul,Aves,Passeriformes
89,136,Acrobatornis fonsecai,Pink-legged Graveteiro,Aves,Passeriformes
90,138,Acrocephalus agricola,Paddyfield Warbler,Aves,Passeriformes
91,139,Acrocephalus arundinaceus,Great Reed Warbler,Aves,Passeriformes
92,140,Acrocephalus atyphus,Tuamotu Reed Warbler,Aves,Passeriformes
93,141,Acrocephalus australis,Australian Reed Warbler,Aves,Passeriformes
94,142,Acrocephalus baeticatus,Acrocephalus baeticatus,Aves,Passeriformes
95,143,Acrocephalus bistrigiceps,Black-browed Reed Warbler,Aves,Passeriformes
96,144,Acrocephalus brevipennis,Cape Verde Warbler,Aves,Passeriformes
97,145,Acrocephalus caffer,Tahiti Reed Warbler,Aves,Passeriformes
98,146,Acrocephalus concinens,Blunt-winged Warbler,Aves,Passeriformes
99,147,Acrocephalus dumetorum,Blyth's Reed Warbler,Aves,Passeriformes
100,149,Acrocephalus gracilirostris,Lesser Swamp Warbler,Aves,Passeriformes
101,150,Acrocephalus griseldis,Basra Reed Warbler,Aves,Passeriformes
102,151,Acrocephalus hiwae,Saipan Reed Warbler,Aves,Passeriformes
103,152,Acrocephalus kerearako,Cook Reed Warbler,Aves,Passeriformes
104,153,Acrocephalus melanopogon,Moustached Warbler,Aves,Passeriformes
105,154,Acrocephalus mendanae,Southern Marquesan Reed Warbler,Aves,Passeriformes
106,155,Acrocephalus newtoni,Madagascar Swamp Warbler,Aves,Passeriformes
107,156,Acrocephalus orientalis,Oriental Reed Warbler,Aves,Passeriformes
108,157,Acrocephalus orinus,Large-billed Reed Warbler,Aves,Passeriformes
109,158,Acrocephalus paludicola,Aquatic Warbler,Aves,Passeriformes
110,159,Acrocephalus palustris,Marsh Warbler,Aves,Passeriformes
111,160,Acrocephalus percernis,Northern Marquesan Reed Warbler,Aves,Passeriformes
112,161,Acrocephalus rehsei,Nauru Reed Warbler,Aves,Passeriformes
113,162,Acrocephalus rimitarae,Rimatara Reed Warbler,Aves,Passeriformes
114,163,Acrocephalus rodericanus,Rodrigues Warbler,Aves,Passeriformes
115,164,Acrocephalus rufescens,Greater Swamp Warbler,Aves,Passeriformes
116,165,Acrocephalus schoenobaenus,Sedge Warbler,Aves,Passeriformes
117,166,Acrocephalus scirpaceus,Common Reed Warbler,Aves,Passeriformes
118,167,Acrocephalus sechellensis,Seychelles Warbler,Aves,Passeriformes
119,168,Acrocephalus stentoreus,Clamorous Reed Warbler,Aves,Passeriformes
120,169,Acrocephalus syrinx,Caroline Reed Warbler,Aves,Passeriformes
121,171,Acrocephalus tangorum,Manchurian Reed Warbler,Aves,Passeriformes
122,179,Acrometopa macropoda,Acrometopa macropoda,Insecta,Orthoptera
123,180,Acrometopa servillea,Acrometopa servillea,Insecta,Orthoptera
124,182,Acropternis orthonyx,Ocellated Tapaculo,Aves,Passeriformes
125,183,Acryllium vulturinum,Vulturine Guineafowl,Aves,Galliformes
126,185,Actenoides concretus,Rufous-collared Kingfisher,Aves,Coraciiformes
127,186,Actenoides hombroni,Blue-capped Kingfisher,Aves,Coraciiformes
128,187,Actenoides lindsayi,Spotted Wood Kingfisher,Aves,Coraciiformes
129,188,Actenoides monachus,Green-backed Kingfisher,Aves,Coraciiformes
130,189,Actenoides princeps,Scaly-breasted Kingfisher,Aves,Coraciiformes
131,190,Actinodura cyanouroptera,Blue-winged Minla,Aves,Passeriformes
132,192,Actinodura egertoni,Rusty-fronted Barwing,Aves,Passeriformes
133,193,Actinodura morrisoniana,Taiwan Barwing,Aves,Passeriformes
134,194,Actinodura nipalensis,Hoary-throated Barwing,Aves,Passeriformes
135,195,Actinodura ramsayi,Spectacled Barwing,Aves,Passeriformes
136,196,Actinodura sodangorum,Black-crowned Barwing,Aves,Passeriformes
137,197,Actinodura souliei,Streaked Barwing,Aves,Passeriformes
138,198,Actinodura strigula,Bar-throated Minla,Aves,Passeriformes
139,199,Actinodura waldeni,Streak-throated Barwing,Aves,Passeriformes
140,201,Actitis hypoleucos,Common Sandpiper,Aves,Charadriiformes
141,202,Actitis macularius,Spotted Sandpiper,Aves,Charadriiformes
142,203,Actophilornis africanus,African Jacana,Aves,Charadriiformes
143,207,Adelomyia melanogenys,Speckled Hummingbird,Aves,Apodiformes
144,212,Adelotus brevis,Adelotus brevis,Amphibia,Anura
145,215,Adenomera andreae,Adenomera andreae,Amphibia,Anura
146,216,Adenomera araucaria,Adenomera araucaria,Amphibia,Anura
147,218,Adenomera diptyx,Adenomera diptyx,Amphibia,Anura
148,220,Adenomera hylaedactyla,Adenomera hylaedactyla,Amphibia,Anura
149,221,Adenomera marmorata,Adenomera marmorata,Amphibia,Anura
150,222,Adenomera nana,Adenomera nana,Amphibia,Anura
151,224,Adenomera,Adenomera,Amphibia,Anura
152,227,Aechmophorus clarkii,Clark's Grebe,Aves,Podicipediformes
153,228,Aechmophorus occidentalis,Western Grebe,Aves,Podicipediformes
154,230,Aegithalos bonvaloti,Black-browed Bushtit,Aves,Passeriformes
155,231,Aegithalos caudatus,Long-tailed Tit,Aves,Passeriformes
156,232,Aegithalos concinnus,Black-throated Bushtit,Aves,Passeriformes
157,233,Aegithalos exilis,Pygmy Bushtit,Aves,Passeriformes
158,234,Aegithalos fuliginosus,Sooty Bushtit,Aves,Passeriformes
159,235,Aegithalos glaucogularis,Silver-throated Bushtit,Aves,Passeriformes
160,236,Aegithalos iouschistos,Rufous-fronted Bushtit,Aves,Passeriformes
161,238,Aegithalos niveogularis,White-throated Bushtit,Aves,Passeriformes
162,239,Aegithalos sharpei,Burmese Bushtit,Aves,Passeriformes
163,240,Aegithina lafresnayei,Great Iora,Aves,Passeriformes
164,241,Aegithina nigrolutea,Marshall's Iora,Aves,Passeriformes
165,242,Aegithina tiphia,Common Iora,Aves,Passeriformes
166,243,Aegithina viridissima,Green Iora,Aves,Passeriformes
167,244,Aegolius acadicus,Northern Saw-whet Owl,Aves,Strigiformes
168,245,Aegolius funereus,Boreal Owl,Aves,Strigiformes
169,246,Aegolius harrisii,Buff-fronted Owl,Aves,Strigiformes
170,247,Aegolius ridgwayi,Unspotted Saw-whet Owl,Aves,Strigiformes
171,248,Aegotheles albertisi,Mountain Owlet-nightjar,Aves,Apodiformes
172,249,Aegotheles bennettii,Barred Owlet-nightjar,Aves,Apodiformes
173,250,Aegotheles crinifrons,Moluccan Owlet-nightjar,Aves,Apodiformes
174,251,Aegotheles cristatus,Australian Owlet-nightjar,Aves,Apodiformes
175,252,Aegotheles insignis,Feline Owlet-nightjar,Aves,Apodiformes
176,253,Aegotheles tatei,Starry Owlet-nightjar,Aves,Apodiformes
177,254,Aegotheles wallacii,Wallace's Owlet-nightjar,Aves,Apodiformes
178,255,Aegypius monachus,Cinereous Vulture,Aves,Accipitriformes
179,256,Aenigmatolimnas marginalis,Striped Crake,Aves,Gruiformes
180,263,Aepyceros melampus,Impala,Mammalia,Artiodactyla
181,267,Aerodramus brevirostris,Himalayan Swiftlet,Aves,Apodiformes
182,271,Aerodramus fuciphagus,Edible-nest Swiftlet,Aves,Apodiformes
183,272,Aerodramus germani,Aerodramus germani,Aves,Apodiformes
184,273,Aerodramus hirundinaceus,Mountain Swiftlet,Aves,Apodiformes
185,275,Aerodramus inquietus,Caroline Swiftlet,Aves,Apodiformes
186,278,Aerodramus mearnsi,Philippine Swiftlet,Aves,Apodiformes
187,282,Aerodramus sawtelli,Atiu Swiftlet,Aves,Apodiformes
188,284,Aerodramus spodiopygius,White-rumped Swiftlet,Aves,Apodiformes
189,285,Aerodramus terraereginae,Australian Swiftlet,Aves,Apodiformes
190,286,Aerodramus unicolor,Indian Swiftlet,Aves,Apodiformes
191,287,Aerodramus vanikorensis,Uniform Swiftlet,Aves,Apodiformes
192,288,Aeronautes andecolus,Andean Swift,Aves,Apodiformes
193,289,Aeronautes montivagus,White-tipped Swift,Aves,Apodiformes
194,290,Aeronautes saxatalis,White-throated Swift,Aves,Apodiformes
195,291,Aeropedellus clavatus,Aeropedellus clavatus,Insecta,Orthoptera
196,297,Aethia cristatella,Crested Auklet,Aves,Charadriiformes
197,298,Aethia psittacula,Parakeet Auklet,Aves,Charadriiformes
198,299,Aethia pusilla,Least Auklet,Aves,Charadriiformes
199,300,Aethia pygmaea,Whiskered Auklet,Aves,Charadriiformes
200,301,Aethomyias arfakianus,Grey-green Scrubwren,Aves,Passeriformes
201,302,Aethomyias nigrorufus,Bicolored Scrubwren,Aves,Passeriformes
202,303,Aethomyias papuensis,Papuan Scrubwren,Aves,Passeriformes
203,305,Aethomyias perspicillatus,Buff-faced Scrubwren,Aves,Passeriformes
204,306,Aethomyias rufescens,Vogelkop Scrubwren,Aves,Passeriformes
205,308,Aethopyga bella,Handsome Sunbird,Aves,Passeriformes
206,309,Aethopyga boltoni,Apo Sunbird,Aves,Passeriformes
207,310,Aethopyga christinae,Fork-tailed Sunbird,Aves,Passeriformes
208,312,Aethopyga duyvenbodei,Elegant Sunbird,Aves,Passeriformes
209,313,Aethopyga eximia,White-flanked Sunbird,Aves,Passeriformes
210,314,Aethopyga flagrans,Flaming Sunbird,Aves,Passeriformes
211,315,Aethopyga gouldiae,Mrs. Gould's Sunbird,Aves,Passeriformes
212,316,Aethopyga guimarasensis,Maroon-naped Sunbird,Aves,Passeriformes
213,317,Aethopyga ignicauda,Fire-tailed Sunbird,Aves,Passeriformes
214,318,Aethopyga jefferyi,Aethopyga jefferyi,Aves,Passeriformes
215,320,Aethopyga magnifica,Magnificent Sunbird,Aves,Passeriformes
216,321,Aethopyga mystacalis,Javan Sunbird,Aves,Passeriformes
217,322,Aethopyga nipalensis,Green-tailed Sunbird,Aves,Passeriformes
218,324,Aethopyga pulcherrima,Metallic-winged Sunbird,Aves,Passeriformes
219,325,Aethopyga saturata,Black-throated Sunbird,Aves,Passeriformes
220,326,Aethopyga shelleyi,Lovely Sunbird,Aves,Passeriformes
221,327,Aethopyga siparaja,Crimson Sunbird,Aves,Passeriformes
222,328,Aethopyga temminckii,Temminck's Sunbird,Aves,Passeriformes
223,330,Aethopyga vigorsii,Vigors's Sunbird,Aves,Passeriformes
224,335,Afrixalus delicatus,Afrixalus delicatus,Amphibia,Anura
225,337,Afrixalus fornasini,Afrixalus fornasini,Amphibia,Anura
226,349,Afropavo congensis,Congo Peafowl,Aves,Galliformes
227,350,Afrotis afra,Southern Black Korhaan,Aves,Otidiformes
228,352,Afrotis afraoides,Northern Black Korhaan,Aves,Otidiformes
229,355,Agalychnis callidryas,Red-eyed Treefrog,Amphibia,Anura
230,356,Agalychnis dacnicolor,Agalychnis dacnicolor,Amphibia,Anura
231,358,Agalychnis moreletii,Agalychnis moreletii,Amphibia,Anura
232,363,Agamia agami,Agami Heron,Aves,Pelecaniformes
233,367,Agapornis canus,Grey-headed Lovebird,Aves,Psittaciformes
234,368,Agapornis fischeri,Fischer's Lovebird,Aves,Psittaciformes
235,369,Agapornis lilianae,Lilian's Lovebird,Aves,Psittaciformes
236,370,Agapornis nigrigenis,Black-cheeked Lovebird,Aves,Psittaciformes
237,371,Agapornis personatus,Yellow-collared Lovebird,Aves,Psittaciformes
238,372,Agapornis pullarius,Red-headed Lovebird,Aves,Psittaciformes
239,373,Agapornis roseicollis,Rosy-faced Lovebird,Aves,Psittaciformes
240,375,Agapornis taranta,Black-winged Lovebird,Aves,Psittaciformes
241,376,Agelaioides badius,Greyish Baywing,Aves,Passeriformes
242,377,Agelaioides fringillarius,Pale Baywing,Aves,Passeriformes
243,378,Oreopsar bolivianus,Bolivian Blackbird,Aves,Passeriformes
244,379,Agelaius assimilis,Red-shouldered Blackbird,Aves,Passeriformes
245,380,Agelaius humeralis,Tawny-shouldered Blackbird,Aves,Passeriformes
246,381,Agelaius phoeniceus,Red-winged Blackbird,Aves,Passeriformes
247,382,Agelaius tricolor,Tricolored Blackbird,Aves,Passeriformes
248,383,Agelaius xanthomus,Yellow-shouldered Blackbird,Aves,Passeriformes
249,386,Agelasticus cyanopus,Unicolored Blackbird,Aves,Passeriformes
250,387,Agelasticus thilius,Yellow-winged Blackbird,Aves,Passeriformes
251,388,Agelasticus xanthophthalmus,Pale-eyed Blackbird,Aves,Passeriformes
252,390,Aglaeactis aliciae,Purple-backed Sunbeam,Aves,Apodiformes
253,392,Aglaeactis cupripennis,Shining Sunbeam,Aves,Apodiformes
254,393,Aglaeactis pamela,Black-hooded Sunbeam,Aves,Apodiformes
255,395,Aglaiocercus coelestis,Violet-tailed Sylph,Aves,Apodiformes
256,396,Aglaiocercus kingii,Long-tailed Sylph,Aves,Apodiformes
257,397,Aglais io,Aglais io,Insecta,Lepidoptera
258,401,Aglaothorax morsei,Aglaothorax morsei,Insecta,Orthoptera
259,402,Aglaothorax ovata,ovate shieldback,Insecta,Orthoptera
260,407,Agricola pallidus,Pale Flycatcher,Aves,Passeriformes
261,409,Agriornis albicauda,White-tailed Shrike-Tyrant,Aves,Passeriformes
262,410,Agriornis lividus,Great Shrike-Tyrant,Aves,Passeriformes
263,411,Agriornis micropterus,Grey-bellied Shrike-Tyrant,Aves,Passeriformes
264,412,Agriornis montanus,Black-billed Shrike-Tyrant,Aves,Passeriformes
265,415,Agropsar philippensis,Chestnut-cheeked Starling,Aves,Passeriformes
266,416,Agropsar sturninus,Daurian Starling,Aves,Passeriformes
267,419,Ailuroedus arfakianus,Arfak Catbird,Aves,Passeriformes
268,422,Ailuroedus crassirostris,Green Catbird,Aves,Passeriformes
269,423,Ailuroedus geislerorum,Tan-capped Catbird,Aves,Passeriformes
270,425,Ailuroedus maculosus,Spotted Catbird,Aves,Passeriformes
271,426,Ailuroedus melanocephalus,Black-capped Catbird,Aves,Passeriformes
272,427,Ailuroedus melanotis,Black-eared Catbird,Aves,Passeriformes
273,428,Ailuroedus stonii,Ochre-breasted Catbird,Aves,Passeriformes
274,429,Ailuropoda melanoleuca,Ailuropoda melanoleuca,Mammalia,Carnivora
275,432,Aimophila notosticta,Oaxaca Sparrow,Aves,Passeriformes
276,433,Aimophila rufescens,Rusty Sparrow,Aves,Passeriformes
277,434,Aimophila ruficeps,Rufous-crowned Sparrow,Aves,Passeriformes
278,436,Aix galericulata,Mandarin Duck,Aves,Anseriformes
279,437,Aix sponsa,Wood Duck,Aves,Anseriformes
280,440,Akletos goeldii,Goeldi's Antbird,Aves,Passeriformes
281,441,Akletos melanoceps,White-shouldered Antbird,Aves,Passeriformes
282,442,Alaemon alaudipes,Greater Hoopoe-Lark,Aves,Passeriformes
283,444,Alauda arvensis,Eurasian Skylark,Aves,Passeriformes
284,445,Alauda gulgula,Oriental Skylark,Aves,Passeriformes
285,446,Alauda leucoptera,White-winged Lark,Aves,Passeriformes
286,448,Alaudala athensis,Athi Short-toed Lark,Aves,Passeriformes
287,449,Alaudala cheleensis,Asian Short-toed Lark,Aves,Passeriformes
288,450,Alaudala heinei,Turkestan Short-toed Lark,Aves,Passeriformes
289,451,Alaudala rufescens,Mediterranean Short-toed Lark,Aves,Passeriformes
290,453,Alaudala raytal,Sand Lark,Aves,Passeriformes
291,454,Alaudala somalica,Somali Short-toed Lark,Aves,Passeriformes
292,456,Albarracinia zapaterii,Albarracinia zapaterii,Insecta,Orthoptera
293,459,Alca torda,Razorbill,Aves,Charadriiformes
294,460,Alcedo atthis,Common Kingfisher,Aves,Coraciiformes
295,461,Alcedo coerulescens,Cerulean Kingfisher,Aves,Coraciiformes
296,462,Alcedo euryzona,Javan Blue-banded Kingfisher,Aves,Coraciiformes
297,463,Alcedo peninsulae,Malaysian Blue-banded Kingfisher,Aves,Coraciiformes
298,465,Alcedo meninting,Blue-eared Kingfisher,Aves,Coraciiformes
299,466,Alcedo quadribrachys,Shining-blue Kingfisher,Aves,Coraciiformes
300,467,Alcedo semitorquata,Half-collared Kingfisher,Aves,Coraciiformes
301,468,Alces alces,Moose,Mammalia,Artiodactyla
302,470,Schoeniparus brunneus,Dusky Fulvetta,Aves,Passeriformes
303,471,Alcippe brunneicauda,Brown Fulvetta,Aves,Passeriformes
304,472,Schoeniparus castaneceps,Rufous-winged Fulvetta,Aves,Passeriformes
305,473,Schoeniparus cinereus,Yellow-throated Fulvetta,Aves,Passeriformes
306,474,Alcippe davidi,David's Fulvetta,Aves,Passeriformes
307,475,Schoeniparus dubius,Rusty-capped Fulvetta,Aves,Passeriformes
308,476,Alcippe fratercula,Yunnan Fulvetta,Aves,Passeriformes
309,477,Alcippe grotei,Black-browed Fulvetta,Aves,Passeriformes
310,478,Alcippe hueti,Huet's Fulvetta,Aves,Passeriformes
311,479,Schoeniparus klossi,Black-crowned Fulvetta,Aves,Passeriformes
312,480,Alcippe morrisonia,Grey-cheeked Fulvetta,Aves,Passeriformes
313,481,Alcippe nipalensis,Nepal Fulvetta,Aves,Passeriformes
314,482,Alcippe peracensis,Mountain Fulvetta,Aves,Passeriformes
315,483,Alcippe poioicephala,Brown-cheeked Fulvetta,Aves,Passeriformes
316,484,Alcippe pyrrhoptera,Javan Fulvetta,Aves,Passeriformes
317,485,Schoeniparus rufogularis,Rufous-throated Fulvetta,Aves,Passeriformes
318,487,Alcurus striatus,Striated Bulbul,Aves,Passeriformes
319,491,Aleadryas rufinucha,Rufous-naped Bellbird,Aves,Passeriformes
320,493,Alectoris barbara,Barbary Partridge,Aves,Galliformes
321,494,Alectoris chukar,Chukar Partridge,Aves,Galliformes
322,495,Alectoris graeca,Rock Partridge,Aves,Galliformes
323,496,Alectoris magna,Przevalski's Partridge,Aves,Galliformes
324,497,Alectoris melanocephala,Arabian Partridge,Aves,Galliformes
325,498,Alectoris philbyi,Philby's Partridge,Aves,Galliformes
326,499,Alectoris rufa,Red-legged Partridge,Aves,Galliformes
327,501,Alectroenas pulcherrimus,Seychelles Blue Pigeon,Aves,Columbiformes
328,503,Alectrurus risora,Strange-tailed Tyrant,Aves,Passeriformes
329,504,Alectrurus tricolor,Cock-tailed Tyrant,Aves,Passeriformes
330,505,Alectura lathami,Australian Brushturkey,Aves,Galliformes
331,506,Aleeta curvicosta,Aleeta curvicosta,Insecta,Hemiptera
332,507,Alethe castanea,Fire-crested Alethe,Aves,Passeriformes
333,508,Alethe diademata,White-tailed Alethe,Aves,Passeriformes
334,510,Alipiopsitta xanthops,Yellow-faced Parrot,Aves,Psittaciformes
335,512,Alisterus chloropterus,Papuan King Parrot,Aves,Psittaciformes
336,513,Alisterus scapularis,Australian King Parrot,Aves,Psittaciformes
337,514,Alle alle,Little Auk,Aves,Charadriiformes
338,515,Allenia fusca,Scaly-breasted Thrasher,Aves,Passeriformes
339,517,Alligator mississippiensis,American Alligator,Reptilia,Crocodylia
340,518,Alligator sinensis,Alligator sinensis,Reptilia,Crocodylia
341,523,Allobates femoralis,Allobates femoralis,Amphibia,Anura
342,526,Allobates marchesianus,Allobates marchesianus,Amphibia,Anura
343,532,Allobates talamancae,Allobates talamancae,Amphibia,Anura
344,538,Allonemobius allardi,Allard's ground cricket,Insecta,Orthoptera
345,539,Allonemobius fasciatus,Striped Ground Cricket,Insecta,Orthoptera
346,541,Allonemobius griseus,Allonemobius griseus,Insecta,Orthoptera
347,542,Allonemobius maculatus,Larger Spotted Ground Cricket,Insecta,Orthoptera
348,543,Allonemobius shalontaki,Allonemobius shalontaki,Insecta,Orthoptera
349,544,Allonemobius socius,southern ground cricket,Insecta,Orthoptera
350,545,Allonemobius sparsalus,salt-marsh ground cricket,Insecta,Orthoptera
351,547,Allonemobius tinnulus,tinkling ground cricket,Insecta,Orthoptera
352,548,Allonemobius walkeri,Walker's ground cricket,Insecta,Orthoptera
353,553,Alophoixus bres,Brown-cheeked Bulbul,Aves,Passeriformes
354,554,Alophoixus tephrogenys,Grey-cheeked Bulbul,Aves,Passeriformes
355,555,Iole finschii,Finsch's Bulbul,Aves,Passeriformes
356,557,Alophoixus flaveolus,White-throated Bulbul,Aves,Passeriformes
357,558,Alophoixus frater,Palawan Bulbul,Aves,Passeriformes
358,559,Alophoixus ochraceus,Ochraceous Bulbul,Aves,Passeriformes
359,560,Alophoixus ruficrissus,Penan Bulbul,Aves,Passeriformes
360,561,Alophoixus pallidus,Puff-throated Bulbul,Aves,Passeriformes
361,562,Alophoixus phaeocephalus,Yellow-bellied Bulbul,Aves,Passeriformes
362,563,Alopochelidon fucata,Tawny-headed Swallow,Aves,Passeriformes
363,564,Alopochen aegyptiaca,Egyptian Goose,Aves,Anseriformes
364,565,Alouatta belzebul,red-handed howler monkey,Mammalia,Primates
365,566,Alouatta caraya,black howler monkey,Mammalia,Primates
366,568,Alouatta guariba,brown howler monkey,Mammalia,Primates
367,569,Alouatta macconnelli,Guyanan red howler,Mammalia,Primates
368,570,Alouatta palliata,mantled howler monkey,Mammalia,Primates
369,571,Alouatta pigra,Mexican black howler monkey,Mammalia,Primates
370,573,Alouatta seniculus,red howler monkey,Mammalia,Primates
371,574,Alouatta,Alouatta,Mammalia,Primates
372,581,Alytes cisternasii,Alytes cisternasii,Amphibia,Anura
373,584,Alytes obstetricans,Alytes obstetricans,Amphibia,Anura
374,585,Amadina erythrocephala,Red-headed Finch,Aves,Passeriformes
375,586,Amadina fasciata,Cut-throat Finch,Aves,Passeriformes
376,587,Amalocichla incerta,Lesser Ground Robin,Aves,Passeriformes
377,588,Amalocichla sclateriana,Greater Ground Robin,Aves,Passeriformes
378,589,Amandava amandava,Red Avadavat,Aves,Passeriformes
379,590,Amandava formosa,Green Avadavat,Aves,Passeriformes
380,591,Amandava subflava,Orange-breasted Waxbill,Aves,Passeriformes
381,593,Amaurolimnas concolor,Uniform Crake,Aves,Gruiformes
382,594,Zapornia akool,Brown Crake,Aves,Gruiformes
383,595,Zapornia flavirostra,Black Crake,Aves,Gruiformes
384,597,Amaurornis isabellina,Isabelline Bush-hen,Aves,Gruiformes
385,599,Amaurornis moluccana,Pale-vented Bush-hen,Aves,Gruiformes
386,600,Amaurornis olivacea,Plain Bush-hen,Aves,Gruiformes
387,601,Zapornia olivieri,Sakalava Rail,Aves,Gruiformes
388,602,Amaurornis phoenicurus,White-breasted Waterhen,Aves,Gruiformes
389,603,Amaurospiza aequatorialis,Ecuadorian Seedeater,Aves,Passeriformes
390,605,Amaurospiza concolor,Blue Seedeater,Aves,Passeriformes
391,606,Amaurospiza moesta,Blackish-blue Seedeater,Aves,Passeriformes
392,607,Amazilis amazilia,Amazilia Hummingbird,Aves,Apodiformes
393,609,Chrysuronia boucardi,Mangrove Hummingbird,Aves,Apodiformes
394,610,Amazilia luciae,Honduran Emerald,Aves,Apodiformes
395,611,Amazilia rutila,Cinnamon Hummingbird,Aves,Apodiformes
396,612,Amazilia tzacatl,Rufous-tailed Hummingbird,Aves,Apodiformes
397,613,Amazilia yucatanensis,Buff-bellied Hummingbird,Aves,Apodiformes
398,614,Amazona aestiva,Turquoise-fronted Amazon,Aves,Psittaciformes
399,615,Amazona agilis,Black-billed Amazon,Aves,Psittaciformes
400,616,Amazona albifrons,White-fronted Amazon,Aves,Psittaciformes
401,617,Amazona amazonica,Orange-winged Amazon,Aves,Psittaciformes
402,618,Amazona arausiaca,Red-necked Amazon,Aves,Psittaciformes
403,619,Amazona auropalliata,Yellow-naped Amazon,Aves,Psittaciformes
404,620,Amazona autumnalis,Red-lored Amazon,Aves,Psittaciformes
405,621,Amazona diadema,Diademed Amazon,Aves,Psittaciformes
406,622,Amazona barbadensis,Yellow-shouldered Amazon,Aves,Psittaciformes
407,623,Amazona brasiliensis,Red-tailed Amazon,Aves,Psittaciformes
408,624,Amazona collaria,Yellow-billed Amazon,Aves,Psittaciformes
409,625,Amazona dufresniana,Blue-cheeked Amazon,Aves,Psittaciformes
410,626,Amazona farinosa,Mealy Amazon,Aves,Psittaciformes
411,627,Amazona guatemalae,Amazona guatemalae,Aves,Psittaciformes
412,628,Amazona festiva,Festive Amazon,Aves,Psittaciformes
413,629,Amazona finschi,Lilac-crowned Amazon,Aves,Psittaciformes
414,630,Amazona guildingii,St. Vincent Amazon,Aves,Psittaciformes
415,631,Amazona imperialis,Imperial Amazon,Aves,Psittaciformes
416,632,Amazona kawalli,Kawall's Amazon,Aves,Psittaciformes
417,633,Amazona leucocephala,Cuban Amazon,Aves,Psittaciformes
418,634,Amazona mercenarius,Scaly-naped Amazon,Aves,Psittaciformes
419,635,Amazona ochrocephala,Yellow-crowned Amazon,Aves,Psittaciformes
420,636,Amazona oratrix,Yellow-headed Amazon,Aves,Psittaciformes
421,637,Amazona pretrei,Red-spectacled Amazon,Aves,Psittaciformes
422,638,Amazona rhodocorytha,Red-browed Amazon,Aves,Psittaciformes
423,640,Amazona tucumana,Tucuman Amazon,Aves,Psittaciformes
424,641,Amazona ventralis,Hispaniolan Amazon,Aves,Psittaciformes
425,642,Amazona versicolor,St. Lucia Amazon,Aves,Psittaciformes
426,643,Amazona vinacea,Vinaceous-breasted Amazon,Aves,Psittaciformes
427,644,Amazona viridigenalis,Red-crowned Amazon,Aves,Psittaciformes
428,645,Amazona vittata,Puerto Rican Amazon,Aves,Psittaciformes
429,646,Amazona xantholora,Yucatan Amazon,Aves,Psittaciformes
430,647,Amazonetta brasiliensis,Brazilian Teal,Aves,Anseriformes
431,652,Amblycercus holosericeus,Yellow-billed Cacique,Aves,Passeriformes
432,653,Amblycorypha alexanderi,Clicker Round-winged Katydid,Insecta,Orthoptera
433,654,Amblycorypha arenicola,sandhill virtuoso katydid,Insecta,Orthoptera
434,655,Amblycorypha bartrami,Bartram's round-winged katydid,Insecta,Orthoptera
435,657,Amblycorypha carinata,carinate katydid,Insecta,Orthoptera
436,658,Amblycorypha floridana,Florida false katydid,Insecta,Orthoptera
437,659,Amblycorypha huasteca,Texas false katydid,Insecta,Orthoptera
438,661,Amblycorypha longinicta,common virtuoso katydid,Insecta,Orthoptera
439,662,Amblycorypha oblongifolia,Oblong-winged Katydid,Insecta,Orthoptera
440,665,Amblycorypha rotundifolia,rattler round-winged katydid,Insecta,Orthoptera
441,667,Amblycorypha,Amblycorypha,Insecta,Orthoptera
442,670,Amblyornis inornata,Vogelkop Bowerbird,Aves,Passeriformes
443,671,Amblyornis macgregoriae,MacGregor's Bowerbird,Aves,Passeriformes
444,674,Amblyospiza albifrons,Thick-billed Weaver,Aves,Passeriformes
445,675,Amblyramphus holosericeus,Scarlet-headed Blackbird,Aves,Passeriformes
446,684,Ameerega hahneli,Ameerega hahneli,Amphibia,Anura
447,688,Ameerega picta,Ameerega picta,Amphibia,Anura
448,691,Ameerega trivittata,Ameerega trivittata,Amphibia,Anura
449,698,Amietia delalandii,Amietia delalandii,Amphibia,Anura
450,699,Amietia fuscigula,Amietia fuscigula,Amphibia,Anura
451,700,Amietia poyntoni,Amietia poyntoni,Amphibia,Anura
452,705,Ammodramus aurifrons,Yellow-browed Sparrow,Aves,Passeriformes
453,706,Ammodramus humeralis,Grassland Sparrow,Aves,Passeriformes
454,707,Ammodramus savannarum,Grasshopper Sparrow,Aves,Passeriformes
455,708,Ammomanes cinctura,Bar-tailed Lark,Aves,Passeriformes
456,709,Ammomanes deserti,Desert Lark,Aves,Passeriformes
457,710,Ammomanes phoenicura,Rufous-tailed Lark,Aves,Passeriformes
458,711,Ammomanopsis grayi,Gray's Lark,Aves,Passeriformes
459,712,Ammonastes pelzelni,Grey-bellied Antbird,Aves,Passeriformes
460,713,Ammoperdix griseogularis,See-see Partridge,Aves,Galliformes
461,714,Ammoperdix heyi,Sand Partridge,Aves,Galliformes
462,716,Ammospermophilus harrisii,Ammospermophilus harrisii,Mammalia,Rodentia
463,719,Ammospiza caudacuta,Saltmarsh Sparrow,Aves,Passeriformes
464,720,Ammospiza leconteii,LeConte's Sparrow,Aves,Passeriformes
465,721,Ammospiza maritima,Seaside Sparrow,Aves,Passeriformes
466,722,Ammospiza nelsoni,Nelson's Sparrow,Aves,Passeriformes
467,732,Ampeliceps coronatus,Golden-crested Myna,Aves,Passeriformes
468,733,Ampelioides tschudii,Scaled Fruiteater,Aves,Passeriformes
469,734,Ampelion rubrocristatus,Red-crested Cotinga,Aves,Passeriformes
470,735,Ampelion rufaxilla,Chestnut-crested Cotinga,Aves,Passeriformes
471,736,Ampelornis griseiceps,Grey-headed Antbird,Aves,Passeriformes
472,740,Amphipsalta cingulata,Amphipsalta cingulata,Insecta,Hemiptera
473,741,Amphipsalta strepitans,Amphipsalta strepitans,Insecta,Hemiptera
474,742,Amphipsalta zelandica,Amphipsalta zelandica,Insecta,Hemiptera
475,743,Amphispiza bilineata,Black-throated Sparrow,Aves,Passeriformes
476,744,Amphispizopsis quinquestriata,Five-striped Sparrow,Aves,Passeriformes
477,748,Amytornis ballarae,Kalkadoon Grasswren,Aves,Passeriformes
478,749,Amytornis barbatus,Grey Grasswren,Aves,Passeriformes
479,750,Amytornis dorotheae,Carpentarian Grasswren,Aves,Passeriformes
480,751,Amytornis goyderi,Eyrean Grasswren,Aves,Passeriformes
481,752,Amytornis housei,Black Grasswren,Aves,Passeriformes
482,753,Amytornis merrotsyi,Short-tailed Grasswren,Aves,Passeriformes
483,754,Amytornis modestus,Thick-billed Grasswren,Aves,Passeriformes
484,755,Amytornis textilis,Western Grasswren,Aves,Passeriformes
485,756,Amytornis oweni,Sandhill Grasswren,Aves,Passeriformes
486,757,Amytornis purnelli,Dusky Grasswren,Aves,Passeriformes
487,758,Amytornis rowleyi,Opalton Grasswren,Aves,Passeriformes
488,759,Amytornis striatus,Striated Grasswren,Aves,Passeriformes
489,760,Amytornis whitei,Pilbara Grasswren,Aves,Passeriformes
490,762,Anabacerthia amaurotis,White-browed Foliage-gleaner,Aves,Passeriformes
491,763,Anabacerthia lichtensteini,Ochre-breasted Foliage-gleaner,Aves,Passeriformes
492,764,Anabacerthia ruficaudata,Rufous-tailed Foliage-gleaner,Aves,Passeriformes
493,765,Anabacerthia striaticollis,Montane Foliage-gleaner,Aves,Passeriformes
494,766,Anabacerthia variegaticeps,Scaly-throated Foliage-gleaner,Aves,Passeriformes
495,767,Anarhynchus montanus,Mountain Plover,Insecta,Diptera
496,768,Anarhynchus pallidus,Chestnut-banded Plover,Insecta,Diptera
497,771,Anabathmis newtonii,Newton's Sunbird,Aves,Passeriformes
498,772,Anabathmis reichenbachii,Reichenbach's Sunbird,Aves,Passeriformes
499,773,Anabazenops dorsalis,Bamboo Foliage-gleaner,Aves,Passeriformes
500,774,Anabazenops fuscus,White-collared Foliage-gleaner,Aves,Passeriformes
501,776,Anabrus simplex,Anabrus simplex,Insecta,Orthoptera
502,780,Anadrymadusa ornatipennis,Anadrymadusa ornatipennis,Insecta,Orthoptera
503,783,Uromyias agilis,Agile Tit-Tyrant,Aves,Passeriformes
504,784,Uromyias agraphia,Unstreaked Tit-Tyrant,Aves,Passeriformes
505,785,Anairetes alpinus,Ash-breasted Tit-Tyrant,Aves,Passeriformes
506,786,Anairetes fernandezianus,Juan Fernandez Tit-Tyrant,Aves,Passeriformes
507,787,Anairetes flavirostris,Yellow-billed Tit-Tyrant,Aves,Passeriformes
508,788,Anairetes nigrocristatus,Black-crested Tit-Tyrant,Aves,Passeriformes
509,789,Anairetes parulus,Tufted Tit-Tyrant,Aves,Passeriformes
510,790,Anairetes reguloides,Pied-crested Tit-Tyrant,Aves,Passeriformes
511,791,Anaplectes rubriceps,Red-headed Weaver,Aves,Passeriformes
512,792,Anapsaltoda pulchra,Anapsaltoda pulchra,Insecta,Hemiptera
513,793,Anarhynchus alexandrinus,Kentish Plover,Aves,Charadriiformes
514,795,Anarhynchus alticola,Puna Plover,Aves,Charadriiformes
515,798,Anarhynchus atrifrons,Tibetan Sand Plover,Aves,Charadriiformes
516,799,Anarhynchus bicinctus,Double-banded Plover,Aves,Charadriiformes
517,800,Anarhynchus collaris,Collared Plover,Aves,Charadriiformes
518,801,Anarhynchus dealbatus,White-faced Plover,Aves,Charadriiformes
519,802,Anarhynchus falklandicus,Two-banded Plover,Aves,Charadriiformes
520,803,Anarhynchus frontalis,Wrybill,Aves,Charadriiformes
521,805,Anarhynchus leschenaultii,Greater Sand Plover,Aves,Charadriiformes
522,807,Anarhynchus marginatus,White-fronted Plover,Aves,Charadriiformes
523,808,Anarhynchus mongolus,Siberian Sand Plover,Aves,Charadriiformes
524,809,Anarhynchus nivosus,Snowy Plover,Aves,Charadriiformes
525,810,Anarhynchus obscurus,New Zealand Plover,Aves,Charadriiformes
526,811,Anarhynchus pecuarius,Kittlitz's Plover,Aves,Charadriiformes
527,812,Anarhynchus peronii,Malaysian Plover,Aves,Charadriiformes
528,813,Anarhynchus ruficapillus,Red-capped Plover,Aves,Charadriiformes
529,815,Anarhynchus wilsonia,Wilson's Plover,Aves,Charadriiformes
530,816,Anas acuta,Northern Pintail,Aves,Anseriformes
531,817,Anas albogularis,Andaman Teal,Aves,Anseriformes
532,818,Anas andium,Andean Teal,Aves,Anseriformes
533,819,Anas bahamensis,White-cheeked Pintail,Aves,Anseriformes
534,821,Anas capensis,Cape Teal,Aves,Anseriformes
535,822,Anas carolinensis,Green-winged Teal,Aves,Anseriformes
536,823,Anas castanea,Chestnut Teal,Aves,Anseriformes
537,824,Anas chlorotis,Brown Teal,Aves,Anseriformes
538,825,Spatula clypeata,Northern Shoveler,Aves,Anseriformes
539,827,Anas crecca,Eurasian Teal,Aves,Anseriformes
540,828,Spatula cyanoptera,Cinnamon Teal,Aves,Anseriformes
541,830,Anas diazi,Mexican Duck,Aves,Anseriformes
542,832,Anas erythrorhyncha,Red-billed Teal,Aves,Anseriformes
543,833,Mareca falcata,Falcated Duck,Aves,Anseriformes
544,835,Anas flavirostris,Yellow-billed Teal,Aves,Anseriformes
545,836,Sibirionetta formosa,Baikal Teal,Aves,Anseriformes
546,838,Anas fulvigula,Mottled Duck,Aves,Anseriformes
547,839,Anas georgica,Yellow-billed Pintail,Aves,Anseriformes
548,840,Anas gibberifrons,Sunda Teal,Aves,Anseriformes
549,841,Anas gracilis,Grey Teal,Aves,Anseriformes
550,844,Anas laysanensis,Laysan Duck,Aves,Anseriformes
551,845,Anas luzonica,Philippine Duck,Aves,Anseriformes
552,846,Anas melleri,Meller's Duck,Aves,Anseriformes
553,847,Anas nesiotis,Campbell Teal,Aves,Anseriformes
554,848,Mareca penelope,Eurasian Wigeon,Aves,Anseriformes
555,850,Spatula platalea,Red Shoveler,Aves,Anseriformes
556,852,Anas platyrhynchos,Mallard,Aves,Anseriformes
557,853,Anas poecilorhyncha,Indian Spot-billed Duck,Aves,Anseriformes
558,854,Spatula querquedula,Garganey,Aves,Anseriformes
559,856,Anas rubripes,American Black Duck,Aves,Anseriformes
560,857,Mareca sibilatrix,Chiloe Wigeon,Aves,Anseriformes
561,859,Spatula smithii,Cape Shoveler,Aves,Anseriformes
562,861,Anas sparsa,African Black Duck,Aves,Anseriformes
563,862,Mareca strepera,Gadwall,Aves,Anseriformes
564,864,Anas superciliosa,Pacific Black Duck,Aves,Anseriformes
565,865,Anas undulata,Yellow-billed Duck,Aves,Anseriformes
566,866,Anas wyvilliana,Hawaiian Duck,Aves,Anseriformes
567,867,Anas zonorhyncha,Eastern Spot-billed Duck,Aves,Anseriformes
568,869,Anastomus lamelligerus,African Openbill,Aves,Ciconiiformes
569,870,Anastomus oscitans,Asian Openbill,Aves,Ciconiiformes
570,873,Anaxipha delicatula,chirping trig,Insecta,Orthoptera
571,874,Anaxipha exigua,Say's Trig,Insecta,Orthoptera
572,877,Anaxipha imitator,Cuban trig,Insecta,Orthoptera
573,879,Anaxipha litarena,beach trig,Insecta,Orthoptera
574,885,Anaxipha tinnulacita,Anaxipha tinnulacita,Insecta,Orthoptera
575,886,Anaxipha tinnulenta,Anaxipha tinnulenta,Insecta,Orthoptera
576,887,Anaxipha vernalis,Spring trig,Insecta,Orthoptera
577,888,Anaxipha,Anaxipha,Insecta,Orthoptera
578,889,Anaxyrus americanus,American Toad,Amphibia,Anura
579,890,Anaxyrus boreas,Anaxyrus boreas,Amphibia,Anura
580,891,Anaxyrus californicus,Arroyo Toad,Amphibia,Anura
581,892,Anaxyrus canorus,Yosemite Toad,Amphibia,Anura
582,893,Anaxyrus cognatus,Great Plains Toad,Amphibia,Anura
583,895,Anaxyrus debilis,Green Toad,Amphibia,Anura
584,897,Anaxyrus fowleri,Fowler's Toad,Amphibia,Anura
585,898,Anaxyrus hemiophrys,Canadian Toad,Amphibia,Anura
586,900,Anaxyrus houstonensis,Houston Toad,Amphibia,Anura
587,903,Anaxyrus microscaphus,Arizona Toad,Amphibia,Anura
588,905,Anaxyrus punctatus,Red-spotted Toad,Amphibia,Anura
589,906,Anaxyrus quercicus,Oak Toad,Amphibia,Anura
590,908,Anaxyrus speciosus,Texas Toad,Amphibia,Anura
591,909,Anaxyrus terrestris,Southern Toad,Amphibia,Anura
592,911,Anaxyrus woodhousii,Woodhouse's Toad,Amphibia,Anura
593,913,Ancistrops strigilatus,Chestnut-winged Hookbill,Aves,Passeriformes
594,915,Andigena cucullata,Hooded Mountain Toucan,Aves,Piciformes
595,916,Andigena hypoglauca,Grey-breasted Mountain Toucan,Aves,Piciformes
596,917,Andigena laminirostris,Plate-billed Mountain Toucan,Aves,Piciformes
597,918,Andigena nigrirostris,Black-billed Mountain Toucan,Aves,Piciformes
598,922,Andinobates opisthomelas,Andinobates opisthomelas,Amphibia,Anura
599,925,Androdon aequatorialis,Tooth-billed Hummingbird,Aves,Apodiformes
600,926,Andropadus importunus,Sombre Greenbul,Aves,Passeriformes
601,944,Anhima cornuta,Horned Screamer,Aves,Anseriformes
602,945,Anhinga anhinga,Anhinga,Aves,Suliformes
603,946,Anhinga melanogaster,Oriental Darter,Aves,Suliformes
604,947,Anhinga novaehollandiae,Australasian Darter,Aves,Suliformes
605,948,Anhinga rufa,African Darter,Aves,Suliformes
606,951,Anhydrophryne rattrayi,Anhydrophryne rattrayi,Amphibia,Anura
607,952,Animalia,Animals,Animalia,Animalia
608,953,Anisognathus igniventris,Scarlet-bellied Mountain Tanager,Aves,Passeriformes
609,954,Anisognathus lacrymosus,Lacrimose Mountain Tanager,Aves,Passeriformes
610,955,Anisognathus melanogenys,Santa Marta Mountain Tanager,Aves,Passeriformes
611,956,Anisognathus notabilis,Black-chinned Mountain Tanager,Aves,Passeriformes
612,957,Anisognathus somptuosus,Blue-winged Mountain Tanager,Aves,Passeriformes
613,959,Anodorhynchus hyacinthinus,Hyacinth Macaw,Aves,Psittaciformes
614,960,Anodorhynchus leari,Lear's Macaw,Aves,Psittaciformes
615,964,Anomaloglossus baeobatrachus,Anomaloglossus baeobatrachus,Amphibia,Anura
616,967,Anomalospiza imberbis,Cuckoo-finch,Aves,Passeriformes
617,975,Anopetia gounellei,Broad-tipped Hermit,Aves,Apodiformes
618,980,Anorrhinus austeni,Austen's Brown Hornbill,Aves,Bucerotiformes
619,981,Anorrhinus galeritus,Bushy-crested Hornbill,Aves,Bucerotiformes
620,982,Anorrhinus tickelli,Tickell's Brown Hornbill,Aves,Bucerotiformes
621,985,Anous minutus,Black Noddy,Aves,Charadriiformes
622,986,Anous stolidus,Brown Noddy,Aves,Charadriiformes
623,987,Anous tenuirostris,Lesser Noddy,Aves,Charadriiformes
624,988,Anser albifrons,Greater White-fronted Goose,Aves,Anseriformes
625,989,Anser anser,Greylag Goose,Aves,Anseriformes
626,991,Anser brachyrhynchus,Pink-footed Goose,Aves,Anseriformes
627,992,Anser caerulescens,Snow Goose,Aves,Anseriformes
628,994,Anser canagicus,Emperor Goose,Aves,Anseriformes
629,996,Anser cygnoides,Swan Goose,Aves,Anseriformes
630,998,Anser erythropus,Lesser White-fronted Goose,Aves,Anseriformes
631,999,Anser fabalis,Taiga Bean Goose,Aves,Anseriformes
632,1000,Anser indicus,Bar-headed Goose,Aves,Anseriformes
633,1001,Anser rossii,Ross's Goose,Aves,Anseriformes
634,1003,Anser serrirostris,Tundra Bean Goose,Aves,Anseriformes
635,1004,Anseranas semipalmata,Magpie Goose,Aves,Anseriformes
636,1024,Anthipes monileger,White-gorgeted Flycatcher,Aves,Passeriformes
637,1025,Anthipes solitaris,Rufous-browed Flycatcher,Aves,Passeriformes
638,1026,Anthobaphes violacea,Orange-breasted Sunbird,Aves,Passeriformes
639,1028,Anthocephala floriceps,Santa Marta Blossomcrown,Aves,Apodiformes
640,1029,Anthochaera carunculata,Red Wattlebird,Aves,Passeriformes
641,1030,Anthochaera chrysoptera,Little Wattlebird,Aves,Passeriformes
642,1031,Anthochaera lunulata,Western Wattlebird,Aves,Passeriformes
643,1032,Anthochaera paradoxa,Yellow Wattlebird,Aves,Passeriformes
644,1033,Anthochaera phrygia,Regent Honeyeater,Aves,Passeriformes
645,1034,Hydrornis phayrei,Eared Pitta,Aves,Passeriformes
646,1039,Anthornis melanura,New Zealand Bellbird,Aves,Passeriformes
647,1040,Anthoscopus caroli,Grey Penduline Tit,Aves,Passeriformes
648,1041,Anthoscopus flavifrons,Forest Penduline Tit,Aves,Passeriformes
649,1042,Anthoscopus minutus,Cape Penduline Tit,Aves,Passeriformes
650,1043,Anthoscopus musculus,Mouse-colored Penduline Tit,Aves,Passeriformes
651,1044,Anthoscopus parvulus,Yellow Penduline Tit,Aves,Passeriformes
652,1045,Anthoscopus punctifrons,Sennar Penduline Tit,Aves,Passeriformes
653,1046,Anthracoceros albirostris,Oriental Pied Hornbill,Aves,Bucerotiformes
654,1047,Anthracoceros coronatus,Malabar Pied Hornbill,Aves,Bucerotiformes
655,1048,Anthracoceros malayanus,Black Hornbill,Aves,Bucerotiformes
656,1049,Anthracoceros marchei,Palawan Hornbill,Aves,Bucerotiformes
657,1050,Anthracoceros montani,Sulu Hornbill,Aves,Bucerotiformes
658,1051,Anthracothorax aurulentus,Puerto Rican Mango,Aves,Apodiformes
659,1052,Anthracothorax dominicus,Hispaniolan Mango,Aves,Apodiformes
660,1053,Anthracothorax mango,Jamaican Mango,Aves,Apodiformes
661,1054,Anthracothorax nigricollis,Black-throated Mango,Aves,Apodiformes
662,1055,Anthracothorax prevostii,Green-breasted Mango,Aves,Apodiformes
663,1056,Anthracothorax veraguensis,Veraguan Mango,Aves,Apodiformes
664,1057,Anthracothorax viridigula,Green-throated Mango,Aves,Apodiformes
665,1058,Anthracothorax viridis,Green Mango,Aves,Apodiformes
666,1060,Anthreptes anchietae,Anchieta's Sunbird,Aves,Passeriformes
667,1062,Anthreptes gabonicus,Mangrove Sunbird,Aves,Passeriformes
668,1064,Anthreptes longuemarei,Western Violet-backed Sunbird,Aves,Passeriformes
669,1065,Anthreptes malacensis,Brown-throated Sunbird,Aves,Passeriformes
670,1067,Anthreptes orientalis,Eastern Violet-backed Sunbird,Aves,Passeriformes
671,1068,Anthreptes rectirostris,Yellow-chinned Sunbird,Aves,Passeriformes
672,1069,Anthreptes tephrolaemus,Grey-chinned Sunbird,Aves,Passeriformes
673,1070,Anthreptes reichenowi,Plain-backed Sunbird,Aves,Passeriformes
674,1071,Anthreptes rhodolaemus,Red-throated Sunbird,Aves,Passeriformes
675,1073,Anthreptes seimundi,Little Green Sunbird,Aves,Passeriformes
676,1074,Anthreptes simplex,Plain Sunbird,Aves,Passeriformes
677,1076,Anthropoides paradiseus,Blue Crane,Aves,Gruiformes
678,1078,Anthropoides virgo,Demoiselle Crane,Aves,Gruiformes
679,1081,Anthus antarcticus,South Georgia Pipit,Aves,Passeriformes
680,1082,Anthus australis,Australian Pipit,Aves,Passeriformes
681,1083,Anthus berthelotii,Berthelot's Pipit,Aves,Passeriformes
682,1084,Anthus bogotensis,Paramo Pipit,Aves,Passeriformes
683,1085,Anthus brachyurus,Short-tailed Pipit,Aves,Passeriformes
684,1086,Anthus brevirostris,Puna Pipit,Aves,Passeriformes
685,1087,Anthus caffer,Bushveld Pipit,Aves,Passeriformes
686,1088,Anthus campestris,Tawny Pipit,Aves,Passeriformes
687,1089,Anthus cervinus,Red-throated Pipit,Aves,Passeriformes
688,1090,Anthus chacoensis,Pampas Pipit,Aves,Passeriformes
689,1091,Anthus chii,Yellowish Pipit,Aves,Passeriformes
690,1092,Hemimacronyx chloris,Yellow-breasted Pipit,Aves,Passeriformes
691,1094,Anthus cinnamomeus,African Pipit,Aves,Passeriformes
692,1095,Anthus correndera,Correndera Pipit,Aves,Passeriformes
693,1096,Anthus crenatus,African Rock Pipit,Aves,Passeriformes
694,1097,Anthus furcatus,Short-billed Pipit,Aves,Passeriformes
695,1098,Anthus godlewskii,Blyth's Pipit,Aves,Passeriformes
696,1099,Anthus gustavi,Pechora Pipit,Aves,Passeriformes
697,1100,Anthus gutturalis,Alpine Pipit,Aves,Passeriformes
698,1101,Anthus hellmayri,Hellmayr's Pipit,Aves,Passeriformes
699,1102,Anthus hodgsoni,Olive-backed Pipit,Aves,Passeriformes
700,1103,Anthus hoeschi,Mountain Pipit,Aves,Passeriformes
701,1104,Anthus japonicus,Siberian Pipit,Aves,Passeriformes
702,1105,Anthus leucophrys,Plain-backed Pipit,Aves,Passeriformes
703,1106,Anthus lineiventris,Striped Pipit,Aves,Passeriformes
704,1107,Anthus lutescens,Anthus lutescens,Aves,Passeriformes
705,1108,Anthus melindae,Malindi Pipit,Aves,Passeriformes
706,1109,Anthus nattereri,Ochre-breasted Pipit,Aves,Passeriformes
707,1110,Anthus nicholsoni,Nicholson's Pipit,Aves,Passeriformes
708,1111,Anthus nilghiriensis,Nilgiri Pipit,Aves,Passeriformes
709,1112,Anthus novaeseelandiae,New Zealand Pipit,Aves,Passeriformes
710,1113,Anthus nyassae,Wood Pipit,Aves,Passeriformes
711,1114,Anthus pallidiventris,Long-legged Pipit,Aves,Passeriformes
712,1115,Anthus peruvianus,Peruvian Pipit,Aves,Passeriformes
713,1116,Anthus petrosus,European Rock Pipit,Aves,Passeriformes
714,1117,Anthus pratensis,Meadow Pipit,Aves,Passeriformes
715,1118,Anthus richardi,Richard's Pipit,Aves,Passeriformes
716,1119,Anthus roseatus,Rosy Pipit,Aves,Passeriformes
717,1120,Anthus rubescens,American Pipit,Aves,Passeriformes
718,1121,Anthus rufulus,Paddyfield Pipit,Aves,Passeriformes
719,1122,Anthus similis,Long-billed Pipit,Aves,Passeriformes
720,1123,Anthus sokokensis,Sokoke Pipit,Aves,Passeriformes
721,1124,Anthus spinoletta,Water Pipit,Aves,Passeriformes
722,1125,Anthus spragueii,Sprague's Pipit,Aves,Passeriformes
723,1126,Anthus sylvanus,Upland Pipit,Aves,Passeriformes
724,1127,Anthus trivialis,Tree Pipit,Aves,Passeriformes
725,1128,Anthus vaalensis,Buffy Pipit,Aves,Passeriformes
726,1130,Antigone antigone,Sarus Crane,Aves,Gruiformes
727,1132,Antigone canadensis,Sandhill Crane,Aves,Gruiformes
728,1134,Antigone rubicunda,Brolga,Aves,Gruiformes
729,1136,Antigone vipio,White-naped Crane,Aves,Gruiformes
730,1141,Chiroxiphia bokermanni,Araripe Manakin,Aves,Passeriformes
731,1142,Chiroxiphia galeata,Helmeted Manakin,Aves,Passeriformes
732,1144,Antiurus maculicaudus,Spot-tailed Nightjar,Aves,Caprimulgiformes
733,1145,Antrostomus arizonae,Mexican Whip-poor-will,Aves,Caprimulgiformes
734,1146,Antrostomus badius,Yucatan Nightjar,Aves,Caprimulgiformes
735,1147,Antrostomus carolinensis,Chuck-will's-widow,Aves,Caprimulgiformes
736,1148,Antrostomus cubanensis,Cuban Nightjar,Aves,Caprimulgiformes
737,1149,Antrostomus ekmani,Hispaniolan Nightjar,Aves,Caprimulgiformes
738,1150,Antrostomus noctitherus,Puerto Rican Nightjar,Aves,Caprimulgiformes
739,1151,Antrostomus ridgwayi,Buff-collared Nightjar,Aves,Caprimulgiformes
740,1152,Antrostomus rufus,Rufous Nightjar,Aves,Caprimulgiformes
741,1153,Antrostomus salvini,Tawny-collared Nightjar,Aves,Caprimulgiformes
742,1154,Antrostomus saturatus,Dusky Nightjar,Aves,Caprimulgiformes
743,1155,Antrostomus sericocaudatus,Silky-tailed Nightjar,Aves,Caprimulgiformes
744,1156,Antrostomus vociferus,Eastern Whip-poor-will,Aves,Caprimulgiformes
745,1158,Anumara forbesi,Forbes's Blackbird,Aves,Passeriformes
746,1159,Anumbius annumbi,Firewood-gatherer,Aves,Passeriformes
747,1164,Anurogryllus arboreus,common short-tailed cricket ,Insecta,Orthoptera
748,1165,Anurogryllus celerinictus,Indies short-tailed cricket ,Insecta,Orthoptera
749,1166,Anurogryllus muticus,Anurogryllus muticus,Insecta,Orthoptera
750,1169,Anurolimnas castaneiceps,Chestnut-headed Crake,Aves,Gruiformes
751,1171,Anurolimnas fasciatus,Black-banded Crake,Aves,Gruiformes
752,1173,Rufirallus viridis,Russet-crowned Crake,Aves,Gruiformes
753,1175,Aotus azarae,Azara's night monkey,Mammalia,Primates
754,1179,Aotus trivirgatus,northern night monkey,Mammalia,Primates
755,1181,Aotus,Aotus,Mammalia,Primates
756,1182,Apalharpactes mackloti,Sumatran Trogon,Aves,Trogoniformes
757,1183,Apalharpactes reinwardtii,Javan Trogon,Aves,Trogoniformes
758,1184,Apalis alticola,Brown-headed Apalis,Aves,Passeriformes
759,1186,Apalis binotata,Lowland Masked Apalis,Aves,Passeriformes
760,1187,Apalis chapini,Chapin's Apalis,Aves,Passeriformes
761,1188,Apalis chariessa,White-winged Apalis,Aves,Passeriformes
762,1189,Apalis chirindensis,Chirinda Apalis,Aves,Passeriformes
763,1190,Apalis cinerea,Grey Apalis,Aves,Passeriformes
764,1191,Apalis flavida,Yellow-breasted Apalis,Aves,Passeriformes
765,1192,Apalis flavocincta,Brown-tailed Apalis,Aves,Passeriformes
766,1194,Apalis fuscigularis,Taita Apalis,Aves,Passeriformes
767,1196,Apalis jacksoni,Black-throated Apalis,Aves,Passeriformes
768,1197,Apalis karamojae,Karamoja Apalis,Aves,Passeriformes
769,1199,Apalis melanocephala,Black-headed Apalis,Aves,Passeriformes
770,1200,Apalis nigriceps,Black-capped Apalis,Aves,Passeriformes
771,1201,Apalis personata,Mountain Masked Apalis,Aves,Passeriformes
772,1202,Apalis porphyrolaema,Chestnut-throated Apalis,Aves,Passeriformes
773,1203,Apalis ruddi,Rudd's Apalis,Aves,Passeriformes
774,1204,Apalis rufogularis,Buff-throated Apalis,Aves,Passeriformes
775,1205,Apalis sharpii,Sharpe's Apalis,Aves,Passeriformes
776,1206,Apalis stronachi,Maasai Apalis,Aves,Passeriformes
777,1207,Apalis thoracica,Bar-throated Apalis,Aves,Passeriformes
778,1208,Apaloderma aequatoriale,Bare-cheeked Trogon,Aves,Trogoniformes
779,1209,Apaloderma narina,Narina Trogon,Aves,Trogoniformes
780,1210,Apaloderma vittatum,Bar-tailed Trogon,Aves,Trogoniformes
781,1212,Apalopteron familiare,Bonin White-eye,Aves,Passeriformes
782,1214,Aphanotriccus audax,Black-billed Flycatcher,Aves,Passeriformes
783,1215,Aphanotriccus capitalis,Tawny-chested Flycatcher,Aves,Passeriformes
784,1216,Aphelocephala leucopsis,Southern Whiteface,Aves,Passeriformes
785,1217,Aphelocephala nigricincta,Banded Whiteface,Aves,Passeriformes
786,1218,Aphelocephala pectoralis,Chestnut-breasted Whiteface,Aves,Passeriformes
787,1219,Aphelocoma californica,California Scrub Jay,Aves,Passeriformes
788,1220,Aphelocoma coerulescens,Florida Scrub Jay,Aves,Passeriformes
789,1221,Aphelocoma insularis,Island Scrub Jay,Aves,Passeriformes
790,1222,Aphelocoma ultramarina,Transvolcanic Jay,Aves,Passeriformes
791,1223,Aphelocoma unicolor,Unicolored Jay,Aves,Passeriformes
792,1224,Aphelocoma wollweberi,Mexican Jay,Aves,Passeriformes
793,1225,Aphelocoma woodhouseii,Woodhouse's Scrub Jay,Aves,Passeriformes
794,1229,Aphrastura spinicauda,Thorn-tailed Rayadito,Aves,Passeriformes
795,1232,Apis cerana,Apis cerana,Insecta,Hymenoptera
796,1234,Apis mellifera,honey bee,Insecta,Hymenoptera
797,1237,Aplastodiscus arildae,Aplastodiscus arildae,Amphibia,Anura
798,1242,Aplastodiscus leucopygius,Aplastodiscus leucopygius,Amphibia,Anura
799,1244,Aplastodiscus perviridis,Aplastodiscus perviridis,Amphibia,Anura
800,1247,Aplonis atrifusca,Samoan Starling,Aves,Passeriformes
801,1249,Aplonis cantoroides,Singing Starling,Aves,Passeriformes
802,1250,Aplonis cinerascens,Rarotonga Starling,Aves,Passeriformes
803,1252,Aplonis dichroa,Makira Starling,Aves,Passeriformes
804,1254,Aplonis grandis,Brown-winged Starling,Aves,Passeriformes
805,1256,Aplonis magna,Long-tailed Starling,Aves,Passeriformes
806,1257,Aplonis metallica,Metallic Starling,Aves,Passeriformes
807,1258,Aplonis minor,Short-tailed Starling,Aves,Passeriformes
808,1259,Aplonis mysolensis,Moluccan Starling,Aves,Passeriformes
809,1260,Aplonis opaca,Micronesian Starling,Aves,Passeriformes
810,1261,Aplonis panayensis,Asian Glossy Starling,Aves,Passeriformes
811,1262,Aplonis striata,Striated Starling,Aves,Passeriformes
812,1263,Aplonis tabuensis,Polynesian Starling,Aves,Passeriformes
813,1265,Aplopelia larvata,Lemon Dove,Aves,Columbiformes
814,1268,Aprositornis disjuncta,Yapacana Antbird,Aves,Passeriformes
815,1269,Aprosmictus erythropterus,Red-winged Parrot,Aves,Psittaciformes
816,1271,Aptenodytes forsteri,Emperor Penguin,Aves,Sphenisciformes
817,1272,Aptenodytes patagonicus,King Penguin,Aves,Sphenisciformes
818,1274,Apteryx australis,Southern Brown Kiwi,Aves,Apterygiformes
819,1275,Apteryx maxima,Great Spotted Kiwi,Aves,Apterygiformes
820,1276,Apteryx mantelli,North Island Brown Kiwi,Aves,Apterygiformes
821,1278,Apteryx owenii,Little Spotted Kiwi,Aves,Apterygiformes
822,1279,Apteryx rowi,Okarito Kiwi,Aves,Apterygiformes
823,1281,Apus affinis,Little Swift,Aves,Apodiformes
824,1283,Apus apus,Common Swift,Aves,Apodiformes
825,1284,Apus balstoni,Malagasy Black Swift,Aves,Apodiformes
826,1285,Apus barbatus,African Black Swift,Aves,Apodiformes
827,1287,Apus berliozi,Forbes-Watson's Swift,Aves,Apodiformes
828,1288,Apus bradfieldi,Bradfield's Swift,Aves,Apodiformes
829,1289,Apus caffer,White-rumped Swift,Aves,Apodiformes
830,1290,Apus cooki,Cook's Swift,Aves,Apodiformes
831,1291,Apus horus,Horus Swift,Aves,Apodiformes
832,1293,Tachymarptis melba,Alpine Swift,Aves,Apodiformes
833,1295,Apus niansae,Nyanza Swift,Aves,Apodiformes
834,1296,Apus nipalensis,House Swift,Aves,Apodiformes
835,1297,Apus pacificus,Pacific Swift,Aves,Apodiformes
836,1298,Apus pallidus,Pallid Swift,Aves,Apodiformes
837,1299,Apus salimalii,Salim Ali's Swift,Aves,Apodiformes
838,1300,Apus unicolor,Plain Swift,Aves,Apodiformes
839,1302,Aquarana clamitans,Aquarana clamitans,Amphibia,Anura
840,1305,Aquila adalberti,Spanish Imperial Eagle,Aves,Accipitriformes
841,1306,Aquila africana,Cassin's Hawk-Eagle,Aves,Accipitriformes
842,1307,Aquila audax,Wedge-tailed Eagle,Aves,Accipitriformes
843,1308,Aquila chrysaetos,Golden Eagle,Aves,Accipitriformes
844,1309,Clanga clanga,Greater Spotted Eagle,Aves,Accipitriformes
845,1311,Aquila fasciata,Bonelli's Eagle,Aves,Accipitriformes
846,1313,Clanga hastata,Indian Spotted Eagle,Aves,Accipitriformes
847,1314,Aquila heliaca,Eastern Imperial Eagle,Aves,Accipitriformes
848,1315,Aquila nipalensis,Steppe Eagle,Aves,Accipitriformes
849,1316,Clanga pomarina,Lesser Spotted Eagle,Aves,Accipitriformes
850,1318,Aquila rapax,Tawny Eagle,Aves,Accipitriformes
851,1320,Aquila verreauxii,Verreaux's Eagle,Aves,Accipitriformes
852,1321,Ara ambiguus,Great Green Macaw,Aves,Psittaciformes
853,1322,Ara ararauna,Blue-and-yellow Macaw,Aves,Psittaciformes
854,1323,Ara chloropterus,Red-and-green Macaw,Aves,Psittaciformes
855,1324,Ara glaucogularis,Blue-throated Macaw,Aves,Psittaciformes
856,1325,Ara macao,Scarlet Macaw,Aves,Psittaciformes
857,1326,Ara militaris,Military Macaw,Aves,Psittaciformes
858,1327,Ara rubrogenys,Red-fronted Macaw,Aves,Psittaciformes
859,1328,Ara severus,Chestnut-fronted Macaw,Aves,Psittaciformes
860,1329,Arachnothera affinis,Streaky-breasted Spiderhunter,Aves,Passeriformes
861,1330,Arachnothera chrysogenys,Yellow-eared Spiderhunter,Aves,Passeriformes
862,1331,Arachnothera clarae,Naked-faced Spiderhunter,Aves,Passeriformes
863,1332,Arachnothera crassirostris,Thick-billed Spiderhunter,Aves,Passeriformes
864,1333,Arachnothera dilutior,Pale Spiderhunter,Aves,Passeriformes
865,1334,Arachnothera everetti,Bornean Spiderhunter,Aves,Passeriformes
866,1335,Arachnothera flammifera,Orange-tufted Spiderhunter,Aves,Passeriformes
867,1336,Arachnothera flavigaster,Spectacled Spiderhunter,Aves,Passeriformes
868,1337,Arachnothera juliae,Whitehead's Spiderhunter,Aves,Passeriformes
869,1338,Arachnothera longirostra,Little Spiderhunter,Aves,Passeriformes
870,1339,Arachnothera magna,Streaked Spiderhunter,Aves,Passeriformes
871,1340,Arachnothera modesta,Grey-breasted Spiderhunter,Aves,Passeriformes
872,1341,Arachnothera robusta,Long-billed Spiderhunter,Aves,Passeriformes
873,1343,Aramides albiventris,Russet-naped Wood Rail,Aves,Gruiformes
874,1344,Aramides axillaris,Rufous-necked Wood Rail,Aves,Gruiformes
875,1345,Aramides cajaneus,Grey-cowled Wood Rail,Aves,Gruiformes
876,1347,Aramides mangle,Little Wood Rail,Aves,Gruiformes
877,1348,Aramides saracura,Slaty-breasted Wood Rail,Aves,Gruiformes
878,1349,Aramides wolfi,Brown Wood Rail,Aves,Gruiformes
879,1350,Aramides ypecaha,Giant Wood Rail,Aves,Gruiformes
880,1352,Aramus guarauna,Limpkin,Aves,Gruiformes
881,1354,Thectocercus acuticaudatus,Blue-crowned Parakeet,Aves,Psittaciformes
882,1356,Eupsittula aurea,Peach-fronted Parakeet,Aves,Psittaciformes
883,1357,Aratinga auricapillus,Golden-capped Parakeet,Aves,Psittaciformes
884,1358,Eupsittula cactorum,Caatinga Parakeet,Aves,Psittaciformes
885,1360,Eupsittula canicularis,Orange-fronted Parakeet,Aves,Psittaciformes
886,1362,Psittacara chloropterus,Hispaniolan Parakeet,Aves,Psittaciformes
887,1363,Psittacara erythrogenys,Red-masked Parakeet,Aves,Psittaciformes
888,1365,Psittacara euops,Cuban Parakeet,Aves,Psittaciformes
889,1366,Psittacara finschi,Finsch's Parakeet,Aves,Psittaciformes
890,1369,Psittacara brevipes,Socorro Parakeet,Aves,Psittaciformes
891,1370,Psittacara holochlorus,Green Parakeet,Aves,Psittaciformes
892,1371,Psittacara rubritorquis,Red-throated Parakeet,Aves,Psittaciformes
893,1372,Aratinga jandaya,Jandaya Parakeet,Aves,Psittaciformes
894,1373,Psittacara leucophthalmus,White-eyed Parakeet,Aves,Psittaciformes
895,1374,Aratinga maculata,Sulphur-breasted Parakeet,Aves,Psittaciformes
896,1375,Psittacara mitratus,Mitred Parakeet,Aves,Psittaciformes
897,1377,Eupsittula nana,Olive-throated Parakeet,Aves,Psittaciformes
898,1379,Aratinga nenday,Nanday Parakeet,Aves,Psittaciformes
899,1381,Eupsittula pertinax,Brown-throated Parakeet,Aves,Psittaciformes
900,1383,Aratinga solstitialis,Sun Parakeet,Aves,Psittaciformes
901,1384,Psittacara strenuus,Pacific Parakeet,Aves,Psittaciformes
902,1386,Psittacara frontatus,Cordilleran Parakeet,Aves,Psittaciformes
903,1387,Psittacara wagleri,Scarlet-fronted Parakeet,Aves,Psittaciformes
904,1388,Aratinga weddellii,Dusky-headed Parakeet,Aves,Psittaciformes
905,1389,Arborophila ardens,Hainan Partridge,Aves,Galliformes
906,1390,Arborophila atrogularis,White-cheeked Partridge,Aves,Galliformes
907,1391,Arborophila brunneopectus,Bar-backed Partridge,Aves,Galliformes
908,1392,Arborophila cambodiana,Chestnut-headed Partridge,Aves,Galliformes
909,1393,Arborophila campbelli,Malayan Partridge,Aves,Galliformes
910,1394,Arborophila crudigularis,Taiwan Partridge,Aves,Galliformes
911,1395,Arborophila davidi,Orange-necked Partridge,Aves,Galliformes
912,1397,Arborophila gingica,White-necklaced Partridge,Aves,Galliformes
913,1398,Arborophila hyperythra,Red-breasted Partridge,Aves,Galliformes
914,1399,Arborophila javanica,Chestnut-bellied Partridge,Aves,Galliformes
915,1400,Arborophila mandellii,Chestnut-breasted Partridge,Aves,Galliformes
916,1403,Arborophila rubrirostris,Red-billed Partridge,Aves,Galliformes
917,1404,Arborophila rufipectus,Sichuan Partridge,Aves,Galliformes
918,1405,Arborophila rufogularis,Rufous-throated Partridge,Aves,Galliformes
919,1407,Arborophila torqueola,Hill Partridge,Aves,Galliformes
920,1408,Arcanator orostruthus,Dapple-throat,Aves,Passeriformes
921,1409,Archboldia papuensis,Archbold's Bowerbird,Aves,Passeriformes
922,1410,Archilochus alexandri,Black-chinned Hummingbird,Aves,Apodiformes
923,1411,Archilochus colubris,Ruby-throated Hummingbird,Aves,Apodiformes
924,1420,Arctocephalus gazella,Antarctic Fur Seal,Mammalia,Carnivora
925,1423,Arctocephalus pusillus pusillus,Brown Fur Seal (pusillus),Mammalia,Carnivora
926,1429,Arcyptera fusca,Arcyptera fusca,Insecta,Orthoptera
927,1431,Arcyptera microptera,Arcyptera microptera,Insecta,Orthoptera
928,1432,Arcyptera tornosi,Arcyptera tornosi,Insecta,Orthoptera
929,1433,Ardea alba,Great Egret,Aves,Pelecaniformes
930,1435,Ardea intermedia,Medium Egret,Aves,Pelecaniformes
931,1437,Ardea cinerea,Grey Heron,Aves,Pelecaniformes
932,1438,Ardea cocoi,Cocoi Heron,Aves,Pelecaniformes
933,1440,Ardea goliath,Goliath Heron,Aves,Pelecaniformes
934,1441,Ardea herodias,Great Blue Heron,Aves,Pelecaniformes
935,1443,Ardea ibis,Western Cattle Egret,Aves,Pelecaniformes
936,1446,Ardea melanocephala,Black-headed Heron,Aves,Pelecaniformes
937,1447,Ardea pacifica,White-necked Heron,Aves,Pelecaniformes
938,1448,Ardea purpurea,Purple Heron,Aves,Pelecaniformes
939,1449,Ardea sumatrana,Great-billed Heron,Aves,Pelecaniformes
940,1450,Ardenna bulleri,Buller's Shearwater,Aves,Procellariiformes
941,1451,Ardenna carneipes,Flesh-footed Shearwater,Aves,Procellariiformes
942,1452,Ardenna creatopus,Pink-footed Shearwater,Aves,Procellariiformes
943,1453,Ardenna gravis,Great Shearwater,Aves,Procellariiformes
944,1454,Ardenna grisea,Sooty Shearwater,Aves,Procellariiformes
945,1455,Ardenna pacifica,Wedge-tailed Shearwater,Aves,Procellariiformes
946,1456,Ardenna tenuirostris,Short-tailed Shearwater,Aves,Procellariiformes
947,1457,Ardeola bacchus,Chinese Pond Heron,Aves,Pelecaniformes
948,1458,Ardeola grayii,Indian Pond Heron,Aves,Pelecaniformes
949,1459,Ardeola ralloides,Squacco Heron,Aves,Pelecaniformes
950,1460,Ardeola rufiventris,Rufous-bellied Heron,Aves,Pelecaniformes
951,1461,Ardeola speciosa,Javan Pond Heron,Aves,Pelecaniformes
952,1464,Ardeotis kori,Kori Bustard,Aves,Otidiformes
953,1468,Arenaria interpres,Ruddy Turnstone,Aves,Charadriiformes
954,1469,Arenaria melanocephala,Black Turnstone,Aves,Charadriiformes
955,1474,Argusianus argus,Great Argus,Aves,Galliformes
956,1475,Argya affinis,Yellow-billed Babbler,Aves,Passeriformes
957,1476,Argya altirostris,Iraq Babbler,Aves,Passeriformes
958,1477,Argya aylmeri,Scaly Chatterer,Aves,Passeriformes
959,1478,Argya caudata,Common Babbler,Aves,Passeriformes
960,1480,Argya cinereifrons,Ashy-headed Laughingthrush,Aves,Passeriformes
961,1481,Argya earlei,Striated Babbler,Aves,Passeriformes
962,1482,Argya fulva,Fulvous Babbler,Aves,Passeriformes
963,1483,Argya gularis,White-throated Babbler,Aves,Passeriformes
964,1484,Argya huttoni,Afghan Babbler,Aves,Passeriformes
965,1485,Argya longirostris,Slender-billed Babbler,Aves,Passeriformes
966,1486,Argya malcolmi,Large Grey Babbler,Aves,Passeriformes
967,1488,Argya rubiginosa,Rufous Chatterer,Aves,Passeriformes
968,1489,Argya rufescens,Orange-billed Babbler,Aves,Passeriformes
969,1490,Argya squamiceps,Arabian Babbler,Aves,Passeriformes
970,1492,Argya striata,Jungle Babbler,Aves,Passeriformes
971,1493,Argya subrufa,Rufous Babbler,Aves,Passeriformes
972,1503,Arizelocichla chlorigula,Yellow-throated Mountain Greenbul,Aves,Passeriformes
973,1504,Arizelocichla fusciceps,Black-browed Mountain Greenbul,Aves,Passeriformes
974,1506,Arizelocichla kikuyuensis,Kikuyu Mountain Greenbul,Aves,Passeriformes
975,1507,Arizelocichla masukuensis,Shelley's Greenbul,Aves,Passeriformes
976,1508,Arizelocichla milanjensis,Stripe-cheeked Greenbul,Aves,Passeriformes
977,1509,Arizelocichla montana,Cameroon Mountain Greenbul,Aves,Passeriformes
978,1511,Arizelocichla nigriceps,Black-headed Mountain Greenbul,Aves,Passeriformes
979,1513,Arizelocichla striifacies,Olive-headed Greenbul,Aves,Passeriformes
980,1514,Arizelocichla tephrolaema,Western Mountain Greenbul,Aves,Passeriformes
981,1515,Arizelopsar femoralis,Abbott's Starling,Aves,Passeriformes
982,1523,Arremon abeillei,Black-capped Sparrow,Aves,Passeriformes
983,1524,Arremon nigriceps,Maranon Sparrow,Aves,Passeriformes
984,1525,Arremon assimilis,Grey-browed Brushfinch,Aves,Passeriformes
985,1526,Arremon atricapillus,Black-headed Brushfinch,Aves,Passeriformes
986,1527,Arremon aurantiirostris,Orange-billed Sparrow,Aves,Passeriformes
987,1528,Arremon basilicus,Sierra Nevada Brushfinch,Aves,Passeriformes
988,1529,Arremon brunneinucha,Chestnut-capped Brushfinch,Aves,Passeriformes
989,1530,Arremon castaneiceps,Olive Finch,Aves,Passeriformes
990,1531,Arremon costaricensis,Costa Rican Brushfinch,Aves,Passeriformes
991,1532,Arremon crassirostris,Sooty-faced Finch,Aves,Passeriformes
992,1533,Arremon dorbignii,Moss-backed Sparrow,Aves,Passeriformes
993,1534,Arremon flavirostris,Saffron-billed Sparrow,Aves,Passeriformes
994,1535,Arremon franciscanus,Sao Francisco Sparrow,Aves,Passeriformes
995,1536,Arremon perijanus,Perija Brushfinch,Aves,Passeriformes
996,1537,Arremon phaeopleurus,Caracas Brushfinch,Aves,Passeriformes
997,1538,Arremon phygas,Paria Brushfinch,Aves,Passeriformes
998,1539,Arremon schlegeli,Golden-winged Sparrow,Aves,Passeriformes
999,1540,Arremon semitorquatus,Half-collared Sparrow,Aves,Passeriformes
1000,1541,Arremon taciturnus,Pectoral Sparrow,Aves,Passeriformes
1001,1542,Arremon torquatus,White-browed Brushfinch,Aves,Passeriformes
1002,1543,Arremon virenticeps,Green-striped Brushfinch,Aves,Passeriformes
1003,1544,Arremonops chloronotus,Green-backed Sparrow,Aves,Passeriformes
1004,1545,Arremonops conirostris,Black-striped Sparrow,Aves,Passeriformes
1005,1546,Arremonops rufivirgatus,Olive Sparrow,Aves,Passeriformes
1006,1547,Arremonops tocuyensis,Tocuyo Sparrow,Aves,Passeriformes
1007,1548,Arses insularis,Ochre-collared Monarch,Aves,Passeriformes
1008,1549,Arses kaupi,Pied Monarch,Aves,Passeriformes
1009,1550,Arses lorealis,Frill-necked Monarch,Aves,Passeriformes
1010,1551,Arses telescopthalmus,Frilled Monarch,Aves,Passeriformes
1011,1552,Artamella viridis,White-headed Vanga,Aves,Passeriformes
1012,1553,Artamus cinereus,Black-faced Woodswallow,Aves,Passeriformes
1013,1554,Artamus cyanopterus,Dusky Woodswallow,Aves,Passeriformes
1014,1555,Artamus fuscus,Ashy Woodswallow,Aves,Passeriformes
1015,1557,Artamus leucorynchus,White-breasted Woodswallow,Aves,Passeriformes
1016,1558,Artamus maximus,Great Woodswallow,Aves,Passeriformes
1017,1559,Artamus mentalis,Fiji Woodswallow,Aves,Passeriformes
1018,1560,Artamus minor,Little Woodswallow,Aves,Passeriformes
1019,1561,Artamus monachus,Ivory-backed Woodswallow,Aves,Passeriformes
1020,1562,Artamus personatus,Masked Woodswallow,Aves,Passeriformes
1021,1563,Artamus superciliosus,White-browed Woodswallow,Aves,Passeriformes
1022,1565,Artemisiospiza belli,Bell's Sparrow,Aves,Passeriformes
1023,1566,Artemisiospiza nevadensis,Sagebrush Sparrow,Aves,Passeriformes
1024,1567,Arthroleptella atermina,Arthroleptella atermina,Amphibia,Anura
1025,1569,Arthroleptella draconella,Arthroleptella draconella,Amphibia,Anura
1026,1570,Arthroleptella drewesii,Arthroleptella drewesii,Amphibia,Anura
1027,1571,Arthroleptella kogelbergensis,Arthroleptella kogelbergensis,Amphibia,Anura
1028,1572,Arthroleptella landdrosia,Arthroleptella landdrosia,Amphibia,Anura
1029,1573,Arthroleptella lightfooti,Arthroleptella lightfooti,Amphibia,Anura
1030,1574,Arthroleptella rugosa,Arthroleptella rugosa,Amphibia,Anura
1031,1575,Arthroleptella subvoce,Arthroleptella subvoce,Amphibia,Anura
1032,1576,Arthroleptella villiersi,Arthroleptella villiersi,Amphibia,Anura
1033,1577,Arthroleptis stenodactylus,Arthroleptis stenodactylus,Amphibia,Anura
1034,1578,Arthroleptis wahlbergii,Arthroleptis wahlbergii,Amphibia,Anura
1035,1580,Arthroleptis xenodactyloides,Arthroleptis xenodactyloides,Amphibia,Anura
1036,1587,Artisornis metopias,Red-capped Forest Warbler,Aves,Passeriformes
1037,1588,Artisornis moreaui,Long-billed Forest Warbler,Aves,Passeriformes
1038,1589,Artomyias fuliginosa,Sooty Flycatcher,Aves,Passeriformes
1039,1591,Arundinax aedon,Thick-billed Warbler,Aves,Passeriformes
1040,1593,Arundinicola leucocephala,White-headed Marsh Tyrant,Aves,Passeriformes
1041,1594,Arunta interclusa,Arunta interclusa,Insecta,Hemiptera
1042,1595,Arunta perulata,Arunta perulata,Insecta,Hemiptera
1043,1597,Asarcornis scutulata,White-winged Duck,Aves,Anseriformes
1044,1606,Asemospiza fuliginosa,Sooty Grassquit,Aves,Passeriformes
1045,1607,Asemospiza obscura,Dull-colored Grassquit,Aves,Passeriformes
1046,1609,Asio capensis,Marsh Owl,Aves,Strigiformes
1047,1610,Asio clamator,Striped Owl,Aves,Strigiformes
1048,1612,Asio flammeus,Short-eared Owl,Aves,Strigiformes
1049,1613,Asio grammicus,Jamaican Owl,Aves,Strigiformes
1050,1614,Asio madagascariensis,Madagascar Owl,Aves,Strigiformes
1051,1615,Asio otus,Long-eared Owl,Aves,Strigiformes
1052,1617,Asio stygius,Stygian Owl,Aves,Strigiformes
1053,1625,Aspatha gularis,Blue-throated Motmot,Aves,Coraciiformes
1054,1628,Assa darlingtoni,Assa darlingtoni,Amphibia,Anura
1055,1630,Asthenes anthoides,Austral Canastero,Aves,Passeriformes
1056,1631,Asthenes arequipae,Dark-winged Canastero,Aves,Passeriformes
1057,1632,Asthenes dorbignyi,Rusty-vented Canastero,Aves,Passeriformes
1058,1633,Asthenes ayacuchensis,Ayacucho Thistletail,Aves,Passeriformes
1059,1634,Asthenes vilcabambae,Vilcabamba Thistletail,Aves,Passeriformes
1060,1635,Asthenes baeri,Short-billed Canastero,Aves,Passeriformes
1061,1636,Asthenes berlepschi,Berlepsch's Canastero,Aves,Passeriformes
1062,1637,Pseudasthenes cactorum,Cactus Canastero,Aves,Passeriformes
1063,1638,Asthenes coryi,Ochre-browed Thistletail,Aves,Passeriformes
1064,1639,Asthenes flammulata,Many-striped Canastero,Aves,Passeriformes
1065,1640,Asthenes fuliginosa,White-chinned Thistletail,Aves,Passeriformes
1066,1641,Asthenes griseomurina,Mouse-colored Thistletail,Aves,Passeriformes
1067,1642,Asthenes harterti,Black-throated Thistletail,Aves,Passeriformes
1068,1643,Asthenes helleri,Puna Thistletail,Aves,Passeriformes
1069,1644,Asthenes heterura,Maquis Canastero,Aves,Passeriformes
1070,1645,Asthenes huancavelicae,Pale-tailed Canastero,Aves,Passeriformes
1071,1646,Asthenes hudsoni,Hudson's Canastero,Aves,Passeriformes
1072,1647,Pseudasthenes humicola,Dusky-tailed Canastero,Aves,Passeriformes
1073,1648,Asthenes humilis,Streak-throated Canastero,Aves,Passeriformes
1074,1649,Asthenes luizae,Cipo Canastero,Aves,Passeriformes
1075,1650,Asthenes maculicauda,Scribble-tailed Canastero,Aves,Passeriformes
1076,1651,Asthenes modesta,Cordilleran Canastero,Aves,Passeriformes
1077,1652,Asthenes moreirae,Itatiaia Spinetail,Aves,Passeriformes
1078,1653,Asthenes ottonis,Rusty-fronted Canastero,Aves,Passeriformes
1079,1654,Asthenes palpebralis,Eye-ringed Thistletail,Aves,Passeriformes
1080,1655,Pseudasthenes patagonica,Patagonian Canastero,Aves,Passeriformes
1081,1656,Asthenes perijana,Perija Thistletail,Aves,Passeriformes
1082,1657,Asthenes pudibunda,Canyon Canastero,Aves,Passeriformes
1083,1658,Asthenes pyrrholeuca,Sharp-billed Canastero,Aves,Passeriformes
1084,1659,Asthenes sclateri,Asthenes sclateri,Aves,Passeriformes
1085,1660,Pseudasthenes steinbachi,Steinbach's Canastero,Aves,Passeriformes
1086,1661,Asthenes urubambensis,Line-fronted Canastero,Aves,Passeriformes
1087,1662,Asthenes virgata,Junin Canastero,Aves,Passeriformes
1088,1663,Asthenes wyatti,Streak-backed Canastero,Aves,Passeriformes
1089,1666,Astrapia mayeri,Ribbon-tailed Astrapia,Aves,Passeriformes
1090,1669,Astrapia splendidissima,Splendid Astrapia,Aves,Passeriformes
1091,1670,Astrapia stephaniae,Princess Stephanie's Astrapia,Aves,Passeriformes
1092,1680,Atalotriccus pilaris,Pale-eyed Pygmy Tyrant,Aves,Passeriformes
1093,1682,Ateles belzebuth,white-bellied spider monkey,Mammalia,Primates
1094,1683,Ateles chamek,Chamek spider monkey,Mammalia,Primates
1095,1685,Ateles geoffroyi,Central American spider monkey,Mammalia,Primates
1096,1687,Ateles paniscus,black spider monkey,Mammalia,Primates
1097,1696,Atelopus flavescens,Atelopus flavescens,Amphibia,Anura
1098,1706,Atelornis crossleyi,Rufous-headed Ground Roller,Aves,Coraciiformes
1099,1707,Atelornis pittoides,Pitta-like Ground Roller,Aves,Coraciiformes
1100,1708,Athene blewitti,Forest Owlet,Aves,Strigiformes
1101,1709,Athene brama,Spotted Owlet,Aves,Strigiformes
1102,1710,Athene cunicularia,Burrowing Owl,Aves,Strigiformes
1103,1712,Athene jacquinoti,West Solomons Owl,Aves,Strigiformes
1104,1715,Athene noctua,Little Owl,Aves,Strigiformes
1105,1716,Athene superciliaris,White-browed Owl,Aves,Strigiformes
1106,1717,Atimastillas flavicollis,Yellow-gorgeted Greenbul,Aves,Passeriformes
1107,1718,Atimastillas flavigula,Pale-throated Greenbul,Aves,Passeriformes
1108,1719,Atlanticus americanus,American shieldback,Insecta,Orthoptera
1109,1722,Atlanticus dorsalis,gray shieldback,Insecta,Orthoptera
1110,1723,Atlanticus gibbosus,robust shieldback,Insecta,Orthoptera
1111,1724,Atlanticus glaber,smooth shieldback,Insecta,Orthoptera
1112,1727,Atlanticus pachymerus,Atlanticus pachymerus,Insecta,Orthoptera
1113,1728,Atlanticus testaceus,Protean Shieldback,Insecta,Orthoptera
1114,1730,Atlapetes albiceps,White-headed Brushfinch,Aves,Passeriformes
1115,1731,Atlapetes albinucha,White-naped Brushfinch,Aves,Passeriformes
1116,1732,Atlapetes albofrenatus,Moustached Brushfinch,Aves,Passeriformes
1117,1733,Atlapetes blancae,Antioquia Brushfinch,Aves,Passeriformes
1118,1734,Atlapetes canigenis,Cuzco Brushfinch,Aves,Passeriformes
1119,1735,Atlapetes citrinellus,Yellow-striped Brushfinch,Aves,Passeriformes
1120,1736,Atlapetes crassus,Choco Brushfinch,Aves,Passeriformes
1121,1737,Atlapetes flaviceps,Yellow-headed Brushfinch,Aves,Passeriformes
1122,1738,Atlapetes forbesi,Apurimac Brushfinch,Aves,Passeriformes
1123,1739,Atlapetes fulviceps,Fulvous-headed Brushfinch,Aves,Passeriformes
1124,1740,Atlapetes fuscoolivaceus,Dusky-headed Brushfinch,Aves,Passeriformes
1125,1741,Atlapetes latinuchus,Yellow-breasted Brushfinch,Aves,Passeriformes
1126,1742,Atlapetes leucopis,White-rimmed Brushfinch,Aves,Passeriformes
1127,1743,Atlapetes leucopterus,White-winged Brushfinch,Aves,Passeriformes
1128,1744,Atlapetes luteoviridis,Yellow-green Brushfinch,Aves,Passeriformes
1129,1745,Atlapetes melanocephalus,Santa Marta Brushfinch,Aves,Passeriformes
1130,1746,Atlapetes melanolaemus,Grey-eared Brushfinch,Aves,Passeriformes
1131,1747,Atlapetes melanopsis,Black-spectacled Brushfinch,Aves,Passeriformes
1132,1748,Atlapetes meridae,Merida Brushfinch,Aves,Passeriformes
1133,1749,Atlapetes nationi,Rusty-bellied Brushfinch,Aves,Passeriformes
1134,1750,Atlapetes nigrifrons,Black-fronted Brushfinch,Aves,Passeriformes
1135,1751,Atlapetes pallidiceps,Pale-headed Brushfinch,Aves,Passeriformes
1136,1752,Atlapetes pallidinucha,Pale-naped Brushfinch,Aves,Passeriformes
1137,1753,Atlapetes personatus,Tepui Brushfinch,Aves,Passeriformes
1138,1754,Atlapetes pileatus,Rufous-capped Brushfinch,Aves,Passeriformes
1139,1755,Atlapetes rufigenis,Rufous-eared Brushfinch,Aves,Passeriformes
1140,1756,Atlapetes rufinucha,Bolivian Brushfinch,Aves,Passeriformes
1141,1757,Atlapetes schistaceus,Slaty Brushfinch,Aves,Passeriformes
1142,1758,Atlapetes taczanowskii,Taczanowski's Brushfinch,Aves,Passeriformes
1143,1759,Atlapetes seebohmi,Bay-crowned Brushfinch,Aves,Passeriformes
1144,1760,Atlapetes semirufus,Ochre-breasted Brushfinch,Aves,Passeriformes
1145,1761,Atlapetes tibialis,Yellow-thighed Brushfinch,Aves,Passeriformes
1146,1762,Atlapetes tricolor,Tricolored Brushfinch,Aves,Passeriformes
1147,1763,Atrapsalta audax,Atrapsalta audax,Insecta,Hemiptera
1148,1764,Atrapsalta collina,Atrapsalta collina,Insecta,Hemiptera
1149,1765,Atrapsalta corticina,Atrapsalta corticina,Insecta,Hemiptera
1150,1766,Atrapsalta dolens,Atrapsalta dolens,Insecta,Hemiptera
1151,1767,Atrapsalta encaustica,Atrapsalta encaustica,Insecta,Hemiptera
1152,1768,Atrapsalta furcilla,Atrapsalta furcilla,Insecta,Hemiptera
1153,1769,Atrapsalta fuscata,Atrapsalta fuscata,Insecta,Hemiptera
1154,1770,Atrichornis clamosus,Noisy Scrubbird,Aves,Passeriformes
1155,1771,Atrichornis rufescens,Rufous Scrubbird,Aves,Passeriformes
1156,1776,Attagis gayi,Rufous-bellied Seedsnipe,Aves,Charadriiformes
1157,1777,Attagis malouinus,White-bellied Seedsnipe,Aves,Charadriiformes
1158,1778,Atticora fasciata,White-banded Swallow,Aves,Passeriformes
1159,1779,Pygochelidon melanoleuca,Black-collared Swallow,Aves,Passeriformes
1160,1780,Atticora pileata,Black-capped Swallow,Aves,Passeriformes
1161,1781,Atticora tibialis,White-thighed Swallow,Aves,Passeriformes
1162,1782,Attila bolivianus,White-eyed Attila,Aves,Passeriformes
1163,1783,Attila cinnamomeus,Cinnamon Attila,Aves,Passeriformes
1164,1784,Attila citriniventris,Citron-bellied Attila,Aves,Passeriformes
1165,1785,Attila phoenicurus,Rufous-tailed Attila,Aves,Passeriformes
1166,1786,Attila rufus,Grey-hooded Attila,Aves,Passeriformes
1167,1787,Attila spadiceus,Bright-rumped Attila,Aves,Passeriformes
1168,1788,Attila torridus,Ochraceous Attila,Aves,Passeriformes
1169,1789,Augastes lumachella,Hooded Visorbearer,Aves,Apodiformes
1170,1790,Augastes scutatus,Hyacinth Visorbearer,Aves,Apodiformes
1171,1793,Aulacorhynchus albivitta,White-throated Toucanet,Aves,Piciformes
1172,1794,Aulacorhynchus atrogularis,Black-throated Toucanet,Aves,Piciformes
1173,1795,Aulacorhynchus caeruleogularis,Blue-throated Toucanet,Aves,Piciformes
1174,1796,Aulacorhynchus coeruleicinctis,Blue-banded Toucanet,Aves,Piciformes
1175,1797,Aulacorhynchus derbianus,Chestnut-tipped Toucanet,Aves,Piciformes
1176,1798,Aulacorhynchus haematopygus,Crimson-rumped Toucanet,Aves,Piciformes
1177,1799,Aulacorhynchus huallagae,Yellow-browed Toucanet,Aves,Piciformes
1178,1800,Aulacorhynchus prasinus,Emerald Toucanet,Aves,Piciformes
1179,1801,Aulacorhynchus sulcatus,Groove-billed Toucanet,Aves,Piciformes
1180,1802,Aulacorhynchus wagleri,Wagler's Toucanet,Aves,Piciformes
1181,1803,Aulacorhynchus whitelianus,Tepui Toucanet,Aves,Piciformes
1182,1804,Auriparus flaviceps,Verdin,Aves,Passeriformes
1183,1810,Auritibicen japonicus,Auritibicen japonicus,Insecta,Hemiptera
1184,1814,Auscala spinosa,Auscala spinosa,Insecta,Hemiptera
1185,1816,Austrochaperina fryi,Austrochaperina fryi,Amphibia,Anura
1186,1820,Tadarida australis,white-striped free-tailed bat,Mammalia,Chiroptera
1187,1822,Austrosalomona falcata,Austrosalomona falcata,Insecta,Orthoptera
1188,1824,Automolus cervinigularis,Fawn-throated Foliage-gleaner,Aves,Passeriformes
1189,1825,Automolus ochrolaemus,Ochre-throated Foliage-gleaner,Aves,Passeriformes
1190,1826,Automolus exsertus,Chiriqui Foliage-gleaner,Aves,Passeriformes
1191,1827,Automolus infuscatus,Olive-backed Foliage-gleaner,Aves,Passeriformes
1192,1828,Automolus lammi,Pernambuco Foliage-gleaner,Aves,Passeriformes
1193,1829,Automolus leucophthalmus,White-eyed Foliage-gleaner,Aves,Passeriformes
1194,1830,Automolus melanopezus,Brown-rumped Foliage-gleaner,Aves,Passeriformes
1195,1831,Automolus paraensis,Para Foliage-gleaner,Aves,Passeriformes
1196,1832,Syndactyla roraimae,Tepui Foliage-gleaner,Aves,Passeriformes
1197,1833,Clibanornis rubiginosus,Ruddy Foliage-gleaner,Aves,Passeriformes
1198,1834,Automolus rufipileatus,Chestnut-crowned Foliage-gleaner,Aves,Passeriformes
1199,1835,Automolus subulatus,Eastern Woodhaunter,Aves,Passeriformes
1200,1836,Automolus virgatus,Western Woodhaunter,Aves,Passeriformes
1201,1838,Aviceda cuculoides,African Cuckoo-Hawk,Aves,Accipitriformes
1202,1839,Aviceda jerdoni,Jerdon's Baza,Aves,Accipitriformes
1203,1840,Aviceda leuphotes,Black Baza,Aves,Accipitriformes
1204,1842,Aviceda subcristata,Pacific Baza,Aves,Accipitriformes
1205,1843,Avocettula recurvirostris,Fiery-tailed Awlbill,Aves,Apodiformes
1206,1844,Axis axis,Chital,Mammalia,Artiodactyla
1207,1847,Aythya affinis,Lesser Scaup,Aves,Anseriformes
1208,1848,Aythya americana,Redhead,Aves,Anseriformes
1209,1849,Aythya australis,Hardhead,Aves,Anseriformes
1210,1850,Aythya collaris,Ring-necked Duck,Aves,Anseriformes
1211,1851,Aythya ferina,Common Pochard,Aves,Anseriformes
1212,1852,Aythya fuligula,Tufted Duck,Aves,Anseriformes
1213,1854,Aythya marila,Greater Scaup,Aves,Anseriformes
1214,1855,Aythya novaeseelandiae,New Zealand Scaup,Aves,Anseriformes
1215,1856,Aythya nyroca,Ferruginous Duck,Aves,Anseriformes
1216,1857,Aythya valisineria,Canvasback,Aves,Anseriformes
1217,1858,Pterorhinus koslowi,Tibetan Babax,Aves,Passeriformes
1218,1859,Pterorhinus lanceolatus,Chinese Babax,Aves,Passeriformes
1219,1861,Pterorhinus waddelli,Giant Babax,Aves,Passeriformes
1220,1862,Babina adenopleura,Babina adenopleura,Amphibia,Anura
1221,1868,Baeolophus atricristatus,Black-crested Titmouse,Aves,Passeriformes
1222,1869,Baeolophus bicolor,Tufted Titmouse,Aves,Passeriformes
1223,1870,Baeolophus inornatus,Oak Titmouse,Aves,Passeriformes
1224,1871,Baeolophus ridgwayi,Juniper Titmouse,Aves,Passeriformes
1225,1872,Baeolophus wollweberi,Bridled Titmouse,Aves,Passeriformes
1226,1873,Baeopogon clamans,Sjöstedt's Greenbul,Aves,Passeriformes
1227,1874,Baeopogon indicator,Honeyguide Greenbul,Aves,Passeriformes
1228,1878,Bairdiella chrysoura,Silver croaker,Actinopterygii,Perciformes
1229,1879,Balaena mysticetus,bowhead whale,Mammalia,Cetacea
1230,1881,Balaenoptera acutorostrata,Common Minke Whale,Mammalia,Cetacea
1231,1883,Balaenoptera brydei/edeni,Bryde's whale complex,Mammalia,Cetacea
1232,1884,Balaenoptera musculus,blue whale,Mammalia,Cetacea
1233,1885,Balaenoptera physalus,fin whale,Mammalia,Cetacea
1234,1889,Balearica pavonina,Black Crowned Crane,Aves,Gruiformes
1235,1890,Balearica regulorum,Grey Crowned Crane,Aves,Gruiformes
1236,1894,Bambusicola fytchii,Mountain Bamboo Partridge,Aves,Galliformes
1237,1895,Bambusicola sonorivox,Taiwan Bamboo Partridge,Aves,Galliformes
1238,1896,Bambusicola thoracicus,Chinese Bamboo Partridge,Aves,Galliformes
1239,1897,Bangsia arcaei,Blue-and-gold Tanager,Aves,Passeriformes
1240,1898,Bangsia aureocincta,Gold-ringed Tanager,Aves,Passeriformes
1241,1899,Bangsia edwardsi,Moss-backed Tanager,Aves,Passeriformes
1242,1900,Bangsia flavovirens,Yellow-green Tanager,Aves,Passeriformes
1243,1901,Bangsia melanochlamys,Black-and-gold Tanager,Aves,Passeriformes
1244,1902,Bangsia rothschildi,Golden-chested Tanager,Aves,Passeriformes
1245,1915,Barbitistes serricauda,Barbitistes serricauda,Insecta,Orthoptera
1246,1916,Barbitistes vicetinus,Barbitistes vicetinus,Insecta,Orthoptera
1247,1917,Barbitistes yersini,Barbitistes yersini,Insecta,Orthoptera
1248,1919,Barnardius zonarius,Australian Ringneck,Aves,Psittaciformes
1249,1920,Bartramia longicauda,Upland Sandpiper,Aves,Charadriiformes
1250,1923,Baryphthengus martii,Rufous Motmot,Aves,Coraciiformes
1251,1924,Baryphthengus ruficapillus,Rufous-capped Motmot,Aves,Coraciiformes
1252,1925,Myiothlypis basilica,Santa Marta Warbler,Aves,Passeriformes
1253,1926,Basileuterus belli,Golden-browed Warbler,Aves,Passeriformes
1254,1927,Basileuterus culicivorus,Golden-crowned Warbler,Aves,Passeriformes
1255,1928,Basileuterus delattrii,Chestnut-capped Warbler,Aves,Passeriformes
1256,1929,Basileuterus rufifrons,Rufous-capped Warbler,Aves,Passeriformes
1257,1930,Basileuterus ignotus,Pirre Warbler,Aves,Passeriformes
1258,1931,Basileuterus lachrymosus,Fan-tailed Warbler,Aves,Passeriformes
1259,1932,Basileuterus melanogenys,Black-cheeked Warbler,Aves,Passeriformes
1260,1933,Basileuterus melanotis,Black-eared Warbler,Aves,Passeriformes
1261,1934,Basileuterus punctipectus,Yungas Warbler,Aves,Passeriformes
1262,1936,Basileuterus trifasciatus,Three-banded Warbler,Aves,Passeriformes
1263,1937,Basileuterus tristriatus,Three-striped Warbler,Aves,Passeriformes
1264,1938,Basilinna leucotis,White-eared Hummingbird,Aves,Apodiformes
1265,1939,Basilinna xantusii,Xantus's Hummingbird,Aves,Apodiformes
1266,1940,Basilornis celebensis,Sulawesi Myna,Aves,Passeriformes
1267,1941,Basilornis corythaix,Long-crested Myna,Aves,Passeriformes
1268,1943,Goodfellowia miranda,Apo Myna,Aves,Passeriformes
1269,1948,Bassariscus astutus,Bassariscus astutus,Mammalia,Carnivora
1270,1949,Bassariscus sumichrasti,Cacomistle,Mammalia,Carnivora
1271,1950,Batara cinerea,Giant Antshrike,Aves,Passeriformes
1272,1953,Bathmocercus cerviniventris,Black-headed Rufous Warbler,Aves,Passeriformes
1273,1954,Bathmocercus rufus,Black-faced Rufous Warbler,Aves,Passeriformes
1274,1955,Batis capensis,Cape Batis,Aves,Passeriformes
1275,1957,Batis crypta,Dark Batis,Aves,Passeriformes
1276,1958,Batis diops,Rwenzori Batis,Aves,Passeriformes
1277,1959,Batis erlangeri,Western Black-headed Batis,Aves,Passeriformes
1278,1960,Batis fratrum,Woodwards' Batis,Aves,Passeriformes
1279,1961,Batis ituriensis,Ituri Batis,Aves,Passeriformes
1280,1962,Batis margaritae,Margaret's Batis,Aves,Passeriformes
1281,1964,Batis minor,Eastern Black-headed Batis,Aves,Passeriformes
1282,1965,Batis minulla,Angola Batis,Aves,Passeriformes
1283,1966,Batis mixta,Forest Batis,Aves,Passeriformes
1284,1967,Batis molitor,Chinspot Batis,Aves,Passeriformes
1285,1968,Batis occulta,West African Batis,Aves,Passeriformes
1286,1970,Batis orientalis,Grey-headed Batis,Aves,Passeriformes
1287,1971,Batis perkeo,Pygmy Batis,Aves,Passeriformes
1288,1972,Batis pririt,Pririt Batis,Aves,Passeriformes
1289,1973,Batis senegalensis,Senegal Batis,Aves,Passeriformes
1290,1974,Batis soror,Pale Batis,Aves,Passeriformes
1291,1978,Batrachostomus affinis,Blyth's Frogmouth,Aves,Caprimulgiformes
1292,1979,Batrachostomus auritus,Large Frogmouth,Aves,Caprimulgiformes
1293,1980,Batrachostomus chaseni,Palawan Frogmouth,Aves,Caprimulgiformes
1294,1981,Batrachostomus cornutus,Sunda Frogmouth,Aves,Caprimulgiformes
1295,1982,Batrachostomus harterti,Dulit Frogmouth,Aves,Caprimulgiformes
1296,1983,Batrachostomus hodgsoni,Hodgson's Frogmouth,Aves,Caprimulgiformes
1297,1984,Batrachostomus javensis,Javan Frogmouth,Aves,Caprimulgiformes
1298,1985,Batrachostomus mixtus,Bornean Frogmouth,Aves,Caprimulgiformes
1299,1986,Batrachostomus moniliger,Sri Lanka Frogmouth,Aves,Caprimulgiformes
1300,1987,Batrachostomus poliolophus,Sumatran Frogmouth,Aves,Caprimulgiformes
1301,1988,Batrachostomus septimus,Philippine Frogmouth,Aves,Caprimulgiformes
1302,1989,Batrachostomus stellatus,Gould's Frogmouth,Aves,Caprimulgiformes
1303,1990,Batrachyla antartandica,Batrachyla antartandica,Amphibia,Anura
1304,1991,Batrachyla leptopus,Batrachyla leptopus,Amphibia,Anura
1305,1992,Batrachyla taeniata,Batrachyla taeniata,Amphibia,Anura
1306,1996,Beameria venosa,Beameria venosa,Insecta,Hemiptera
1307,1999,Belocephalus davisi,Davis's conehead,Insecta,Orthoptera
1308,2000,Belocephalus hebardi,Belocephalus hebardi,Insecta,Orthoptera
1309,2002,Belocephalus sabalis,palmetto conehead,Insecta,Orthoptera
1310,2003,Belocephalus sleighti,Keys conehead,Insecta,Orthoptera
1311,2004,Belocephalus subapterus,Belocephalus subapterus,Insecta,Orthoptera
1312,2009,Berenicornis comatus,White-crowned Hornbill,Aves,Bucerotiformes
1313,2010,Berlepschia rikeri,Point-tailed Palmcreeper,Aves,Passeriformes
1314,2011,Bernieria madagascariensis,Long-billed Bernieria,Aves,Passeriformes
1315,2016,Bias musicus,Black-and-white Shrike-flycatcher,Aves,Passeriformes
1316,2017,Biatas nigropectus,White-bearded Antshrike,Aves,Passeriformes
1317,2018,Bicolorana bicolor,Bicolorana bicolor,Insecta,Orthoptera
1318,2019,Bicolorana kraussi,Bicolorana kraussi,Insecta,Orthoptera
1319,2021,Metrioptera roeselii,Roesel's katydid,Insecta,Orthoptera
1320,2022,Roeseliana roeselii,Roeseliana roeselii,Insecta,Orthoptera
1321,2023,Indosylvirana nicobariensis,Indosylvirana nicobariensis,Amphibia,Anura
1322,2024,Birrima castanea,Birrima castanea,Insecta,Hemiptera
1323,2025,Birrima varians,Birrima varians,Insecta,Hemiptera
1324,2026,Bison bison,American bison,Mammalia,Artiodactyla
1325,2030,Biziura lobata,Musk Duck,Aves,Anseriformes
1326,2031,Blarina brevicauda,mole shrew,Mammalia,Soricomorpha
1327,2032,Bleda canicapillus,Grey-headed Bristlebill,Aves,Passeriformes
1328,2033,Bleda eximius,Green-tailed Bristlebill,Aves,Passeriformes
1329,2034,Bleda notatus,Yellow-lored Bristlebill,Aves,Passeriformes
1330,2035,Bleda syndactylus,Red-tailed Bristlebill,Aves,Passeriformes
1331,2036,Bleda ugandae,Yellow-eyed Bristlebill,Aves,Passeriformes
1332,2038,Blythipicus pyrrhotis,Bay Woodpecker,Aves,Piciformes
1333,2039,Blythipicus rubiginosus,Maroon Woodpecker,Aves,Piciformes
1334,2042,Hypsiboas albomarginatus,Hypsiboas albomarginatus,Amphibia,Anura
1335,2044,Hypsiboas albopunctatus,Hypsiboas albopunctatus,Amphibia,Anura
1336,2047,Hypsiboas bischoffi,Hypsiboas bischoffi,Amphibia,Anura
1337,2049,Hypsiboas boans,Hypsiboas boans,Amphibia,Anura
1338,2052,Hypsiboas calcaratus,Hypsiboas calcaratus,Amphibia,Anura
1339,2055,Hypsiboas cinerascens,Hypsiboas cinerascens,Amphibia,Anura
1340,2059,Hypsiboas crepitans,Hypsiboas crepitans,Amphibia,Anura
1341,2064,Hypsiboas faber,Hypsiboas faber,Amphibia,Anura
1342,2066,Hypsiboas fasciatus,Hypsiboas fasciatus,Amphibia,Anura
1343,2069,Hypsiboas geographicus,Hypsiboas geographicus,Amphibia,Anura
1344,2076,Hypsiboas lanciformis,Hypsiboas lanciformis,Amphibia,Anura
1345,2080,Boana lundii,Boana lundii,Amphibia,Anura
1346,2081,Hypsiboas multifasciatus,Hypsiboas multifasciatus,Amphibia,Anura
1347,2085,Hypsiboas pardalis,Hypsiboas pardalis,Amphibia,Anura
1348,2090,Boana platanera,Boana platanera,Amphibia,Anura
1349,2092,Hypsiboas polytaenius,Hypsiboas polytaenius,Amphibia,Anura
1350,2094,Boana pugnax,Boana pugnax,Amphibia,Anura
1351,2095,Hypsiboas pulchellus,Hypsiboas pulchellus,Amphibia,Anura
1352,2097,Hypsiboas punctatus,Hypsiboas punctatus,Amphibia,Anura
1353,2099,Hypsiboas raniceps,Hypsiboas raniceps,Amphibia,Anura
1354,2101,Hypsiboas riojanus,Hypsiboas riojanus,Amphibia,Anura
1355,2103,Hypsiboas rosenbergi,Hypsiboas rosenbergi,Amphibia,Anura
1356,2105,Hypsiboas rufitelus,Hypsiboas rufitelus,Amphibia,Anura
1357,2112,Bocagia minuta,Marsh Tchagra,Aves,Passeriformes
1358,2113,Boissonneaua flavescens,Buff-tailed Coronet,Aves,Apodiformes
1359,2114,Boissonneaua jardini,Velvet-purple Coronet,Aves,Apodiformes
1360,2115,Boissonneaua matthewsii,Chestnut-breasted Coronet,Aves,Apodiformes
1361,2119,Bokermannohyla hylax,Bokermannohyla hylax,Amphibia,Anura
1362,2126,Bolbopsittacus lunulatus,Guaiabero,Aves,Psittaciformes
1363,2127,Bolborhynchus ferrugineifrons,Rufous-fronted Parakeet,Aves,Psittaciformes
1364,2128,Bolborhynchus lineola,Barred Parakeet,Aves,Psittaciformes
1365,2129,Bolborhynchus orbygnesius,Andean Parakeet,Aves,Psittaciformes
1366,2131,Bolemoreus frenatus,Bridled Honeyeater,Aves,Passeriformes
1367,2132,Bolemoreus hindwoodi,Eungella Honeyeater,Aves,Passeriformes
1368,2134,Bombina bombina,Bombina bombina,Amphibia,Anura
1369,2136,Bombina orientalis,Bombina orientalis,Amphibia,Anura
1370,2137,Bombina variegata,Bombina variegata,Amphibia,Anura
1371,2142,Bombus griseocollis,Bombus griseocollis,Insecta,Hymenoptera
1372,2145,Bombus impatiens,Bombus impatiens,Insecta,Hymenoptera
1373,2156,Bombus terrestris,Bombus terrestris,Insecta,Hymenoptera
1374,2161,Bombycilla cedrorum,Cedar Waxwing,Aves,Passeriformes
1375,2162,Bombycilla garrulus,Bohemian Waxwing,Aves,Passeriformes
1376,2163,Bombycilla japonica,Japanese Waxwing,Aves,Passeriformes
1377,2166,Bonasa umbellus,Ruffed Grouse,Aves,Galliformes
1378,2182,Bos taurus (Domestic type),Cattle (Domestic type),Mammalia,Artiodactyla
1379,2187,Bostrychia carunculata,Wattled Ibis,Aves,Pelecaniformes
1380,2188,Bostrychia hagedash,Hadada Ibis,Aves,Pelecaniformes
1381,2189,Bostrychia olivacea,Olive Ibis,Aves,Pelecaniformes
1382,2190,Bostrychia rara,Spot-breasted Ibis,Aves,Pelecaniformes
1383,2197,Botaurus lentiginosus,American Bittern,Aves,Pelecaniformes
1384,2199,Botaurus pinnatus,Pinnated Bittern,Aves,Pelecaniformes
1385,2200,Botaurus poiciloptilus,Australasian Bittern,Aves,Pelecaniformes
1386,2202,Botaurus stellaris,Eurasian Bittern,Aves,Pelecaniformes
1387,2207,Boulenophrys brachykolos,Boulenophrys brachykolos,Amphibia,Anura
1388,2216,Brachycope anomala,Bob-tailed Weaver,Aves,Passeriformes
1389,2218,Brachygalba albogularis,White-throated Jacamar,Aves,Piciformes
1390,2219,Brachygalba goeringi,Pale-headed Jacamar,Aves,Piciformes
1391,2220,Brachygalba lugubris,Brown Jacamar,Aves,Piciformes
1392,2221,Brachygalba salmoni,Dusky-backed Jacamar,Aves,Piciformes
1393,2230,Brachypteracias leptosomus,Short-legged Ground Roller,Aves,Coraciiformes
1394,2231,Brachypteryx cruralis,Himalayan Shortwing,Aves,Passeriformes
1395,2232,Brachypteryx montana,Javan Shortwing,Aves,Passeriformes
1396,2233,Brachypteryx erythrogyna,Bornean Shortwing,Aves,Passeriformes
1397,2234,Brachypteryx floris,Flores Shortwing,Aves,Passeriformes
1398,2235,Brachypteryx goodfellowi,Taiwan Shortwing,Aves,Passeriformes
1399,2236,Brachypteryx hyperythra,Rusty-bellied Shortwing,Aves,Passeriformes
1400,2237,Brachypteryx leucophris,Lesser Shortwing,Aves,Passeriformes
1401,2238,Brachypteryx poliogyna,Philippine Shortwing,Aves,Passeriformes
1402,2239,Brachypteryx saturata,Sumatran Shortwing,Aves,Passeriformes
1403,2240,Brachypteryx sinensis,Chinese Shortwing,Aves,Passeriformes
1404,2241,Brachyramphus brevirostris,Kittlitz's Murrelet,Aves,Charadriiformes
1405,2242,Brachyramphus marmoratus,Marbled Murrelet,Aves,Charadriiformes
1406,2249,Bradornis comitatus,Dusky-blue Flycatcher,Aves,Passeriformes
1407,2251,Bradornis mariquensis,Marico Flycatcher,Aves,Passeriformes
1408,2252,Bradornis microrhynchus,African Grey Flycatcher,Aves,Passeriformes
1409,2255,Bradyporus dasypus,Bradyporus dasypus,Insecta,Orthoptera
1410,2258,Bradyporus oniscus,Bradyporus oniscus,Insecta,Orthoptera
1411,2262,Locustella alfredi,Bamboo Warbler,Aves,Passeriformes
1412,2263,Bradypterus baboecala,Little Rush Warbler,Aves,Passeriformes
1413,2264,Bradypterus bangwaensis,Bangwa Forest Warbler,Aves,Passeriformes
1414,2265,Bradypterus barratti,Barratt's Warbler,Aves,Passeriformes
1415,2266,Bradypterus brunneus,Brown Emutail,Aves,Passeriformes
1416,2267,Bradypterus carpalis,White-winged Swamp Warbler,Aves,Passeriformes
1417,2268,Bradypterus centralis,Highland Rush Warbler,Aves,Passeriformes
1418,2269,Bradypterus cinnamomeus,Cinnamon Bracken Warbler,Aves,Passeriformes
1419,2270,Bradypterus grandis,Dja River Scrub Warbler,Aves,Passeriformes
1420,2271,Bradypterus graueri,Grauer's Swamp Warbler,Aves,Passeriformes
1421,2272,Bradypterus lopezi,Evergreen Forest Warbler,Aves,Passeriformes
1422,2273,Bradypterus seebohmi,Grey Emutail,Aves,Passeriformes
1423,2274,Bradypterus sylvaticus,Knysna Warbler,Aves,Passeriformes
1424,2276,Branta bernicla,Brant Goose,Aves,Anseriformes
1425,2277,Branta canadensis,Canada Goose,Aves,Anseriformes
1426,2278,Branta hutchinsii,Cackling Goose,Aves,Anseriformes
1427,2279,Branta leucopsis,Barnacle Goose,Aves,Anseriformes
1428,2280,Branta ruficollis,Red-breasted Goose,Aves,Anseriformes
1429,2281,Branta sandvicensis,Nene,Aves,Anseriformes
1430,2282,Breviceps acutirostris,Breviceps acutirostris,Amphibia,Anura
1431,2283,Breviceps adspersus,Breviceps adspersus,Amphibia,Anura
1432,2285,Breviceps fuscus,Breviceps fuscus,Amphibia,Anura
1433,2286,Breviceps gibbosus,Breviceps gibbosus,Amphibia,Anura
1434,2287,Breviceps montanus,Breviceps montanus,Amphibia,Anura
1435,2288,Breviceps mossambicus,Breviceps mossambicus,Amphibia,Anura
1436,2293,Breviceps rosei,Breviceps rosei,Amphibia,Anura
1437,2295,Breviceps sylvestris,Breviceps sylvestris,Amphibia,Anura
1438,2296,Breviceps verrucosus,Breviceps verrucosus,Amphibia,Anura
1439,2301,Brotogeris chiriri,Yellow-chevroned Parakeet,Aves,Psittaciformes
1440,2302,Brotogeris chrysoptera,Golden-winged Parakeet,Aves,Psittaciformes
1441,2303,Brotogeris cyanoptera,Cobalt-winged Parakeet,Aves,Psittaciformes
1442,2304,Brotogeris jugularis,Orange-chinned Parakeet,Aves,Psittaciformes
1443,2305,Brotogeris pyrrhoptera,Grey-cheeked Parakeet,Aves,Psittaciformes
1444,2306,Brotogeris sanctithomae,Tui Parakeet,Aves,Psittaciformes
1445,2307,Brotogeris tirica,Plain Parakeet,Aves,Psittaciformes
1446,2308,Brotogeris versicolurus,White-winged Parakeet,Aves,Psittaciformes
1447,2310,Broughtonia domogledi,Broughtonia domogledi,Insecta,Orthoptera
1448,2311,Brunhilda charmosyna,Black-cheeked Waxbill,Aves,Passeriformes
1449,2312,Brunhilda erythronotos,Black-faced Waxbill,Aves,Passeriformes
1450,2316,Bryodemella holdereri,Bryodemella holdereri,Insecta,Orthoptera
1451,2319,Bubalornis albirostris,White-billed Buffalo Weaver,Aves,Passeriformes
1452,2320,Bubalornis niger,Red-billed Buffalo Weaver,Aves,Passeriformes
1453,2322,Bubo africanus,Spotted Eagle-Owl,Aves,Strigiformes
1454,2323,Bubo milesi,Arabian Eagle-Owl,Aves,Strigiformes
1455,2324,Bubo ascalaphus,Pharaoh Eagle-Owl,Aves,Strigiformes
1456,2325,Bubo bengalensis,Indian Eagle-Owl,Aves,Strigiformes
1457,2326,Ketupa blakistoni,Blakiston's Fish Owl,Aves,Strigiformes
1458,2328,Bubo bubo,Eurasian Eagle-Owl,Aves,Strigiformes
1459,2329,Bubo capensis,Cape Eagle-Owl,Aves,Strigiformes
1460,2330,Bubo cinerascens,Greyish Eagle-Owl,Aves,Strigiformes
1461,2331,Bubo coromandus,Bubo coromandus,Aves,Strigiformes
1462,2332,Ketupa lactea,Verreaux's Eagle-Owl,Aves,Strigiformes
1463,2334,Ketupa leucosticta,Akun Eagle-Owl,Aves,Strigiformes
1464,2336,Bubo magellanicus,Lesser Horned Owl,Aves,Strigiformes
1465,2337,Bubo nipalensis,Bubo nipalensis,Aves,Strigiformes
1466,2338,Ketupa philippensis,Philippine Eagle-Owl,Aves,Strigiformes
1467,2340,Ketupa poensis,Fraser's Eagle-Owl,Aves,Strigiformes
1468,2342,Bubo scandiacus,Snowy Owl,Aves,Strigiformes
1469,2345,Bubo sumatranus,Bubo sumatranus,Aves,Strigiformes
1470,2346,Bubo virginianus,Great Horned Owl,Aves,Strigiformes
1471,2347,Bubo vosseleri,Bubo vosseleri,Aves,Strigiformes
1472,2348,Ardea coromanda,Eastern Cattle Egret,Aves,Pelecaniformes
1473,2349,Bucanetes githagineus,Trumpeter Finch,Aves,Passeriformes
1474,2350,Bucanetes mongolicus,Mongolian Finch,Aves,Passeriformes
1475,2351,Buccanodon duchaillui,Yellow-spotted Barbet,Aves,Piciformes
1476,2352,Bucco capensis,Collared Puffbird,Aves,Piciformes
1477,2353,Bucco macrodactylus,Chestnut-capped Puffbird,Aves,Piciformes
1478,2354,Bucco noanamae,Sooty-capped Puffbird,Aves,Piciformes
1479,2355,Bucco tamatia,Spotted Puffbird,Aves,Piciformes
1480,2356,Bucephala albeola,Bufflehead,Aves,Anseriformes
1481,2357,Bucephala clangula,Common Goldeneye,Aves,Anseriformes
1482,2358,Bucephala islandica,Barrow's Goldeneye,Aves,Anseriformes
1483,2360,Buceros bicornis,Great Hornbill,Aves,Bucerotiformes
1484,2361,Buceros hydrocorax,Rufous Hornbill,Aves,Bucerotiformes
1485,2362,Buceros rhinoceros,Rhinoceros Hornbill,Aves,Bucerotiformes
1486,2363,Rhinoplax vigil,Helmeted Hornbill,Aves,Bucerotiformes
1487,2366,Bucorvus leadbeateri,Southern Ground Hornbill,Aves,Bucerotiformes
1488,2368,Bucrates malivolans,cattail conehead,Insecta,Orthoptera
1489,2372,Buergeria buergeri,Buergeria buergeri,Amphibia,Anura
1490,2373,Buergeria choui,Buergeria choui,Amphibia,Anura
1491,2374,Buergeria otai,Buergeria otai,Amphibia,Anura
1492,2376,Cincloramphus bivittatus,Buff-banded Thicketbird,Aves,Passeriformes
1493,2378,Bufo bufo,Bufo bufo,Amphibia,Anura
1494,2379,Epidalea calamita,Epidalea calamita,Amphibia,Anura
1495,2385,Bufo spinosus,Bufo spinosus,Amphibia,Anura
1496,2387,Bufotes viridis,Bufotes viridis,Amphibia,Anura
1497,2389,Bufo,Bufo,Amphibia,Anura
1498,2390,Bufonidae,True Toads,Amphibia,Anura
1499,2400,Bulweria bulwerii,Bulwer's Petrel,Aves,Procellariiformes
1500,2402,Bunopithecus hoolock,hoolock gibbon,Mammalia,Primates
1501,2404,Buphagus africanus,Yellow-billed Oxpecker,Aves,Passeriformes
1502,2405,Buphagus erythroryncha,Red-billed Oxpecker,Aves,Passeriformes
1503,2412,Burbunga queenslandica,Burbunga queenslandica,Insecta,Hemiptera
1504,2414,Burhinus bistriatus,Burhinus bistriatus,Aves,Charadriiformes
1505,2415,Burhinus capensis,Spotted Thick-knee,Aves,Charadriiformes
1506,2416,Burhinus grallarius,Bush Stone-curlew,Aves,Charadriiformes
1507,2417,Burhinus indicus,Indian Stone-curlew,Aves,Charadriiformes
1508,2418,Burhinus oedicnemus,Eurasian Stone-curlew,Aves,Charadriiformes
1509,2419,Burhinus senegalensis,Senegal Thick-knee,Aves,Charadriiformes
1510,2420,Burhinus superciliaris,Burhinus superciliaris,Aves,Charadriiformes
1511,2421,Burhinus vermiculatus,Water Thick-knee,Aves,Charadriiformes
1512,2422,Busarellus nigricollis,Black-collared Hawk,Aves,Accipitriformes
1513,2423,Butastur indicus,Grey-faced Buzzard,Aves,Accipitriformes
1514,2424,Butastur liventer,Rufous-winged Buzzard,Aves,Accipitriformes
1515,2425,Butastur rufipennis,Grasshopper Buzzard,Aves,Accipitriformes
1516,2426,Butastur teesa,White-eyed Buzzard,Aves,Accipitriformes
1517,2427,Geranoaetus albicaudatus,White-tailed Hawk,Aves,Accipitriformes
1518,2428,Buteo albigula,White-throated Hawk,Aves,Accipitriformes
1519,2429,Buteo albonotatus,Zone-tailed Hawk,Aves,Accipitriformes
1520,2430,Buteo augur,Augur Buzzard,Aves,Accipitriformes
1521,2433,Buteo brachypterus,Madagascar Buzzard,Aves,Accipitriformes
1522,2434,Buteo brachyurus,Short-tailed Hawk,Aves,Accipitriformes
1523,2435,Buteo buteo,Common Buzzard,Aves,Accipitriformes
1524,2436,Buteo galapagoensis,Galapagos Hawk,Aves,Accipitriformes
1525,2437,Buteo hemilasius,Upland Buzzard,Aves,Accipitriformes
1526,2438,Buteo jamaicensis,Red-tailed Hawk,Aves,Accipitriformes
1527,2439,Buteo japonicus,Eastern Buzzard,Aves,Accipitriformes
1528,2440,Buteo lagopus,Rough-legged Buzzard,Aves,Accipitriformes
1529,2441,Buteo lineatus,Red-shouldered Hawk,Aves,Accipitriformes
1530,2442,Buteo nitidus,Grey-lined Hawk,Aves,Accipitriformes
1531,2443,Buteo plagiatus,Grey Hawk,Aves,Accipitriformes
1532,2444,Buteo oreophilus,Mountain Buzzard,Aves,Accipitriformes
1533,2445,Buteo platypterus,Broad-winged Hawk,Aves,Accipitriformes
1534,2446,Geranoaetus polyosoma,Variable Hawk,Aves,Accipitriformes
1535,2448,Buteo regalis,Ferruginous Hawk,Aves,Accipitriformes
1536,2449,Buteo ridgwayi,Ridgway's Hawk,Aves,Accipitriformes
1537,2450,Buteo rufinus,Long-legged Buzzard,Aves,Accipitriformes
1538,2451,Buteo rufofuscus,Jackal Buzzard,Aves,Accipitriformes
1539,2453,Buteo solitarius,Hawaiian Hawk,Aves,Accipitriformes
1540,2454,Buteo swainsoni,Swainson's Hawk,Aves,Accipitriformes
1541,2455,Buteo trizonatus,Forest Buzzard,Aves,Accipitriformes
1542,2456,Buteo ventralis,Rufous-tailed Hawk,Aves,Accipitriformes
1543,2457,Buteogallus aequinoctialis,Rufous Crab Hawk,Aves,Accipitriformes
1544,2458,Buteogallus anthracinus,Common Black Hawk,Aves,Accipitriformes
1545,2459,Buteogallus coronatus,Chaco Eagle,Aves,Accipitriformes
1546,2460,Buteogallus gundlachii,Cuban Black Hawk,Aves,Accipitriformes
1547,2461,Buteogallus lacernulatus,White-necked Hawk,Aves,Accipitriformes
1548,2462,Buteogallus meridionalis,Savanna Hawk,Aves,Accipitriformes
1549,2463,Buteogallus schistaceus,Slate-colored Hawk,Aves,Accipitriformes
1550,2464,Buteogallus solitarius,Solitary Eagle,Aves,Accipitriformes
1551,2465,Buteogallus urubitinga,Great Black Hawk,Aves,Accipitriformes
1552,2466,Buthraupis montana,Hooded Mountain Tanager,Aves,Passeriformes
1553,2467,Butorides striata,Striated Heron,Aves,Pelecaniformes
1554,2468,Butorides virescens,Green Heron,Aves,Pelecaniformes
1555,2469,Bycanistes albotibialis,White-thighed Hornbill,Aves,Bucerotiformes
1556,2470,Bycanistes brevis,Silvery-cheeked Hornbill,Aves,Bucerotiformes
1557,2471,Bycanistes bucinator,Trumpeter Hornbill,Aves,Bucerotiformes
1558,2472,Bycanistes cylindricus,Brown-cheeked Hornbill,Aves,Bucerotiformes
1559,2473,Bycanistes fistulator,Piping Hornbill,Aves,Bucerotiformes
1560,2474,Bycanistes subcylindricus,Black-and-white-casqued Hornbill,Aves,Bucerotiformes
1561,2477,Cacama crepitans,Cacama crepitans,Insecta,Hemiptera
1562,2479,Cacama moorei,Cacama moorei,Insecta,Hemiptera
1563,2480,Cacama valvata,Cacama valvata,Insecta,Hemiptera
1564,2481,Cacatua alba,White Cockatoo,Aves,Psittaciformes
1565,2483,Cacatua sulphurea,Yellow-crested Cockatoo,Aves,Psittaciformes
1566,2484,Cacatua ducorpsii,Solomons Corella,Aves,Psittaciformes
1567,2485,Cacatua galerita,Sulphur-crested Cockatoo,Aves,Psittaciformes
1568,2486,Cacatua goffiniana,Tanimbar Corella,Aves,Psittaciformes
1569,2487,Cacatua haematuropygia,Red-vented Cockatoo,Aves,Psittaciformes
1570,2488,Cacatua leadbeateri,Pink Cockatoo,Aves,Psittaciformes
1571,2489,Cacatua moluccensis,Salmon-crested Cockatoo,Aves,Psittaciformes
1572,2490,Cacatua ophthalmica,Blue-eyed Cockatoo,Aves,Psittaciformes
1573,2491,Cacatua pastinator,Western Corella,Aves,Psittaciformes
1574,2492,Cacatua sanguinea,Little Corella,Aves,Psittaciformes
1575,2493,Cacatua tenuirostris,Long-billed Corella,Aves,Psittaciformes
1576,2494,Cacicus cela,Yellow-rumped Cacique,Aves,Passeriformes
1577,2495,Cacicus chrysonotus,Mountain Cacique,Aves,Passeriformes
1578,2496,Cacicus leucoramphus,Cacicus leucoramphus,Aves,Passeriformes
1579,2497,Cacicus chrysopterus,Golden-winged Cacique,Aves,Passeriformes
1580,2498,Cacicus haemorrhous,Red-rumped Cacique,Aves,Passeriformes
1581,2499,Cacicus koepckeae,Selva Cacique,Aves,Passeriformes
1582,2500,Cacicus latirostris,Band-tailed Cacique,Aves,Passeriformes
1583,2501,Cassiculus melanicterus,Mexican Cacique,Aves,Passeriformes
1584,2502,Cacicus microrhynchus,Scarlet-rumped Cacique,Aves,Passeriformes
1585,2503,Cacicus uropygialis,Subtropical Cacique,Aves,Passeriformes
1586,2504,Cacicus oseryi,Casqued Cacique,Aves,Passeriformes
1587,2505,Cacicus sclateri,Ecuadorian Cacique,Aves,Passeriformes
1588,2506,Cacicus solitarius,Solitary Cacique,Aves,Passeriformes
1589,2507,Cacomantis addendus,Solomons Brush Cuckoo,Aves,Cuculiformes
1590,2508,Cacomantis aeruginosus,Moluccan Brush Cuckoo,Aves,Cuculiformes
1591,2510,Cacomantis castaneiventris,Chestnut-breasted Cuckoo,Aves,Cuculiformes
1592,2511,Cacomantis flabelliformis,Fan-tailed Cuckoo,Aves,Cuculiformes
1593,2512,Caliechthrus leucolophus,White-crowned Cuckoo,Aves,Cuculiformes
1594,2514,Cacomantis merulinus,Plaintive Cuckoo,Aves,Cuculiformes
1595,2515,Heteroscenes pallidus,Pallid Cuckoo,Aves,Cuculiformes
1596,2517,Cacomantis passerinus,Grey-bellied Cuckoo,Aves,Cuculiformes
1597,2518,Cacomantis sepulcralis,Sunda Brush Cuckoo,Aves,Cuculiformes
1598,2519,Cacomantis variolosus,Sahul Brush Cuckoo,Aves,Cuculiformes
1599,2520,Cacomantis virescens,Sulawesi Brush Cuckoo,Aves,Cuculiformes
1600,2521,Cacomantis sonneratii,Banded Bay Cuckoo,Aves,Cuculiformes
1601,2522,Cacopsylla pyri,Cacopsylla pyri,Insecta,Hemiptera
1602,2523,Cacosternum aggestum,Cacosternum aggestum,Amphibia,Anura
1603,2524,Cacosternum australis,Cacosternum australis,Amphibia,Anura
1604,2525,Cacosternum boettgeri,Cacosternum boettgeri,Amphibia,Anura
1605,2526,Cacosternum capense,Cacosternum capense,Amphibia,Anura
1606,2529,Cacosternum namaquense,Cacosternum namaquense,Amphibia,Anura
1607,2530,Cacosternum nanum,Cacosternum nanum,Amphibia,Anura
1608,2531,Cacosternum parvum,Cacosternum parvum,Amphibia,Anura
1609,2532,Cacosternum platys,Cacosternum platys,Amphibia,Anura
1610,2533,Cacosternum rhythmum,Cacosternum rhythmum,Amphibia,Anura
1611,2539,Caedicia simplex,Caedicia simplex,Insecta,Orthoptera
1612,2542,Cairina moschata,Muscovy Duck,Aves,Anseriformes
1613,2544,Calamanthus campestris,Rufous Fieldwren,Aves,Passeriformes
1614,2545,Hylacola cauta,Shy Heathwren,Aves,Passeriformes
1615,2546,Calamanthus fuliginosus,Striated Fieldwren,Aves,Passeriformes
1616,2547,Calamanthus montanellus,Western Fieldwren,Aves,Passeriformes
1617,2548,Hylacola pyrrhopygia,Chestnut-rumped Heathwren,Aves,Passeriformes
1618,2549,Calamonastes fasciolatus,Barred Wren-Warbler,Aves,Passeriformes
1619,2550,Calamonastes simplex,Grey Wren-Warbler,Aves,Passeriformes
1620,2551,Calamonastes stierlingi,Stierling's Wren-Warbler,Aves,Passeriformes
1621,2552,Calamonastes undosus,Miombo Wren-Warbler,Aves,Passeriformes
1622,2553,Calamonastides gracilirostris,Papyrus Yellow Warbler,Aves,Passeriformes
1623,2554,Paradoxornis heudei,Reed Parrotbill,Aves,Passeriformes
1624,2555,Calamospiza melanocorys,Lark Bunting,Aves,Passeriformes
1625,2558,Calandrella acutirostris,Hume's Short-toed Lark,Aves,Passeriformes
1626,2559,Calandrella blanfordi,Blanford's Lark,Aves,Passeriformes
1627,2560,Calandrella eremica,Rufous-capped Lark,Aves,Passeriformes
1628,2561,Calandrella brachydactyla,Greater Short-toed Lark,Aves,Passeriformes
1629,2562,Calandrella dukhunensis,Mongolian Short-toed Lark,Aves,Passeriformes
1630,2563,Calandrella cinerea,Red-capped Lark,Aves,Passeriformes
1631,2565,Calcarius lapponicus,Lapland Longspur,Aves,Passeriformes
1632,2566,Calcarius ornatus,Chestnut-collared Longspur,Aves,Passeriformes
1633,2567,Calcarius pictus,Smith's Longspur,Aves,Passeriformes
1634,2568,Calendulauda africanoides,Fawn-colored Lark,Aves,Passeriformes
1635,2569,Calendulauda albescens,Karoo Lark,Aves,Passeriformes
1636,2570,Calendulauda alopex,Calendulauda alopex,Aves,Passeriformes
1637,2572,Calendulauda burra,Red Lark,Aves,Passeriformes
1638,2573,Calendulauda erythrochlamys,Dune Lark,Aves,Passeriformes
1639,2574,Calendulauda gilletti,Gillett's Lark,Aves,Passeriformes
1640,2576,Calendulauda poecilosterna,Pink-breasted Lark,Aves,Passeriformes
1641,2577,Calendulauda sabota,Sabota Lark,Aves,Passeriformes
1642,2579,Calherodius leuconotus,White-backed Night Heron,Aves,Pelecaniformes
1643,2581,Calicalicus madagascariensis,Red-tailed Vanga,Aves,Passeriformes
1644,2582,Calicalicus rufocarpalis,Red-shouldered Vanga,Aves,Passeriformes
1645,2583,Calidris acuminata,Sharp-tailed Sandpiper,Aves,Charadriiformes
1646,2584,Calidris alba,Sanderling,Aves,Charadriiformes
1647,2585,Calidris alpina,Dunlin,Aves,Charadriiformes
1648,2586,Calidris bairdii,Baird's Sandpiper,Aves,Charadriiformes
1649,2587,Calidris canutus,Red Knot,Aves,Charadriiformes
1650,2588,Calidris falcinellus,Broad-billed Sandpiper,Aves,Charadriiformes
1651,2590,Calidris ferruginea,Curlew Sandpiper,Aves,Charadriiformes
1652,2591,Calidris fuscicollis,White-rumped Sandpiper,Aves,Charadriiformes
1653,2592,Calidris himantopus,Stilt Sandpiper,Aves,Charadriiformes
1654,2593,Calidris maritima,Purple Sandpiper,Aves,Charadriiformes
1655,2594,Calidris mauri,Western Sandpiper,Aves,Charadriiformes
1656,2595,Calidris melanotos,Pectoral Sandpiper,Aves,Charadriiformes
1657,2596,Calidris minuta,Little Stint,Aves,Charadriiformes
1658,2597,Calidris minutilla,Least Sandpiper,Aves,Charadriiformes
1659,2598,Calidris ptilocnemis,Rock Sandpiper,Aves,Charadriiformes
1660,2599,Calidris pugnax,Ruff,Aves,Charadriiformes
1661,2601,Calidris pusilla,Semipalmated Sandpiper,Aves,Charadriiformes
1662,2602,Calidris pygmaea,Spoon-billed Sandpiper,Aves,Charadriiformes
1663,2603,Calidris ruficollis,Red-necked Stint,Aves,Charadriiformes
1664,2604,Calidris subminuta,Long-toed Stint,Aves,Charadriiformes
1665,2605,Calidris subruficollis,Buff-breasted Sandpiper,Aves,Charadriiformes
1666,2606,Calidris temminckii,Temminck's Stint,Aves,Charadriiformes
1667,2607,Calidris tenuirostris,Great Knot,Aves,Charadriiformes
1668,2608,Calidris virgata,Surfbird,Aves,Charadriiformes
1669,2609,Caligavis chrysops,Yellow-faced Honeyeater,Aves,Passeriformes
1670,2610,Caligavis obscura,Obscure Honeyeater,Aves,Passeriformes
1671,2611,Caligavis subfrenata,Black-throated Honeyeater,Aves,Passeriformes
1672,2613,Callacanthis burtoni,Spectacled Finch,Aves,Passeriformes
1673,2615,Callaeas wilsoni,North Island Kokako,Aves,Passeriformes
1674,2623,Callicebus discolor,White-tailed titi,Mammalia,Primates
1675,2625,Callicebus donacophilus,Bolivian titi,Mammalia,Primates
1676,2630,Callicebus melanochir,Coastal black-handed titi,Mammalia,Primates
1677,2631,Callicebus moloch,dusky titi,Mammalia,Primates
1678,2633,Callicebus nigrifrons,Black-fronted titi,Mammalia,Primates
1679,2634,Callicebus oenanthe,Andean titi,Mammalia,Primates
1680,2636,Callicebus personatus,masked titi,Mammalia,Primates
1681,2638,Callicebus,Callicebus,Mammalia,Primates
1682,2643,Callimedusa tomopterna,Callimedusa tomopterna,Amphibia,Anura
1683,2646,Calliope calliope,Siberian Rubythroat,Aves,Passeriformes
1684,2648,Calliope obscura,Blackthroat,Aves,Passeriformes
1685,2649,Calliope pectardens,Firethroat,Aves,Passeriformes
1686,2650,Calliope pectoralis,Himalayan Rubythroat,Aves,Passeriformes
1687,2651,Calliope tschebaiewi,Chinese Rubythroat,Aves,Passeriformes
1688,2652,Callipepla californica,California Quail,Aves,Galliformes
1689,2653,Callipepla douglasii,Elegant Quail,Aves,Galliformes
1690,2654,Callipepla gambelii,Gambel's Quail,Aves,Galliformes
1691,2655,Callipepla squamata,Scaled Quail,Aves,Galliformes
1692,2656,Calliphlox amethystina,Amethyst Woodstar,Aves,Apodiformes
1693,2657,Philodice bryantae,Magenta-throated Woodstar,Aves,Apodiformes
1694,2658,Philodice mitchellii,Purple-throated Woodstar,Aves,Apodiformes
1695,2665,Callithrix aurita,white-eared marmoset,Mammalia,Primates
1696,2668,Callithrix geoffroyi,Geoffroy's marmoset,Mammalia,Primates
1697,2669,Callithrix jacchus,white-tufted-ear marmoset,Mammalia,Primates
1698,2672,Callithrix penicillata,black-pencilled marmoset,Mammalia,Primates
1699,2676,Callocephalon fimbriatum,Gang-gang Cockatoo,Aves,Psittaciformes
1700,2677,Callonetta leucophrys,Ringed Teal,Aves,Anseriformes
1701,2678,Callorhinus ursinus,Northern Fur Seal,Mammalia,Carnivora
1702,2681,Callosciurus caniceps,gray-bellied squirrel,Mammalia,Rodentia
1703,2682,Callosciurus erythraeus,Pallas's squirrel,Mammalia,Rodentia
1704,2683,Callosciurus finlaysonii,Finlayson's squirrel,Mammalia,Rodentia
1705,2686,Callosciurus notatus,plantain squirrel,Mammalia,Rodentia
1706,2688,Callosciurus prevostii,Prevost's squirrel,Mammalia,Rodentia
1707,2695,Calochaetes coccineus,Vermilion Tanager,Aves,Passeriformes
1708,2696,Cyanocorax colliei,Black-throated Magpie-Jay,Aves,Passeriformes
1709,2698,Cyanocorax formosus,White-throated Magpie-Jay,Aves,Passeriformes
1710,2701,Caloenas nicobarica,Nicobar Pigeon,Aves,Columbiformes
1711,2702,Calonectris borealis,Cory's Shearwater,Aves,Procellariiformes
1712,2703,Calonectris diomedea,Scopoli's Shearwater,Aves,Procellariiformes
1713,2705,Calonectris leucomelas,Streaked Shearwater,Aves,Procellariiformes
1714,2706,Caloperdix oculeus,Ferruginous Partridge,Aves,Galliformes
1715,2707,Caloramphus fuliginosus,Brown Barbet,Aves,Piciformes
1716,2708,Caloramphus hayii,Sooty Barbet,Aves,Piciformes
1717,2709,Calothorax lucifer,Lucifer Sheartail,Aves,Apodiformes
1718,2710,Calothorax pulcher,Beautiful Sheartail,Aves,Apodiformes
1719,2713,Calypte anna,Anna's Hummingbird,Aves,Apodiformes
1720,2714,Calypte costae,Costa's Hummingbird,Aves,Apodiformes
1721,2715,Calyptocephalella gayi,Calyptocephalella gayi,Amphibia,Anura
1722,2716,Calyptocichla serinus,Golden Greenbul,Aves,Passeriformes
1723,2717,Calyptomena hosii,Hose's Broadbill,Aves,Passeriformes
1724,2718,Calyptomena viridis,Green Broadbill,Aves,Passeriformes
1725,2719,Calyptomena whiteheadi,Whitehead's Broadbill,Aves,Passeriformes
1726,2720,Calyptophilus frugivorus,Eastern Chat-Tanager,Aves,Passeriformes
1727,2721,Calyptophilus tertius,Western Chat-Tanager,Aves,Passeriformes
1728,2722,Calyptorhynchus banksii,Red-tailed Black Cockatoo,Aves,Psittaciformes
1729,2724,Calyptorhynchus lathami,Glossy Black Cockatoo,Aves,Psittaciformes
1730,2727,Camarhynchus pallidus,Woodpecker Finch,Aves,Passeriformes
1731,2728,Camarhynchus parvulus,Small Tree Finch,Aves,Passeriformes
1732,2729,Camarhynchus pauper,Medium Tree Finch,Aves,Passeriformes
1733,2730,Camarhynchus psittacula,Large Tree Finch,Aves,Passeriformes
1734,2731,Camaroptera brachyura,Green-backed Camaroptera,Aves,Passeriformes
1735,2732,Camaroptera brevicaudata,Grey-backed Camaroptera,Aves,Passeriformes
1736,2733,Camaroptera chloronota,Olive-green Camaroptera,Aves,Passeriformes
1737,2734,Camaroptera harterti,Hartert's Camaroptera,Aves,Passeriformes
1738,2735,Camaroptera superciliaris,Yellow-browed Camaroptera,Aves,Passeriformes
1739,2738,Campephaga flava,Black Cuckooshrike,Aves,Passeriformes
1740,2739,Campephaga petiti,Petit's Cuckooshrike,Aves,Passeriformes
1741,2740,Campephaga phoenicea,Red-shouldered Cuckooshrike,Aves,Passeriformes
1742,2741,Campephaga quiscalina,Purple-throated Cuckooshrike,Aves,Passeriformes
1743,2742,Campephilus gayaquilensis,Guayaquil Woodpecker,Aves,Piciformes
1744,2743,Campephilus guatemalensis,Pale-billed Woodpecker,Aves,Piciformes
1745,2744,Campephilus haematogaster,Crimson-bellied Woodpecker,Aves,Piciformes
1746,2745,Campephilus leucopogon,Cream-backed Woodpecker,Aves,Piciformes
1747,2746,Campephilus magellanicus,Magellanic Woodpecker,Aves,Piciformes
1748,2747,Campephilus melanoleucos,Crimson-crested Woodpecker,Aves,Piciformes
1749,2748,Campephilus pollens,Powerful Woodpecker,Aves,Piciformes
1750,2749,Campephilus principalis,Ivory-billed Woodpecker,Aves,Piciformes
1751,2750,Campephilus robustus,Robust Woodpecker,Aves,Piciformes
1752,2751,Campephilus rubricollis,Red-necked Woodpecker,Aves,Piciformes
1753,2752,Campethera abingoni,Golden-tailed Woodpecker,Aves,Piciformes
1754,2753,Campethera bennettii,Bennett's Woodpecker,Aves,Piciformes
1755,2754,Campethera cailliautii,Little Spotted Woodpecker,Aves,Piciformes
1756,2755,Campethera maculosa,Little Green Woodpecker,Aves,Piciformes
1757,2756,Campethera mombassica,Mombasa Woodpecker,Aves,Piciformes
1758,2757,Campethera notata,Knysna Woodpecker,Aves,Piciformes
1759,2758,Campethera nubica,Nubian Woodpecker,Aves,Piciformes
1760,2759,Campethera punctuligera,Fine-spotted Woodpecker,Aves,Piciformes
1761,2762,Campicoloides bifasciatus,Buff-streaked Chat,Aves,Passeriformes
1762,2763,Campochaera sloetii,Golden Cuckooshrike,Aves,Passeriformes
1763,2764,Campocolinus albogularis,White-throated Francolin,Aves,Galliformes
1764,2765,Campocolinus coqui,Coqui Francolin,Aves,Galliformes
1765,2767,Camptostoma imberbe,Northern Beardless Tyrannulet,Aves,Passeriformes
1766,2768,Camptostoma obsoletum,Southern Beardless Tyrannulet,Aves,Passeriformes
1767,2769,Campylopterus calcirupicola,Outcrop Sabrewing,Aves,Apodiformes
1768,2772,Campylopterus ensipennis,White-tailed Sabrewing,Aves,Apodiformes
1769,2773,Campylopterus falcatus,Lazuline Sabrewing,Aves,Apodiformes
1770,2774,Campylopterus hemileucurus,Violet Sabrewing,Aves,Apodiformes
1771,2775,Campylopterus hyperythrus,Rufous-breasted Sabrewing,Aves,Apodiformes
1772,2776,Campylopterus largipennis,Grey-breasted Sabrewing,Aves,Apodiformes
1773,2777,Campylopterus phainopeplus,Santa Marta Sabrewing,Aves,Apodiformes
1774,2778,Campylopterus villaviscensio,Napo Sabrewing,Aves,Apodiformes
1775,2779,Campylorhamphus falcularius,Black-billed Scythebill,Aves,Passeriformes
1776,2780,Campylorhamphus multostriatus,Xingu Scythebill,Aves,Passeriformes
1777,2781,Campylorhamphus procurvoides,Curve-billed Scythebill,Aves,Passeriformes
1778,2782,Campylorhamphus probatus,Tapajos Scythebill,Aves,Passeriformes
1779,2783,Campylorhamphus pusillus,Brown-billed Scythebill,Aves,Passeriformes
1780,2784,Campylorhamphus trochilirostris,Red-billed Scythebill,Aves,Passeriformes
1781,2785,Campylorhynchus albobrunneus,White-headed Wren,Aves,Passeriformes
1782,2786,Campylorhynchus brunneicapillus,Cactus Wren,Aves,Passeriformes
1783,2787,Campylorhynchus capistratus,Rufous-backed Wren,Aves,Passeriformes
1784,2788,Campylorhynchus chiapensis,Giant Wren,Aves,Passeriformes
1785,2789,Campylorhynchus fasciatus,Fasciated Wren,Aves,Passeriformes
1786,2790,Campylorhynchus griseus,Bicolored Wren,Aves,Passeriformes
1787,2791,Campylorhynchus gularis,Spotted Wren,Aves,Passeriformes
1788,2792,Campylorhynchus humilis,Russet-naped Wren,Aves,Passeriformes
1789,2793,Campylorhynchus jocosus,Boucard's Wren,Aves,Passeriformes
1790,2794,Campylorhynchus megalopterus,Grey-barred Wren,Aves,Passeriformes
1791,2795,Campylorhynchus nuchalis,Stripe-backed Wren,Aves,Passeriformes
1792,2796,Campylorhynchus rufinucha,Veracruz Wren,Aves,Passeriformes
1793,2797,Campylorhynchus turdinus,Thrush-like Wren,Aves,Passeriformes
1794,2798,Campylorhynchus yucatanicus,Yucatan Wren,Aves,Passeriformes
1795,2799,Campylorhynchus zonatus,Band-backed Wren,Aves,Passeriformes
1796,2800,Canachites canadensis,Spruce Grouse,Aves,Galliformes
1797,2804,Canis anthus,Canis anthus,Mammalia,Carnivora
1798,2805,Canis aureus,Golden Jackal,Mammalia,Carnivora
1799,2806,Canis lupus (Domestic type),Dog (Domestic type),Mammalia,Carnivora
1800,2807,Canis lupus,Gray Wolf,Mammalia,Carnivora
1801,2811,Canis latrans,Coyote,Mammalia,Carnivora
1802,2813,Canis lycaon,Canis lycaon,Mammalia,Carnivora
1803,2819,Cantorchilus elutus,Isthmian Wren,Aves,Passeriformes
1804,2820,Cantorchilus modestus,Cabanis's Wren,Aves,Passeriformes
1805,2821,Cantorchilus zeledoni,Canebrake Wren,Aves,Passeriformes
1806,2822,Cantorchilus griseus,Grey Wren,Aves,Passeriformes
1807,2823,Cantorchilus guarayanus,Fawn-breasted Wren,Aves,Passeriformes
1808,2824,Cantorchilus leucopogon,Stripe-throated Wren,Aves,Passeriformes
1809,2825,Cantorchilus leucotis,Buff-breasted Wren,Aves,Passeriformes
1810,2826,Cantorchilus longirostris,Long-billed Wren,Aves,Passeriformes
1811,2827,Cantorchilus nigricapillus,Bay Wren,Aves,Passeriformes
1812,2828,Cantorchilus semibadius,Riverside Wren,Aves,Passeriformes
1813,2829,Cantorchilus superciliaris,Superciliated Wren,Aves,Passeriformes
1814,2830,Cantorchilus thoracicus,Stripe-breasted Wren,Aves,Passeriformes
1815,2832,Capito auratus,Gilded Barbet,Aves,Piciformes
1816,2833,Capito aurovirens,Scarlet-crowned Barbet,Aves,Piciformes
1817,2834,Capito brunneipectus,Brown-chested Barbet,Aves,Piciformes
1818,2835,Capito dayi,Black-girdled Barbet,Aves,Piciformes
1819,2837,Capito hypoleucus,White-mantled Barbet,Aves,Piciformes
1820,2838,Capito maculicoronatus,Spot-crowned Barbet,Aves,Piciformes
1821,2839,Capito niger,Black-spotted Barbet,Aves,Piciformes
1822,2840,Capito quinticolor,Five-colored Barbet,Aves,Piciformes
1823,2841,Capito squamatus,Orange-fronted Barbet,Aves,Piciformes
1824,2842,Capito wallacei,Scarlet-banded Barbet,Aves,Piciformes
1825,2852,Capra hircus,Goat,Mammalia,Artiodactyla
1826,2856,Capreolus capreolus,European Roe,Mammalia,Artiodactyla
1827,2857,Capreolus pygargus,Siberian Roe Deer,Mammalia,Artiodactyla
1828,2859,Caprimulgus aegyptius,Egyptian Nightjar,Aves,Caprimulgiformes
1829,2860,Caprimulgus affinis,Savanna Nightjar,Aves,Caprimulgiformes
1830,2861,Caprimulgus griseatus,Chirruping Nightjar,Aves,Caprimulgiformes
1831,2862,Caprimulgus andamanicus,Andaman Nightjar,Aves,Caprimulgiformes
1832,2863,Caprimulgus asiaticus,Indian Nightjar,Aves,Caprimulgiformes
1833,2864,Caprimulgus atripennis,Jerdon's Nightjar,Aves,Caprimulgiformes
1834,2865,Caprimulgus batesi,Bates's Nightjar,Aves,Caprimulgiformes
1835,2866,Caprimulgus celebensis,Sulawesi Nightjar,Aves,Caprimulgiformes
1836,2867,Caprimulgus clarus,Slender-tailed Nightjar,Aves,Caprimulgiformes
1837,2868,Caprimulgus climacurus,Long-tailed Nightjar,Aves,Caprimulgiformes
1838,2869,Caprimulgus concretus,Bonaparte's Nightjar,Aves,Caprimulgiformes
1839,2870,Caprimulgus donaldsoni,Donaldson Smith's Nightjar,Aves,Caprimulgiformes
1840,2871,Caprimulgus europaeus,European Nightjar,Aves,Caprimulgiformes
1841,2872,Caprimulgus eximius,Golden Nightjar,Aves,Caprimulgiformes
1842,2873,Caprimulgus fossii,Square-tailed Nightjar,Aves,Caprimulgiformes
1843,2874,Caprimulgus fraenatus,Sombre Nightjar,Aves,Caprimulgiformes
1844,2875,Caprimulgus indicus,Jungle Nightjar,Aves,Caprimulgiformes
1845,2876,Caprimulgus inornatus,Plain Nightjar,Aves,Caprimulgiformes
1846,2877,Caprimulgus jotaka,Grey Nightjar,Aves,Caprimulgiformes
1847,2878,Caprimulgus longipennis,Standard-winged Nightjar,Aves,Caprimulgiformes
1848,2879,Caprimulgus macrurus,Large-tailed Nightjar,Aves,Caprimulgiformes
1849,2880,Caprimulgus madagascariensis,Madagascar Nightjar,Aves,Caprimulgiformes
1850,2882,Caprimulgus manillensis,Philippine Nightjar,Aves,Caprimulgiformes
1851,2883,Caprimulgus meesi,Mees's Nightjar,Aves,Caprimulgiformes
1852,2884,Caprimulgus natalensis,Swamp Nightjar,Aves,Caprimulgiformes
1853,2885,Caprimulgus nigriscapularis,Caprimulgus nigriscapularis,Aves,Caprimulgiformes
1854,2886,Caprimulgus nubicus,Nubian Nightjar,Aves,Caprimulgiformes
1855,2887,Caprimulgus pectoralis,Fiery-necked Nightjar,Aves,Caprimulgiformes
1856,2889,Caprimulgus poliocephalus,Montane Nightjar,Aves,Caprimulgiformes
1857,2890,Caprimulgus pulchellus,Salvadori's Nightjar,Aves,Caprimulgiformes
1858,2891,Caprimulgus ritae,Timor Nightjar,Aves,Caprimulgiformes
1859,2892,Caprimulgus ruficollis,Red-necked Nightjar,Aves,Caprimulgiformes
1860,2893,Caprimulgus rufigena,Rufous-cheeked Nightjar,Aves,Caprimulgiformes
1861,2895,Caprimulgus tristigma,Freckled Nightjar,Aves,Caprimulgiformes
1862,2896,Caprimulgus vexillarius,Pennant-winged Nightjar,Aves,Caprimulgiformes
1863,2898,Capsiempis flaveola,Yellow Tyrannulet,Aves,Passeriformes
1864,2900,Caracara plancus,Crested Caracara,Aves,Falconiformes
1865,2909,Cardellina canadensis,Canada Warbler,Aves,Passeriformes
1866,2910,Cardellina pusilla,Wilson's Warbler,Aves,Passeriformes
1867,2911,Cardellina rubra,Red Warbler,Aves,Passeriformes
1868,2912,Cardellina rubrifrons,Red-faced Warbler,Aves,Passeriformes
1869,2913,Cardellina versicolor,Pink-headed Warbler,Aves,Passeriformes
1870,2914,Cardinalis cardinalis,Northern Cardinal,Aves,Passeriformes
1871,2915,Cardinalis phoeniceus,Vermilion Cardinal,Aves,Passeriformes
1872,2916,Cardinalis sinuatus,Pyrrhuloxia,Aves,Passeriformes
1873,2919,Carduelis caniceps,Grey-crowned Goldfinch,Aves,Passeriformes
1874,2920,Linaria cannabina,Common Linnet,Aves,Passeriformes
1875,2922,Carduelis carduelis,European Goldfinch,Aves,Passeriformes
1876,2923,Carduelis citrinella,Citril Finch,Aves,Passeriformes
1877,2924,Carduelis corsicana,Corsican Finch,Aves,Passeriformes
1878,2925,Spinus cucullatus,Red Siskin,Aves,Passeriformes
1879,2927,Linaria flavirostris,Twite,Aves,Passeriformes
1880,2929,Spinus pinus,Pine Siskin,Aves,Passeriformes
1881,2931,Spinus spinus,Eurasian Siskin,Aves,Passeriformes
1882,2934,Cariama cristata,Red-legged Seriema,Aves,Cariamiformes
1883,2938,Caridonax fulgidus,White-rumped Kingfisher,Aves,Coraciiformes
1884,2940,Carineta diardi,Carineta diardi,Insecta,Hemiptera
1885,2945,Carpococcyx radiceus,Bornean Ground Cuckoo,Aves,Cuculiformes
1886,2946,Carpococcyx renauldi,Coral-billed Ground Cuckoo,Aves,Cuculiformes
1887,2947,Carpococcyx viridis,Sumatran Ground Cuckoo,Aves,Cuculiformes
1888,2948,Carpodacus davidianus,Chinese Beautiful Rosefinch,Aves,Passeriformes
1889,2949,Carpodacus dubius,Chinese White-browed Rosefinch,Aves,Passeriformes
1890,2950,Carpodacus edwardsii,Dark-rumped Rosefinch,Aves,Passeriformes
1891,2951,Carpodacus erythrinus,Common Rosefinch,Aves,Passeriformes
1892,2952,Carpodacus formosanus,Taiwan Rosefinch,Aves,Passeriformes
1893,2953,Carpodacus grandis,Blyth's Rosefinch,Aves,Passeriformes
1894,2954,Carpodacus pulcherrimus,Himalayan Beautiful Rosefinch,Aves,Passeriformes
1895,2955,Carpodacus puniceus,Red-fronted Rosefinch,Aves,Passeriformes
1896,2956,Carpodacus rhodochlamys,Red-mantled Rosefinch,Aves,Passeriformes
1897,2957,Carpodacus roborowskii,Tibetan Rosefinch,Aves,Passeriformes
1898,2958,Carpodacus rodochroa,Pink-browed Rosefinch,Aves,Passeriformes
1899,2959,Carpodacus rodopeplus,Spot-winged Rosefinch,Aves,Passeriformes
1900,2960,Carpodacus roseus,Pallas's Rosefinch,Aves,Passeriformes
1901,2961,Carpodacus rubicilla,Great Rosefinch,Aves,Passeriformes
1902,2962,Carpodacus rubicilloides,Streaked Rosefinch,Aves,Passeriformes
1903,2963,Carpodacus sibiricus,Siberian Long-tailed Rosefinch,Aves,Passeriformes
1904,2966,Carpodacus sipahi,Scarlet Finch,Aves,Passeriformes
1905,2967,Carpodacus stoliczkae,Pale Rosefinch,Aves,Passeriformes
1906,2968,Carpodacus subhimachalus,Crimson-browed Finch,Aves,Passeriformes
1907,2969,Carpodacus synoicus,Sinai Rosefinch,Aves,Passeriformes
1908,2970,Carpodacus thura,Himalayan White-browed Rosefinch,Aves,Passeriformes
1909,2971,Carpodacus trifasciatus,Three-banded Rosefinch,Aves,Passeriformes
1910,2972,Carpodacus verreauxii,Sharpe's Rosefinch,Aves,Passeriformes
1911,2973,Carpodacus vinaceus,Vinaceous Rosefinch,Aves,Passeriformes
1912,2974,Carpodacus waltoni,Pink-rumped Rosefinch,Aves,Passeriformes
1913,2977,Carpornis cucullata,Hooded Berryeater,Aves,Passeriformes
1914,2978,Carpornis melanocephala,Black-headed Berryeater,Aves,Passeriformes
1915,2979,Carpospiza brachydactyla,Pale Rockfinch,Aves,Passeriformes
1916,2980,Carterornis castus,Tanimbar Monarch,Aves,Passeriformes
1917,2981,Carterornis pileatus,White-naped Monarch,Aves,Passeriformes
1918,2982,Carterornis chrysomela,Golden Monarch,Aves,Passeriformes
1919,2983,Carterornis leucotis,White-eared Monarch,Aves,Passeriformes
1920,2987,Orocharis vaginalis,Orocharis vaginalis,Insecta,Orthoptera
1921,2988,Caryothraustes canadensis,Yellow-green Grosbeak,Aves,Passeriformes
1922,2989,Caryothraustes poliogaster,Black-faced Grosbeak,Aves,Passeriformes
1923,2992,Casiornis fuscus,Ash-throated Casiornis,Aves,Passeriformes
1924,2993,Casiornis rufus,Rufous Casiornis,Aves,Passeriformes
1925,2994,Castanozoster thoracicus,Bay-chested Warbling Finch,Aves,Passeriformes
1926,2996,Castor canadensis,american beaver,Mammalia,Rodentia
1927,2997,Castor fiber,Castor fiber,Mammalia,Rodentia
1928,2998,Casuarius bennetti,Dwarf Cassowary,Aves,Casuariiformes
1929,2999,Casuarius casuarius,Southern Cassowary,Aves,Casuariiformes
1930,3001,Catamblyrhynchus diadema,Plushcap,Aves,Passeriformes
1931,3002,Catamenia analis,Band-tailed Seedeater,Aves,Passeriformes
1932,3003,Catamenia homochroa,Paramo Seedeater,Aves,Passeriformes
1933,3004,Catamenia inornata,Plain-colored Seedeater,Aves,Passeriformes
1934,3005,Turdus turdoides,Sulawesi Thrush,Aves,Passeriformes
1935,3007,Catharopeza bishopi,Whistling Warbler,Aves,Passeriformes
1936,3008,Cathartes aura,Turkey Vulture,Aves,Accipitriformes
1937,3011,Catharus aurantiirostris,Orange-billed Nightingale-Thrush,Aves,Passeriformes
1938,3012,Catharus bicknelli,Bicknell's Thrush,Aves,Passeriformes
1939,3013,Catharus dryas,Yellow-throated Nightingale-Thrush,Aves,Passeriformes
1940,3014,Catharus maculatus,Speckled Nightingale-Thrush,Aves,Passeriformes
1941,3015,Catharus frantzii,Ruddy-capped Nightingale-Thrush,Aves,Passeriformes
1942,3016,Catharus fuscater,Slaty-backed Nightingale-Thrush,Aves,Passeriformes
1943,3017,Catharus fuscescens,Veery,Aves,Passeriformes
1944,3018,Catharus gracilirostris,Black-billed Nightingale-Thrush,Aves,Passeriformes
1945,3019,Catharus guttatus,Hermit Thrush,Aves,Passeriformes
1946,3020,Catharus mexicanus,Black-headed Nightingale-Thrush,Aves,Passeriformes
1947,3021,Catharus minimus,Grey-cheeked Thrush,Aves,Passeriformes
1948,3022,Catharus occidentalis,Russet Nightingale-Thrush,Aves,Passeriformes
1949,3023,Catharus ustulatus,Swainson's Thrush,Aves,Passeriformes
1950,3024,Catherpes mexicanus,Canyon Wren,Aves,Passeriformes
1951,3027,Catreus wallichii,Cheer Pheasant,Aves,Galliformes
1952,3028,Catriscus brevirostris,Fan-tailed Grassbird,Aves,Passeriformes
1953,3032,Cebidae,New World Monkeys,Mammalia,Primates
1954,3033,Ceblepyris caesius,Grey Cuckooshrike,Aves,Passeriformes
1955,3035,Ceblepyris cinereus,Madagascar Cuckooshrike,Aves,Passeriformes
1956,3038,Ceblepyris pectoralis,White-breasted Cuckooshrike,Aves,Passeriformes
1957,3041,Cebus albifrons,white-fronted capuchin,Mammalia,Primates
1958,3042,Cebus apella,brown capuchin,Mammalia,Primates
1959,3044,Cebus capucinus,white-faced capuchin,Mammalia,Primates
1960,3045,Cebus imitator,Cebus imitator,Mammalia,Primates
1961,3047,Cebus nigritus,black capuchin,Mammalia,Primates
1962,3052,Cecropis abyssinica,Lesser Striped Swallow,Aves,Passeriformes
1963,3053,Cecropis badia,Rufous-bellied Swallow,Aves,Passeriformes
1964,3054,Cecropis cucullata,Greater Striped Swallow,Aves,Passeriformes
1965,3055,Cecropis daurica,Eastern Red-rumped Swallow,Aves,Passeriformes
1966,3056,Cecropis hyperythra,Sri Lanka Swallow,Aves,Passeriformes
1967,3057,Cecropis melanocrissus,African Red-rumped Swallow,Aves,Passeriformes
1968,3059,Cecropis semirufa,Red-breasted Swallow,Aves,Passeriformes
1969,3060,Cecropis senegalensis,Mosque Swallow,Aves,Passeriformes
1970,3061,Cecropis rufula,European Red-rumped Swallow,Aves,Passeriformes
1971,3062,Celebenna thomarosa,Celebenna thomarosa,Insecta,Hemiptera
1972,3063,Celebesica abbotti,Pygmy Cuckooshrike,Aves,Passeriformes
1973,3064,Celeus castaneus,Chestnut-colored Woodpecker,Aves,Piciformes
1974,3065,Celeus elegans,Chestnut Woodpecker,Aves,Piciformes
1975,3066,Celeus flavescens,Blond-crested Woodpecker,Aves,Piciformes
1976,3067,Celeus flavus,Cream-colored Woodpecker,Aves,Piciformes
1977,3068,Celeus galeatus,Helmeted Woodpecker,Aves,Piciformes
1978,3069,Celeus grammicus,Celeus grammicus,Aves,Piciformes
1979,3070,Celeus loricatus,Cinnamon Woodpecker,Aves,Piciformes
1980,3071,Celeus lugubris,Pale-crested Woodpecker,Aves,Piciformes
1981,3072,Celeus obrieni,Kaempfer's Woodpecker,Aves,Piciformes
1982,3073,Celeus ochraceus,Ochre-backed Woodpecker,Aves,Piciformes
1983,3074,Celeus spectabilis,Rufous-headed Woodpecker,Aves,Piciformes
1984,3075,Celeus torquatus,Ringed Woodpecker,Aves,Piciformes
1985,3076,Celeus undatus,Waved Woodpecker,Aves,Piciformes
1986,3080,Centrocercus minimus,Gunnison Grouse,Aves,Galliformes
1987,3081,Centrocercus urophasianus,Sage Grouse,Aves,Galliformes
1988,3090,Centrolenidae,Glass Frogs,Amphibia,Anura
1989,3093,Centronyx bairdii,Baird's Sparrow,Aves,Passeriformes
1990,3094,Centronyx henslowii,Henslow's Sparrow,Aves,Passeriformes
1991,3096,Centropus andamanensis,Andaman Coucal,Aves,Cuculiformes
1992,3097,Centropus anselli,Gabon Coucal,Aves,Cuculiformes
1993,3098,Centropus ateralbus,White-necked Coucal,Aves,Cuculiformes
1994,3099,Centropus bengalensis,Lesser Coucal,Aves,Cuculiformes
1995,3100,Centropus bernsteini,Black-billed Coucal,Aves,Cuculiformes
1996,3101,Centropus burchellii,Burchell's Coucal,Aves,Cuculiformes
1997,3102,Centropus superciliosus,White-browed Coucal,Aves,Cuculiformes
1998,3103,Centropus celebensis,Bay Coucal,Aves,Cuculiformes
1999,3104,Centropus chalybeus,Biak Coucal,Aves,Cuculiformes
2000,3105,Centropus chlororhynchos,Green-billed Coucal,Aves,Cuculiformes
2001,3106,Centropus cupreicaudus,Coppery-tailed Coucal,Aves,Cuculiformes
2002,3107,Centropus goliath,Goliath Coucal,Aves,Cuculiformes
2003,3108,Centropus grillii,Black Coucal,Aves,Cuculiformes
2004,3109,Centropus leucogaster,Black-throated Coucal,Aves,Cuculiformes
2005,3110,Centropus melanops,Black-faced Coucal,Aves,Cuculiformes
2006,3111,Centropus menbeki,Ivory-billed Coucal,Aves,Cuculiformes
2007,3112,Centropus milo,Buff-headed Coucal,Aves,Cuculiformes
2008,3113,Centropus monachus,Blue-headed Coucal,Aves,Cuculiformes
2009,3115,Centropus phasianinus,Pheasant Coucal,Aves,Cuculiformes
2010,3116,Centropus rectunguis,Short-toed Coucal,Aves,Cuculiformes
2011,3117,Centropus senegalensis,Senegal Coucal,Aves,Cuculiformes
2012,3118,Centropus sinensis,Greater Coucal,Aves,Cuculiformes
2013,3120,Centropus steerii,Black-hooded Coucal,Aves,Cuculiformes
2014,3121,Centropus toulou,Malagasy Coucal,Aves,Cuculiformes
2015,3122,Centropus unirufus,Rufous Coucal,Aves,Cuculiformes
2016,3123,Centropus violaceus,Violaceous Coucal,Aves,Cuculiformes
2017,3124,Centropus viridis,Philippine Coucal,Aves,Cuculiformes
2018,3131,Cephalopterus glabricollis,Bare-necked Umbrellabird,Aves,Passeriformes
2019,3132,Cephalopterus ornatus,Amazonian Umbrellabird,Aves,Passeriformes
2020,3133,Cephalopterus penduliger,Long-wattled Umbrellabird,Aves,Passeriformes
2021,3134,Cephalopyrus flammiceps,Fire-capped Tit,Aves,Passeriformes
2022,3136,Cepphus columba,Pigeon Guillemot,Aves,Charadriiformes
2023,3137,Cepphus grylle,Black Guillemot,Aves,Charadriiformes
2024,3145,Hypsipetes thompsoni,White-headed Bulbul,Aves,Passeriformes
2025,3147,Ceratogymna atrata,Black-casqued Hornbill,Aves,Bucerotiformes
2026,3148,Ceratogymna elata,Yellow-casqued Hornbill,Aves,Bucerotiformes
2027,3149,Ceratophrys cornuta,Ceratophrys cornuta,Amphibia,Anura
2028,3151,Ceratophrys ornata,Ceratophrys ornata,Amphibia,Anura
2029,3154,Ceratopipra chloromeros,Round-tailed Manakin,Aves,Passeriformes
2030,3155,Ceratopipra cornuta,Scarlet-horned Manakin,Aves,Passeriformes
2031,3156,Ceratopipra erythrocephala,Golden-headed Manakin,Aves,Passeriformes
2032,3157,Ceratopipra mentalis,Red-capped Manakin,Aves,Passeriformes
2033,3158,Ceratopipra rubrocapilla,Red-headed Manakin,Aves,Passeriformes
2034,3160,Cercibis oxycerca,Sharp-tailed Ibis,Aves,Pelecaniformes
2035,3164,Cercocebus galeritus,Tana River mangabey,Mammalia,Primates
2036,3167,Cercococcyx mechowi,Dusky Long-tailed Cuckoo,Aves,Cuculiformes
2037,3168,Cercococcyx montanus,Barred Long-tailed Cuckoo,Aves,Cuculiformes
2038,3169,Cercococcyx olivinus,Olive Long-tailed Cuckoo,Aves,Cuculiformes
2039,3170,Cercomacra brasiliana,Rio de Janeiro Antbird,Aves,Passeriformes
2040,3171,Cercomacra carbonaria,Rio Branco Antbird,Aves,Passeriformes
2041,3172,Cercomacra cinerascens,Grey Antbird,Aves,Passeriformes
2042,3173,Cercomacra ferdinandi,Bananal Antbird,Aves,Passeriformes
2043,3174,Cercomacroides laeta,Willis's Antbird,Aves,Passeriformes
2044,3175,Cercomacra manu,Manu Antbird,Aves,Passeriformes
2045,3176,Cercomacra melanaria,Mato Grosso Antbird,Aves,Passeriformes
2046,3177,Cercomacroides fuscicauda,Riparian Antbird,Aves,Passeriformes
2047,3178,Cercomacroides nigrescens,Blackish Antbird,Aves,Passeriformes
2048,3179,Cercomacra nigricans,Jet Antbird,Aves,Passeriformes
2049,3180,Cercomacroides parkeri,Parker's Antbird,Aves,Passeriformes
2050,3181,Cercomacroides serva,Black Antbird,Aves,Passeriformes
2051,3182,Cercomacroides tyrannina,Dusky Antbird,Aves,Passeriformes
2052,3186,Cercopithecus mitis,blue monkey,Mammalia,Primates
2053,3187,Cercopithecus ascanius,black-cheeked white-nosed monkey,Mammalia,Primates
2054,3191,Cercopithecus lowei,Lowe's mona monkey,Mammalia,Primates
2055,3194,Cercopithecus nictitans,white-nosed guenon,Mammalia,Primates
2056,3198,Tychaedon barbata,Miombo Scrub-Robin,Aves,Passeriformes
2057,3200,Erythropygia coryphoeus,Erythropygia coryphoeus,Aves,Passeriformes
2058,3202,Cercotrichas galactotes,Rufous-tailed Scrub Robin,Aves,Passeriformes
2059,3203,Cercotrichas hartlaubi,Brown-backed Scrub Robin,Aves,Passeriformes
2060,3204,Cercotrichas leucophrys,White-browed Scrub Robin,Aves,Passeriformes
2061,3205,Tychaedon leucosticta,Forest Scrub-Robin,Aves,Passeriformes
2062,3207,Cercotrichas paena,Kalahari Scrub Robin,Aves,Passeriformes
2063,3208,Cercotrichas podobe,Black Scrub Robin,Aves,Passeriformes
2064,3209,Tychaedon quadrivirgata,Bearded Scrub-Robin,Aves,Passeriformes
2065,3211,Tychaedon signata,Brown Scrub-Robin,Aves,Passeriformes
2066,3213,Cerdocyon thous,Crab-eating Fox,Mammalia,Carnivora
2067,3214,Cereopsis novaehollandiae,Cape Barren Goose,Aves,Anseriformes
2068,3215,Cerorhinca monocerata,Rhinoceros Auklet,Aves,Charadriiformes
2069,3216,Certhia americana,Brown Creeper,Aves,Passeriformes
2070,3217,Certhia brachydactyla,Short-toed Treecreeper,Aves,Passeriformes
2071,3218,Certhia discolor,Sikkim Treecreeper,Aves,Passeriformes
2072,3219,Certhia familiaris,Eurasian Treecreeper,Aves,Passeriformes
2073,3220,Certhia himalayana,Bar-tailed Treecreeper,Aves,Passeriformes
2074,3221,Certhia hodgsoni,Hodgson's Treecreeper,Aves,Passeriformes
2075,3222,Certhia manipurensis,Hume's Treecreeper,Aves,Passeriformes
2076,3223,Certhia nipalensis,Rusty-flanked Treecreeper,Aves,Passeriformes
2077,3224,Certhia tianquanensis,Sichuan Treecreeper,Aves,Passeriformes
2078,3225,Certhiasomus stictolaemus,Spot-throated Woodcreeper,Aves,Passeriformes
2079,3226,Certhiaxis cinnamomeus,Yellow-chinned Spinetail,Aves,Passeriformes
2080,3227,Certhiaxis mustelinus,Red-and-white Spinetail,Aves,Passeriformes
2081,3228,Certhidea fusca,Grey Warbler-Finch,Aves,Passeriformes
2082,3229,Certhidea olivacea,Green Warbler-Finch,Aves,Passeriformes
2083,3231,Certhilauda brevirostris,Agulhas Long-billed Lark,Aves,Passeriformes
2084,3232,Certhilauda chuana,Short-clawed Lark,Aves,Passeriformes
2085,3233,Certhilauda curvirostris,Cape Long-billed Lark,Aves,Passeriformes
2086,3234,Certhilauda semitorquata,Eastern Long-billed Lark,Aves,Passeriformes
2087,3235,Certhilauda subcoronata,Karoo Long-billed Lark,Aves,Passeriformes
2088,3236,Certhionyx variegatus,Pied Honeyeater,Aves,Passeriformes
2089,3238,Cervus canadensis,American Elk,Mammalia,Artiodactyla
2090,3239,Cervus elaphus,Red Deer,Mammalia,Artiodactyla
2091,3240,Cervus nippon,Cervus nippon,Mammalia,Artiodactyla
2092,3241,Ceryle rudis,Pied Kingfisher,Aves,Coraciiformes
2093,3242,Cetacea,"Whales, Dolphins and Porpoises",Mammalia,Cetacea
2094,3244,Horornis acanthizoides,Yellow-bellied Bush Warbler,Aves,Passeriformes
2095,3246,Cettia brunnifrons,Grey-sided Bush Warbler,Aves,Passeriformes
2096,3247,Cettia castaneocoronata,Chestnut-headed Tesia,Aves,Passeriformes
2097,3248,Cettia cetti,Cetti's Warbler,Aves,Passeriformes
2098,3249,Cettia major,Chestnut-crowned Bush Warbler,Aves,Passeriformes
2099,3250,Ceuthmochares aereus,Blue Malkoha,Aves,Cuculiformes
2100,3251,Ceuthmochares australis,Green Malkoha,Aves,Cuculiformes
2101,3253,Ceyx azureus,Azure Kingfisher,Aves,Coraciiformes
2102,3255,Ceyx cyanopectus,Indigo-banded Kingfisher,Aves,Coraciiformes
2103,3256,Ceyx erithaca,Black-backed Dwarf Kingfisher,Aves,Coraciiformes
2104,3257,Ceyx rufidorsa,Rufous-backed Dwarf Kingfisher,Aves,Coraciiformes
2105,3258,Ceyx fallax,Sulawesi Dwarf Kingfisher,Aves,Coraciiformes
2106,3261,Ceyx lepidus,Moluccan Dwarf Kingfisher,Aves,Coraciiformes
2107,3262,Ceyx margarethae,Dimorphic Dwarf Kingfisher,Aves,Coraciiformes
2108,3264,Ceyx melanurus,Philippine Dwarf Kingfisher,Aves,Coraciiformes
2109,3266,Ceyx pusillus,Little Kingfisher,Aves,Coraciiformes
2110,3267,Ceyx solitarius,Papuan Dwarf Kingfisher,Aves,Coraciiformes
2111,3275,Chaetocercus bombus,Little Woodstar,Aves,Apodiformes
2112,3276,Chaetocercus heliodor,Gorgeted Woodstar,Aves,Apodiformes
2113,3277,Chaetocercus jourdanii,Rufous-shafted Woodstar,Aves,Apodiformes
2114,3278,Chaetocercus mulsant,White-bellied Woodstar,Aves,Apodiformes
2115,3280,Chaetops aurantius,Drakensberg Rockjumper,Aves,Passeriformes
2116,3281,Chaetops frenatus,Cape Rockjumper,Aves,Passeriformes
2117,3282,Chaetorhynchus papuensis,Drongo Fantail,Aves,Passeriformes
2118,3283,Schoenicola striatus,Bristled Grassbird,Aves,Passeriformes
2119,3285,Chaetura brachyura,Short-tailed Swift,Aves,Apodiformes
2120,3286,Chaetura chapmani,Chapman's Swift,Aves,Apodiformes
2121,3287,Chaetura cinereiventris,Grey-rumped Swift,Aves,Apodiformes
2122,3288,Chaetura egregia,Pale-rumped Swift,Aves,Apodiformes
2123,3289,Chaetura fumosa,Costa Rican Swift,Aves,Apodiformes
2124,3290,Chaetura martinica,Lesser Antillean Swift,Aves,Apodiformes
2125,3291,Chaetura meridionalis,Sick's Swift,Aves,Apodiformes
2126,3292,Chaetura pelagica,Chimney Swift,Aves,Apodiformes
2127,3293,Chaetura spinicaudus,Band-rumped Swift,Aves,Apodiformes
2128,3294,Chaetura vauxi,Vaux's Swift,Aves,Apodiformes
2129,3295,Phoenicurus leucocephalus,White-capped Redstart,Aves,Passeriformes
2130,3296,Chalcites basalis,Horsfield's Bronze Cuckoo,Aves,Cuculiformes
2131,3299,Chalcites lucidus,Shining Bronze Cuckoo,Aves,Cuculiformes
2132,3303,Chalcites minutillus,Little Bronze Cuckoo,Aves,Cuculiformes
2133,3305,Chalcites osculans,Black-eared Cuckoo,Aves,Cuculiformes
2134,3307,Chalcites ruficollis,Rufous-throated Bronze Cuckoo,Aves,Cuculiformes
2135,3309,Chalcomitra adelberti,Buff-throated Sunbird,Aves,Passeriformes
2136,3310,Chalcomitra amethystina,Amethyst Sunbird,Aves,Passeriformes
2137,3312,Chalcomitra fuliginosa,Carmelite Sunbird,Aves,Passeriformes
2138,3313,Chalcomitra hunteri,Hunter's Sunbird,Aves,Passeriformes
2139,3314,Chalcomitra rubescens,Green-throated Sunbird,Aves,Passeriformes
2140,3315,Chalcomitra senegalensis,Scarlet-chested Sunbird,Aves,Passeriformes
2141,3316,Chalcoparia singalensis,Ruby-cheeked Sunbird,Aves,Passeriformes
2142,3317,Chalcophaps indica,Common Emerald Dove,Aves,Columbiformes
2143,3318,Chalcophaps longirostris,Pacific Emerald Dove,Aves,Columbiformes
2144,3319,Chalcophaps stephani,Stephan's Emerald Dove,Aves,Columbiformes
2145,3321,Chalcopsitta atra,Black Lory,Aves,Psittaciformes
2146,3322,Chalcopsitta cardinalis,Cardinal Lory,Aves,Psittaciformes
2147,3324,Chalcopsitta duivenbodei,Brown Lory,Aves,Psittaciformes
2148,3329,Chalcostigma herrani,Rainbow-bearded Thornbill,Aves,Apodiformes
2149,3330,Chalcostigma heteropogon,Bronze-tailed Thornbill,Aves,Apodiformes
2150,3332,Chalcostigma ruficeps,Rufous-capped Thornbill,Aves,Apodiformes
2151,3333,Chalcostigma stanleyi,Blue-mantled Thornbill,Aves,Apodiformes
2152,3334,Chalcothraupis ruficervix,Golden-naped Tanager,Aves,Passeriformes
2153,3338,Chalinolobus tuberculatus,New Zealand long-tailed bat,Mammalia,Chiroptera
2154,3339,Chalybura buffonii,White-vented Plumeleteer,Aves,Apodiformes
2155,3340,Chalybura urochrysia,Bronze-tailed Plumeleteer,Aves,Apodiformes
2156,3341,Chamaea fasciata,Wrentit,Aves,Passeriformes
2157,3346,Chamaepetes goudotii,Sickle-winged Guan,Aves,Galliformes
2158,3347,Chamaepetes unicolor,Black Guan,Aves,Galliformes
2159,3349,Chamaetylas fuelleborni,White-chested Alethe,Aves,Passeriformes
2160,3350,Muscicapa adusta,African Dusky Flycatcher,Aves,Passeriformes
2161,3351,Chamaetylas poliocephala,Brown-chested Alethe,Aves,Passeriformes
2162,3352,Chamaetylas poliophrys,Red-throated Alethe,Aves,Passeriformes
2163,3353,Chamaeza campanisona,Short-tailed Antthrush,Aves,Passeriformes
2164,3354,Chamaeza meruloides,Cryptic Antthrush,Aves,Passeriformes
2165,3355,Chamaeza mollissima,Barred Antthrush,Aves,Passeriformes
2166,3356,Chamaeza nobilis,Striated Antthrush,Aves,Passeriformes
2167,3357,Chamaeza ruficauda,Rufous-tailed Antthrush,Aves,Passeriformes
2168,3358,Chamaeza turdina,Schwartz's Antthrush,Aves,Passeriformes
2169,3362,Charadrius alticola,Charadrius alticola,Aves,Charadriiformes
2170,3363,Charadrius bicinctus,Charadrius bicinctus,Aves,Charadriiformes
2171,3364,Charadrius collaris,Charadrius collaris,Aves,Charadriiformes
2172,3366,Charadrius dubius,Little Ringed Plover,Aves,Charadriiformes
2173,3367,Charadrius falklandicus,Charadrius falklandicus,Aves,Charadriiformes
2174,3368,Charadrius forbesi,Forbes's Plover,Aves,Charadriiformes
2175,3369,Charadrius hiaticula,Common Ringed Plover,Aves,Charadriiformes
2176,3370,Charadrius javanicus,Charadrius javanicus,Aves,Charadriiformes
2177,3371,Charadrius marginatus,Charadrius marginatus,Aves,Charadriiformes
2178,3372,Elseyornis melanops,Elseyornis melanops,Aves,Charadriiformes
2179,3374,Charadrius melodus,Piping Plover,Aves,Charadriiformes
2180,3375,Zonibyx modestus,Rufous-chested Dotterel,Aves,Charadriiformes
2181,3377,Charadrius mongolus,Charadrius mongolus,Aves,Charadriiformes
2182,3378,Charadrius montanus,Charadrius montanus,Aves,Charadriiformes
2183,3379,Eudromias morinellus,Eurasian Dotterel,Aves,Charadriiformes
2184,3381,Charadrius nivosus,Charadrius nivosus,Aves,Charadriiformes
2185,3383,Charadrius pallidus,Charadrius pallidus,Aves,Charadriiformes
2186,3384,Charadrius pecuarius,Charadrius pecuarius,Aves,Charadriiformes
2187,3385,Charadrius peronii,Charadrius peronii,Aves,Charadriiformes
2188,3386,Charadrius placidus,Long-billed Plover,Aves,Charadriiformes
2189,3387,Charadrius ruficapillus,Charadrius ruficapillus,Aves,Charadriiformes
2190,3389,Charadrius semipalmatus,Semipalmated Plover,Aves,Charadriiformes
2191,3390,Charadrius thoracicus,Charadrius thoracicus,Aves,Charadriiformes
2192,3391,Charadrius tricollaris,Three-banded Plover,Aves,Charadriiformes
2193,3392,Charadrius veredus,Charadrius veredus,Aves,Charadriiformes
2194,3393,Charadrius vociferus,Killdeer,Aves,Charadriiformes
2195,3394,Charadrius wilsonia,Charadrius wilsonia,Aves,Charadriiformes
2196,3397,Charitospiza eucosma,Coal-crested Finch,Aves,Passeriformes
2197,3400,Vini meeki,Meek's Lorikeet,Aves,Psittaciformes
2198,3406,Charmosyna stellae,Stella's Lorikeet,Aves,Psittaciformes
2199,3407,Charmosynoides margarethae,Duchess Lorikeet,Aves,Psittaciformes
2200,3408,Charmosynopsis pulchella,Fairy Lorikeet,Aves,Psittaciformes
2201,3409,Chasiempis ibidis,Oahu Elepaio,Aves,Passeriformes
2202,3410,Chasiempis sandwichensis,Hawaii Elepaio,Aves,Passeriformes
2203,3411,Chasiempis sclateri,Kauai Elepaio,Aves,Passeriformes
2204,3413,Chauna chavaria,Northern Screamer,Aves,Anseriformes
2205,3414,Chauna torquata,Southern Screamer,Aves,Anseriformes
2206,3417,Chelapsalta puer,Chelapsalta puer,Insecta,Hemiptera
2207,3418,Chelictinia riocourii,Scissor-tailed Kite,Aves,Accipitriformes
2208,3419,Chelidoptera tenebrosa,Swallow-winged Puffbird,Aves,Piciformes
2209,3420,Chelidorhynx hypoxanthus,Yellow-bellied Fantail,Aves,Passeriformes
2210,3424,Chenonetta jubata,Maned Duck,Aves,Anseriformes
2211,3427,Cheramoeca leucosterna,White-backed Swallow,Aves,Passeriformes
2212,3429,Chersomanes albofasciata,Spike-heeled Lark,Aves,Passeriformes
2213,3431,Chersophilus duponti,Dupont's Lark,Aves,Passeriformes
2214,3440,Chiasmocleis,Chiasmocleis,Amphibia,Anura
2215,3444,Ochetorhynchus melanurus,Crag Chilia,Aves,Passeriformes
2216,3453,Chionis albus,Snowy Sheathbill,Aves,Charadriiformes
2217,3455,Chionomesa fimbriata,Glittering-throated Emerald,Aves,Apodiformes
2218,3456,Chionomesa lactea,Sapphire-spangled Emerald,Aves,Apodiformes
2219,3462,Chiromantis xerampelina,Chiromantis xerampelina,Amphibia,Anura
2220,3464,Chiropotes albinasus,white-nosed bearded saki,Mammalia,Primates
2221,3467,Chiropotes satanas,brown-bearded saki,Mammalia,Primates
2222,3471,Chiroxiphia boliviana,Yungas Manakin,Aves,Passeriformes
2223,3472,Chiroxiphia caudata,Blue Manakin,Aves,Passeriformes
2224,3474,Chiroxiphia lanceolata,Lance-tailed Manakin,Aves,Passeriformes
2225,3475,Chiroxiphia linearis,Long-tailed Manakin,Aves,Passeriformes
2226,3476,Chiroxiphia pareola,Blue-backed Manakin,Aves,Passeriformes
2227,3477,Chlamydera cerviniventris,Fawn-breasted Bowerbird,Aves,Passeriformes
2228,3478,Chlamydera guttata,Western Bowerbird,Aves,Passeriformes
2229,3480,Chlamydera maculata,Spotted Bowerbird,Aves,Passeriformes
2230,3481,Chlamydera nuchalis,Great Bowerbird,Aves,Passeriformes
2231,3482,Chlamydochaera jefferyi,Fruithunter,Aves,Passeriformes
2232,3485,Suthora atrosuperciliaris,Pale-billed Parrotbill,Aves,Passeriformes
2233,3487,Chlidonias albostriatus,Black-fronted Tern,Aves,Charadriiformes
2234,3488,Chlidonias hybrida,Whiskered Tern,Aves,Charadriiformes
2235,3489,Chlidonias leucopterus,White-winged Tern,Aves,Charadriiformes
2236,3490,Chlidonias niger,Black Tern,Aves,Charadriiformes
2237,3491,Chloealtis abdominalis,Chloealtis abdominalis,Insecta,Orthoptera
2238,3493,Chloealtis gracilis,Chloealtis gracilis,Insecta,Orthoptera
2239,3494,Chloebia gouldiae,Gouldian Finch,Aves,Passeriformes
2240,3496,Chloephaga hybrida,Kelp Goose,Aves,Anseriformes
2241,3497,Oressochen melanopterus,Andean Goose,Aves,Anseriformes
2242,3499,Chloephaga picta,Upland Goose,Aves,Anseriformes
2243,3500,Chloephaga poliocephala,Ashy-headed Goose,Aves,Anseriformes
2244,3501,Chloephaga rubidiceps,Ruddy-headed Goose,Aves,Anseriformes
2245,3503,Chlorestes candida,White-bellied Emerald,Aves,Apodiformes
2246,3504,Chlorestes cyanus,White-chinned Sapphire,Aves,Apodiformes
2247,3505,Chlorestes eliciae,Blue-throated Sapphire,Aves,Apodiformes
2248,3506,Chlorestes julie,Violet-bellied Hummingbird,Aves,Apodiformes
2249,3507,Chlorestes notata,Blue-chinned Sapphire,Aves,Apodiformes
2250,3508,Chloris ambigua,Black-headed Greenfinch,Aves,Passeriformes
2251,3509,Chloris chloris,European Greenfinch,Aves,Passeriformes
2252,3511,Chloris sinica,Oriental Greenfinch,Aves,Passeriformes
2253,3512,Chloris monguilloti,Vietnamese Greenfinch,Aves,Passeriformes
2254,3513,Chloris spinoides,Yellow-breasted Greenfinch,Aves,Passeriformes
2255,3515,Glaucopsaltria viridis,Glaucopsaltria viridis,Insecta,Hemiptera
2256,3516,Chlorocebus aethiops,green monkey,Mammalia,Primates
2257,3517,Chlorocebus pygerythrus,Vervet monkey,Mammalia,Primates
2258,3520,Chloroceryle aenea,American Pygmy Kingfisher,Aves,Coraciiformes
2259,3521,Chloroceryle amazona,Amazon Kingfisher,Aves,Coraciiformes
2260,3522,Chloroceryle americana,Green Kingfisher,Aves,Coraciiformes
2261,3523,Chloroceryle inda,Green-and-rufous Kingfisher,Aves,Coraciiformes
2262,3524,Zosterops emiliae,Mountain Blackeye,Aves,Passeriformes
2263,3525,Chlorochrysa calliparaea,Orange-eared Tanager,Aves,Passeriformes
2264,3526,Chlorochrysa nitidissima,Multicolored Tanager,Aves,Passeriformes
2265,3527,Chlorochrysa phoenicotis,Glistening-green Tanager,Aves,Passeriformes
2266,3528,Chlorocichla falkensteini,Falkenstein's Greenbul,Aves,Passeriformes
2267,3529,Chlorocichla flaviventris,Yellow-bellied Greenbul,Aves,Passeriformes
2268,3530,Chlorocichla laetissima,Joyful Greenbul,Aves,Passeriformes
2269,3531,Chlorocichla simplex,Simple Greenbul,Aves,Passeriformes
2270,3533,Chlorocysta vitripennis,Chlorocysta vitripennis,Insecta,Hemiptera
2271,3535,Chlorodrepanis flava,Oahu Amakihi,Aves,Passeriformes
2272,3536,Chlorodrepanis stejnegeri,Kauai Amakihi,Aves,Passeriformes
2273,3537,Chlorodrepanis virens,Hawaii Amakihi,Aves,Passeriformes
2274,3538,Chlorophanes spiza,Green Honeycreeper,Aves,Passeriformes
2275,3539,Chlorophoneus bocagei,Bocage's Bushshrike,Aves,Passeriformes
2276,3542,Chlorophoneus multicolor,Many-colored Bushshrike,Aves,Passeriformes
2277,3543,Chlorophoneus nigrifrons,Black-fronted Bushshrike,Aves,Passeriformes
2278,3545,Chlorophoneus olivaceus,Olive Bushshrike,Aves,Passeriformes
2279,3547,Chlorophoneus sulfureopectus,Orange-breasted Bushshrike,Aves,Passeriformes
2280,3549,Chlorophonia callophrys,Golden-browed Chlorophonia,Aves,Passeriformes
2281,3550,Chlorophonia cyanea,Blue-naped Chlorophonia,Aves,Passeriformes
2282,3551,Chlorophonia cyanocephala,Golden-rumped Euphonia,Aves,Passeriformes
2283,3552,Chlorophonia elegantissima,Elegant Euphonia,Aves,Passeriformes
2284,3553,Chlorophonia flavifrons,Lesser Antillean Euphonia,Aves,Passeriformes
2285,3554,Chlorophonia musica,Hispaniolan Euphonia,Aves,Passeriformes
2286,3555,Chlorophonia sclateri,Puerto Rican Euphonia,Aves,Passeriformes
2287,3556,Chlorophonia flavirostris,Yellow-collared Chlorophonia,Aves,Passeriformes
2288,3557,Chlorophonia occipitalis,Blue-crowned Chlorophonia,Aves,Passeriformes
2289,3558,Chlorophonia pyrrhophrys,Chestnut-breasted Chlorophonia,Aves,Passeriformes
2290,3562,Chloropicus namaquus,Bearded Woodpecker,Aves,Piciformes
2291,3563,Chloropicus pyrrhogaster,Fire-bellied Woodpecker,Aves,Piciformes
2292,3565,Chloropicus xantholophus,Yellow-crested Woodpecker,Aves,Piciformes
2293,3566,Chloropipo flavicapilla,Yellow-headed Manakin,Aves,Passeriformes
2294,3567,Chloropipo unicolor,Jet Manakin,Aves,Passeriformes
2295,3568,Chloropsis aurifrons,Golden-fronted Leafbird,Aves,Passeriformes
2296,3569,Chloropsis cochinchinensis,Javan Leafbird,Aves,Passeriformes
2297,3570,Chloropsis cyanopogon,Lesser Green Leafbird,Aves,Passeriformes
2298,3571,Chloropsis flavipennis,Philippine Leafbird,Aves,Passeriformes
2299,3572,Chloropsis hardwickii,Orange-bellied Leafbird,Aves,Passeriformes
2300,3573,Chloropsis lazulina,Chloropsis lazulina,Aves,Passeriformes
2301,3574,Chloropsis jerdoni,Jerdon's Leafbird,Aves,Passeriformes
2302,3575,Chloropsis kinabaluensis,Bornean Leafbird,Aves,Passeriformes
2303,3577,Chloropsis moluccensis,Blue-winged Leafbird,Aves,Passeriformes
2304,3578,Chloropsis palawanensis,Yellow-throated Leafbird,Aves,Passeriformes
2305,3579,Chloropsis sonnerati,Greater Green Leafbird,Aves,Passeriformes
2306,3581,Chlorornis riefferii,Grass-green Tanager,Aves,Passeriformes
2307,3582,Chlorospingus canigularis,Ashy-throated Chlorospingus,Aves,Passeriformes
2308,3583,Chlorospingus flavigularis,Yellow-throated Chlorospingus,Aves,Passeriformes
2309,3584,Chlorospingus flavopectus,Common Chlorospingus,Aves,Passeriformes
2310,3585,Chlorospingus inornatus,Pirre Chlorospingus,Aves,Passeriformes
2311,3586,Chlorospingus parvirostris,Yellow-whiskered Chlorospingus,Aves,Passeriformes
2312,3587,Chlorospingus pileatus,Sooty-capped Chlorospingus,Aves,Passeriformes
2313,3588,Chlorospingus semifuscus,Dusky Chlorospingus,Aves,Passeriformes
2314,3589,Chlorospingus tacarcunae,Tacarcuna Chlorospingus,Aves,Passeriformes
2315,3591,Chlorostilbon alice,Green-tailed Emerald,Aves,Apodiformes
2316,3592,Chlorostilbon assimilis,Garden Emerald,Aves,Apodiformes
2317,3593,Chlorostilbon gibsoni,Red-billed Emerald,Aves,Apodiformes
2318,3594,Chlorostilbon lucidus,Glittering-bellied Emerald,Aves,Apodiformes
2319,3595,Chlorostilbon melanorhynchus,Western Emerald,Aves,Apodiformes
2320,3596,Chlorostilbon mellisugus,Blue-tailed Emerald,Aves,Apodiformes
2321,3597,Chlorostilbon olivaresi,Chiribiquete Emerald,Aves,Apodiformes
2322,3598,Chlorostilbon poortmani,Short-tailed Emerald,Aves,Apodiformes
2323,3600,Chlorothraupis carmioli,Carmiol's Tanager,Aves,Passeriformes
2324,3601,Chlorothraupis frenata,Yellow-lored Tanager,Aves,Passeriformes
2325,3602,Chlorothraupis olivacea,Lemon-spectacled Tanager,Aves,Passeriformes
2326,3603,Chlorothraupis stolzmanni,Ochre-breasted Tanager,Aves,Passeriformes
2327,3606,Paradoxornis paradoxus,Three-toed Parrotbill,Aves,Passeriformes
2328,3608,Paradoxornis unicolor,Brown Parrotbill,Aves,Passeriformes
2329,3610,Chondestes grammacus,Lark Sparrow,Aves,Passeriformes
2330,3613,Chondrohierax uncinatus,Hook-billed Kite,Aves,Accipitriformes
2331,3614,Chordeiles acutipennis,Lesser Nighthawk,Aves,Caprimulgiformes
2332,3615,Chordeiles gundlachii,Antillean Nighthawk,Aves,Caprimulgiformes
2333,3616,Chordeiles minor,Common Nighthawk,Aves,Caprimulgiformes
2334,3617,Chordeiles nacunda,Nacunda Nighthawk,Aves,Caprimulgiformes
2335,3618,Chordeiles pusillus,Least Nighthawk,Aves,Caprimulgiformes
2336,3619,Chordeiles rupestris,Sand-colored Nighthawk,Aves,Caprimulgiformes
2337,3621,Chorthippus albomarginatus,Chorthippus albomarginatus,Insecta,Orthoptera
2338,3623,Chorthippus apicalis,Chorthippus apicalis,Insecta,Orthoptera
2339,3624,Chorthippus apricarius,Chorthippus apricarius,Insecta,Orthoptera
2340,3625,Chorthippus biguttulus,Chorthippus biguttulus,Insecta,Orthoptera
2341,3626,Chorthippus binotatus,Chorthippus binotatus,Insecta,Orthoptera
2342,3627,Chorthippus bornhalmi,Chorthippus bornhalmi,Insecta,Orthoptera
2343,3628,Chorthippus brunneus,Chorthippus brunneus,Insecta,Orthoptera
2344,3632,Chorthippus dichrous,Chorthippus dichrous,Insecta,Orthoptera
2345,3633,Chorthippus dorsatus,Chorthippus dorsatus,Insecta,Orthoptera
2346,3639,Chorthippus jucundus,Chorthippus jucundus,Insecta,Orthoptera
2347,3644,Chorthippus maritimus,Chorthippus maritimus,Insecta,Orthoptera
2348,3647,Chorthippus mollis,Chorthippus mollis,Insecta,Orthoptera
2349,3651,Pseudochorthippus parallelus,Pseudochorthippus parallelus,Insecta,Orthoptera
2350,3659,Chorthippus vagans,Chorthippus vagans,Insecta,Orthoptera
2351,3667,Chremistica ochracea,Chremistica ochracea,Insecta,Hemiptera
2352,3670,Chroicocephalus brunnicephalus,Brown-headed Gull,Aves,Charadriiformes
2353,3671,Chroicocephalus bulleri,Black-billed Gull,Aves,Charadriiformes
2354,3672,Chroicocephalus cirrocephalus,Grey-headed Gull,Aves,Charadriiformes
2355,3673,Chroicocephalus genei,Slender-billed Gull,Aves,Charadriiformes
2356,3674,Chroicocephalus hartlaubii,Hartlaub's Gull,Aves,Charadriiformes
2357,3675,Chroicocephalus maculipennis,Brown-hooded Gull,Aves,Charadriiformes
2358,3676,Chroicocephalus novaehollandiae,Silver Gull,Aves,Charadriiformes
2359,3677,Chroicocephalus philadelphia,Bonaparte's Gull,Aves,Charadriiformes
2360,3679,Chroicocephalus ridibundus,Black-headed Gull,Aves,Charadriiformes
2361,3680,Saundersilarus saundersi,Saunders's Gull,Aves,Charadriiformes
2362,3682,Chroicocephalus serranus,Andean Gull,Aves,Charadriiformes
2363,3689,Chrysochraon dispar,Chrysochraon dispar,Insecta,Orthoptera
2364,3690,Chrysococcyx caprius,Diederik Cuckoo,Aves,Cuculiformes
2365,3691,Chrysococcyx cupreus,African Emerald Cuckoo,Aves,Cuculiformes
2366,3692,Chrysococcyx flavigularis,Yellow-throated Cuckoo,Aves,Cuculiformes
2367,3693,Chrysococcyx klaas,Klaas's Cuckoo,Aves,Cuculiformes
2368,3694,Chrysococcyx maculatus,Asian Emerald Cuckoo,Aves,Cuculiformes
2369,3695,Chalcites megarhynchus,Long-billed Cuckoo,Aves,Cuculiformes
2370,3696,Chalcites meyerii,White-eared Bronze Cuckoo,Aves,Cuculiformes
2371,3697,Chrysococcyx xanthorhynchus,Violet Cuckoo,Aves,Cuculiformes
2372,3698,Chrysocolaptes erythrocephalus,Red-headed Flameback,Aves,Piciformes
2373,3699,Chrysocolaptes festivus,White-naped Woodpecker,Aves,Piciformes
2374,3700,Chrysocolaptes guttacristatus,Greater Flameback,Aves,Piciformes
2375,3701,Chrysocolaptes haematribon,Luzon Flameback,Aves,Piciformes
2376,3702,Chrysocolaptes lucidus,Buff-spotted Flameback,Aves,Piciformes
2377,3703,Chrysocolaptes socialis,Malabar Flameback,Aves,Piciformes
2378,3704,Chrysocolaptes stricklandi,Crimson-backed Flameback,Aves,Piciformes
2379,3706,Chrysocolaptes validus,Orange-backed Woodpecker,Aves,Piciformes
2380,3708,Chrysocolaptes xanthocephalus,Yellow-faced Flameback,Aves,Piciformes
2381,3709,Chrysocorythus estherae,Indonesian Serin,Aves,Passeriformes
2382,3710,Chrysocyon brachyurus,Maned Wolf,Mammalia,Carnivora
2383,3711,Chrysolampis mosquitus,Ruby-topaz Hummingbird,Aves,Apodiformes
2384,3713,Chrysolophus amherstiae,Lady Amherst's Pheasant,Aves,Galliformes
2385,3714,Chrysolophus pictus,Golden Pheasant,Aves,Galliformes
2386,3715,Chrysomma altirostre,Jerdon's Babbler,Aves,Passeriformes
2387,3716,Chrysomma sinense,Yellow-eyed Babbler,Aves,Passeriformes
2388,3717,Chrysomus icterocephalus,Yellow-hooded Blackbird,Aves,Passeriformes
2389,3718,Chrysomus ruficapillus,Chestnut-capped Blackbird,Aves,Passeriformes
2390,3721,Chrysophlegma flavinucha,Greater Yellownape,Aves,Piciformes
2391,3722,Chrysophlegma mentale,Checker-throated Woodpecker,Aves,Piciformes
2392,3723,Chrysophlegma miniaceum,Banded Woodpecker,Aves,Piciformes
2393,3725,Chrysothlypis chrysomelas,Black-and-yellow Tanager,Aves,Passeriformes
2394,3726,Chrysothlypis salmoni,Scarlet-and-white Tanager,Aves,Passeriformes
2395,3729,Chrysuronia brevirostris,White-chested Emerald,Aves,Apodiformes
2396,3730,Chrysuronia coeruleogularis,Sapphire-throated Hummingbird,Aves,Apodiformes
2397,3731,Chrysuronia goudoti,Shining-green Hummingbird,Aves,Apodiformes
2398,3732,Chrysuronia grayi,Blue-headed Sapphire,Aves,Apodiformes
2399,3733,Chrysuronia humboldtii,Humboldt's Sapphire,Aves,Apodiformes
2400,3734,Chrysuronia leucogaster,Plain-bellied Emerald,Aves,Apodiformes
2401,3735,Chrysuronia lilliae,Sapphire-bellied Hummingbird,Aves,Apodiformes
2402,3736,Chrysuronia oenone,Golden-tailed Sapphire,Aves,Apodiformes
2403,3737,Chrysuronia versicolor,Versicolored Emerald,Aves,Apodiformes
2404,3738,Chunga burmeisteri,Black-legged Seriema,Aves,Cariamiformes
2405,3739,Cicada barbara,Cicada barbara,Insecta,Hemiptera
2406,3740,Cicada cretensis,Cicada cretensis,Insecta,Hemiptera
2407,3741,Cicada lodosi,Cicada lodosi,Insecta,Hemiptera
2408,3742,Cicada mordoganensis,Cicada mordoganensis,Insecta,Hemiptera
2409,3743,Cicada orni,Cicada orni,Insecta,Hemiptera
2410,3744,Cicada,Cicada,Insecta,Hemiptera
2411,3745,Cicadatra atra,Cicadatra atra,Insecta,Hemiptera
2412,3746,Cicadatra hyalina,Cicadatra hyalina,Insecta,Hemiptera
2413,3749,Cicadatra platyptera,Cicadatra platyptera,Insecta,Hemiptera
2414,3751,Cicadetta brevipennis,Cicadetta brevipennis,Insecta,Hemiptera
2415,3752,Cicadetta cantilatrix,Cicadetta cantilatrix,Insecta,Hemiptera
2416,3759,Cicadetta montana,Cicadetta montana,Insecta,Hemiptera
2417,3760,Cicadetta petryi,Cicadetta petryi,Insecta,Hemiptera
2418,3761,Cicadettana calliope,Cicadettana calliope,Insecta,Hemiptera
2419,3764,Strix albitarsis,Rufous-banded Owl,Aves,Strigiformes
2420,3766,Strix huhula,Black-banded Owl,Aves,Strigiformes
2421,3768,Strix nigrolineata,Black-and-white Owl,Aves,Strigiformes
2422,3770,Strix virgata,Mottled Owl,Aves,Strigiformes
2423,3772,Cichladusa arquata,Collared Palm Thrush,Aves,Passeriformes
2424,3773,Cichladusa guttata,Spotted Palm Thrush,Aves,Passeriformes
2425,3774,Cichladusa ruficauda,Rufous-tailed Palm Thrush,Aves,Passeriformes
2426,3775,Cichlocolaptes leucophrus,Pale-browed Treehunter,Aves,Passeriformes
2427,3776,Cichlocolaptes mazarbarnetti,Cryptic Treehunter,Aves,Passeriformes
2428,3777,Cichlopsis leucogenys,Rufous-brown Solitaire,Aves,Passeriformes
2429,3780,Diphyllodes magnificus,Magnificent Bird-of-paradise,Aves,Passeriformes
2430,3782,Cicinnurus regius,King Bird-of-paradise,Aves,Passeriformes
2431,3783,Diphyllodes respublica,Wilson's Bird-of-paradise,Aves,Passeriformes
2432,3787,Ciconia ciconia,White Stork,Aves,Ciconiiformes
2433,3789,Ciconia maguari,Maguari Stork,Aves,Ciconiiformes
2434,3790,Ciconia nigra,Black Stork,Aves,Ciconiiformes
2435,3791,Cinclidium frontale,Blue-fronted Robin,Aves,Passeriformes
2436,3792,Cinclocerthia gutturalis,Grey Trembler,Aves,Passeriformes
2437,3793,Cinclocerthia ruficauda,Brown Trembler,Aves,Passeriformes
2438,3794,Cinclodes albidiventris,Chestnut-winged Cinclodes,Aves,Passeriformes
2439,3795,Cinclodes albiventris,Cream-winged Cinclodes,Aves,Passeriformes
2440,3796,Cinclodes fuscus,Buff-winged Cinclodes,Aves,Passeriformes
2441,3797,Cinclodes antarcticus,Blackish Cinclodes,Aves,Passeriformes
2442,3798,Cinclodes aricomae,Royal Cinclodes,Aves,Passeriformes
2443,3799,Cinclodes atacamensis,White-winged Cinclodes,Aves,Passeriformes
2444,3800,Cinclodes comechingonus,Cordoba Cinclodes,Aves,Passeriformes
2445,3801,Cinclodes excelsior,Stout-billed Cinclodes,Aves,Passeriformes
2446,3802,Cinclodes nigrofumosus,Chilean Seaside Cinclodes,Aves,Passeriformes
2447,3803,Cinclodes olrogi,Olrog's Cinclodes,Aves,Passeriformes
2448,3804,Cinclodes oustaleti,Grey-flanked Cinclodes,Aves,Passeriformes
2449,3805,Cinclodes pabsti,Long-tailed Cinclodes,Aves,Passeriformes
2450,3806,Cinclodes palliatus,White-bellied Cinclodes,Aves,Passeriformes
2451,3807,Cinclodes patagonicus,Dark-bellied Cinclodes,Aves,Passeriformes
2452,3808,Cinclodes taczanowskii,Peruvian Seaside Cinclodes,Aves,Passeriformes
2453,3809,Cincloramphus cruralis,Brown Songlark,Aves,Passeriformes
2454,3811,Cincloramphus macrurus,Papuan Grassbird,Aves,Passeriformes
2455,3813,Cincloramphus mathewsi,Rufous Songlark,Aves,Passeriformes
2456,3815,Cincloramphus rufus,Long-legged Thicketbird,Aves,Passeriformes
2457,3816,Cincloramphus timoriensis,Tawny Grassbird,Aves,Passeriformes
2458,3818,Cinclosoma ajax,Painted Quail-thrush,Aves,Passeriformes
2459,3820,Cinclosoma castaneothorax,Chestnut-breasted Quail-thrush,Aves,Passeriformes
2460,3821,Cinclosoma castanotum,Chestnut Quail-thrush,Aves,Passeriformes
2461,3822,Cinclosoma cinnamomeum,Cinnamon Quail-thrush,Aves,Passeriformes
2462,3823,Cinclosoma clarum,Copperback Quail-thrush,Aves,Passeriformes
2463,3824,Cinclosoma marginatum,Western Quail-thrush,Aves,Passeriformes
2464,3825,Cinclosoma punctatum,Spotted Quail-thrush,Aves,Passeriformes
2465,3826,Cinclus cinclus,White-throated Dipper,Aves,Passeriformes
2466,3827,Cinclus leucocephalus,White-capped Dipper,Aves,Passeriformes
2467,3828,Cinclus mexicanus,American Dipper,Aves,Passeriformes
2468,3829,Cinclus pallasii,Brown Dipper,Aves,Passeriformes
2469,3830,Cinclus schulzii,Rufous-throated Dipper,Aves,Passeriformes
2470,3831,Cinnycerthia fulva,Fulvous Wren,Aves,Passeriformes
2471,3832,Cinnycerthia olivascens,Sepia-brown Wren,Aves,Passeriformes
2472,3833,Cinnycerthia peruana,Peruvian Wren,Aves,Passeriformes
2473,3834,Cinnycerthia unirufa,Rufous Wren,Aves,Passeriformes
2474,3835,Cinnyricinclus leucogaster,Violet-backed Starling,Aves,Passeriformes
2475,3836,Cinnyris afer,Greater Double-collared Sunbird,Aves,Passeriformes
2476,3837,Cinnyris asiaticus,Purple Sunbird,Aves,Passeriformes
2477,3838,Cinnyris aurora,Palawan Sunbird,Aves,Passeriformes
2478,3839,Cinnyris batesi,Bates's Sunbird,Aves,Passeriformes
2479,3840,Cinnyris bifasciatus,Purple-banded Sunbird,Aves,Passeriformes
2480,3841,Cinnyris bouvieri,Orange-tufted Sunbird,Aves,Passeriformes
2481,3842,Cinnyris buettikoferi,Apricot-breasted Sunbird,Aves,Passeriformes
2482,3844,Cinnyris chalybeus,Southern Double-collared Sunbird,Aves,Passeriformes
2483,3845,Cinnyris chloropygius,Olive-bellied Sunbird,Aves,Passeriformes
2484,3846,Cinnyris clementiae,South Moluccan Sunbird,Aves,Passeriformes
2485,3847,Cinnyris coccinigastrus,Splendid Sunbird,Aves,Passeriformes
2486,3851,Cinnyris cupreus,Copper Sunbird,Aves,Passeriformes
2487,3852,Cinnyris dussumieri,Seychelles Sunbird,Aves,Passeriformes
2488,3853,Cinnyris erythrocercus,Red-chested Sunbird,Aves,Passeriformes
2489,3854,Cinnyris frenatus,Sahul Sunbird,Aves,Passeriformes
2490,3855,Cinnyris fuelleborni,Forest Double-collared Sunbird,Aves,Passeriformes
2491,3856,Cinnyris fuscus,Dusky Sunbird,Aves,Passeriformes
2492,3857,Cinnyris gertrudis,Western Miombo Sunbird,Aves,Passeriformes
2493,3858,Cinnyris habessinicus,Abyssinian Sunbird,Aves,Passeriformes
2494,3859,Cinnyris hellmayri,Arabian Sunbird,Aves,Passeriformes
2495,3861,Cinnyris humbloti,Humblot's Sunbird,Aves,Passeriformes
2496,3863,Cinnyris johannae,Johanna's Sunbird,Aves,Passeriformes
2497,3864,Cinnyris jugularis,Garden Sunbird,Aves,Passeriformes
2498,3865,Cinnyris lotenius,Loten's Sunbird,Aves,Passeriformes
2499,3866,Cinnyris loveridgei,Loveridge's Sunbird,Aves,Passeriformes
2500,3868,Cinnyris manoensis,Eastern Miombo Sunbird,Aves,Passeriformes
2501,3869,Cinnyris mariquensis,Marico Sunbird,Aves,Passeriformes
2502,3870,Cinnyris mediocris,Eastern Double-collared Sunbird,Aves,Passeriformes
2503,3871,Cinnyris melanogastrus,Gorgeous Sunbird,Aves,Passeriformes
2504,3872,Cinnyris pulchellus,Beautiful Sunbird,Aves,Passeriformes
2505,3873,Cinnyris minullus,Tiny Sunbird,Aves,Passeriformes
2506,3874,Cinnyris moreaui,Moreau's Sunbird,Aves,Passeriformes
2507,3875,Cinnyris nectarinioides,Black-bellied Sunbird,Aves,Passeriformes
2508,3876,Cinnyris neergaardi,Neergaard's Sunbird,Aves,Passeriformes
2509,3877,Cinnyris notatus,Malagasy Green Sunbird,Aves,Passeriformes
2510,3878,Cinnyris ornatus,Ornate Sunbird,Aves,Passeriformes
2511,3879,Cinnyris osea,Palestine Sunbird,Aves,Passeriformes
2512,3881,Cinnyris pembae,Pemba Sunbird,Aves,Passeriformes
2513,3882,Cinnyris regius,Regal Sunbird,Aves,Passeriformes
2514,3883,Cinnyris reichenowi,Northern Double-collared Sunbird,Aves,Passeriformes
2515,3885,Cinnyris shelleyi,Shelley's Sunbird,Aves,Passeriformes
2516,3886,Cinnyris solaris,Flame-breasted Sunbird,Aves,Passeriformes
2517,3887,Cinnyris sovimanga,Souimanga Sunbird,Aves,Passeriformes
2518,3888,Cinnyris stuhlmanni,Rwenzori Double-collared Sunbird,Aves,Passeriformes
2519,3889,Cinnyris superbus,Superb Sunbird,Aves,Passeriformes
2520,3890,Cinnyris talatala,White-bellied Sunbird,Aves,Passeriformes
2521,3891,Cinnyris tsavoensis,Tsavo Sunbird,Aves,Passeriformes
2522,3892,Cinnyris ursulae,Ursula's Sunbird,Aves,Passeriformes
2523,3893,Cinnyris usambaricus,Usambara Double-collared Sunbird,Aves,Passeriformes
2524,3894,Cinnyris venustus,Variable Sunbird,Aves,Passeriformes
2525,3897,Circaetus cinerascens,Western Banded Snake Eagle,Aves,Accipitriformes
2526,3898,Circaetus cinereus,Brown Snake Eagle,Aves,Accipitriformes
2527,3899,Circaetus fasciolatus,Southern Banded Snake Eagle,Aves,Accipitriformes
2528,3900,Circaetus gallicus,Short-toed Snake Eagle,Aves,Accipitriformes
2529,3902,Circaetus spectabilis,Congo Snake-Eagle,Aves,Accipitriformes
2530,3904,Circotettix undulatus,Circotettix undulatus,Insecta,Orthoptera
2531,3905,Circus aeruginosus,Western Marsh Harrier,Aves,Accipitriformes
2532,3906,Circus approximans,Swamp Harrier,Aves,Accipitriformes
2533,3908,Circus buffoni,Long-winged Harrier,Aves,Accipitriformes
2534,3909,Circus cinereus,Cinereous Harrier,Aves,Accipitriformes
2535,3910,Circus cyaneus,Hen Harrier,Aves,Accipitriformes
2536,3911,Circus hudsonius,Northern Harrier,Aves,Accipitriformes
2537,3913,Circus macrourus,Pallid Harrier,Aves,Accipitriformes
2538,3914,Circus maillardi,Reunion Harrier,Aves,Accipitriformes
2539,3915,Circus maurus,Black Harrier,Aves,Accipitriformes
2540,3917,Circus pygargus,Montagu's Harrier,Aves,Accipitriformes
2541,3919,Circus spilonotus,Eastern Marsh Harrier,Aves,Accipitriformes
2542,3923,Cissa chinensis,Common Green Magpie,Aves,Passeriformes
2543,3924,Cissa hypoleuca,Indochinese Green Magpie,Aves,Passeriformes
2544,3925,Cissa jefferyi,Bornean Green Magpie,Aves,Passeriformes
2545,3927,Cissomela pectoralis,Banded Honeyeater,Aves,Passeriformes
2546,3928,Cissopis leverianus,Magpie Tanager,Aves,Passeriformes
2547,3930,Cisticola aberdare,Aberdare Cisticola,Aves,Passeriformes
2548,3931,Cisticola aberrans,Rock-loving Cisticola,Aves,Passeriformes
2549,3933,Cisticola angusticauda,Long-tailed Cisticola,Aves,Passeriformes
2550,3934,Cisticola anonymus,Chattering Cisticola,Aves,Passeriformes
2551,3935,Cisticola aridulus,Desert Cisticola,Aves,Passeriformes
2552,3936,Cisticola ayresii,Wing-snapping Cisticola,Aves,Passeriformes
2553,3939,Cisticola bodessa,Boran Cisticola,Aves,Passeriformes
2554,3940,Cisticola brachypterus,Short-winged Cisticola,Aves,Passeriformes
2555,3941,Cisticola brunnescens,Pectoral-patch Cisticola,Aves,Passeriformes
2556,3942,Cisticola bulliens,Bubbling Cisticola,Aves,Passeriformes
2557,3943,Cisticola cantans,Singing Cisticola,Aves,Passeriformes
2558,3944,Cisticola carruthersi,Carruthers's Cisticola,Aves,Passeriformes
2559,3945,Cisticola cherina,Madagascar Cisticola,Aves,Passeriformes
2560,3946,Cisticola chiniana,Rattling Cisticola,Aves,Passeriformes
2561,3947,Cisticola chubbi,Chubb's Cisticola,Aves,Passeriformes
2562,3948,Cisticola cinereolus,Ashy Cisticola,Aves,Passeriformes
2563,3949,Cisticola cinnamomeus,Pale-crowned Cisticola,Aves,Passeriformes
2564,3951,Cisticola distinctus,Lynes's Cisticola,Aves,Passeriformes
2565,3952,Cisticola emini,Cisticola emini,Aves,Passeriformes
2566,3953,Cisticola erythrops,Red-faced Cisticola,Aves,Passeriformes
2567,3954,Cisticola exilis,Golden-headed Cisticola,Aves,Passeriformes
2568,3955,Cisticola eximius,Black-backed Cisticola,Aves,Passeriformes
2569,3956,Cisticola fulvicapilla,Neddicky,Aves,Passeriformes
2570,3957,Cisticola galactotes,Rufous-winged Cisticola,Aves,Passeriformes
2571,3958,Cisticola guinea,Dorst's Cisticola,Aves,Passeriformes
2572,3959,Cisticola haematocephalus,Coastal Cisticola,Aves,Passeriformes
2573,3961,Cisticola hunteri,Hunter's Cisticola,Aves,Passeriformes
2574,3962,Cisticola juncidis,Zitting Cisticola,Aves,Passeriformes
2575,3963,Cisticola lais,Wailing Cisticola,Aves,Passeriformes
2576,3964,Cisticola lateralis,Whistling Cisticola,Aves,Passeriformes
2577,3965,Cisticola luapula,Luapula Cisticola,Aves,Passeriformes
2578,3966,Cisticola lugubris,Ethiopian Cisticola,Aves,Passeriformes
2579,3967,Cisticola marginatus,Winding Cisticola,Aves,Passeriformes
2580,3968,Cisticola nana,Tiny Cisticola,Aves,Passeriformes
2581,3969,Cisticola natalensis,Croaking Cisticola,Aves,Passeriformes
2582,3970,Cisticola nigriloris,Black-lored Cisticola,Aves,Passeriformes
2583,3971,Cisticola njombe,Churring Cisticola,Aves,Passeriformes
2584,3972,Cisticola pipiens,Chirping Cisticola,Aves,Passeriformes
2585,3973,Cisticola robustus,Stout Cisticola,Aves,Passeriformes
2586,3974,Cisticola ruficeps,Red-pate Cisticola,Aves,Passeriformes
2587,3975,Cisticola rufilatus,Tinkling Cisticola,Aves,Passeriformes
2588,3976,Cisticola rufus,Rufous Cisticola,Aves,Passeriformes
2589,3977,Cisticola subruficapilla,Grey-backed Cisticola,Aves,Passeriformes
2590,3979,Cisticola textrix,Cloud Cisticola,Aves,Passeriformes
2591,3980,Cisticola tinniens,Levaillant's Cisticola,Aves,Passeriformes
2592,3981,Cisticola troglodytes,Foxy Cisticola,Aves,Passeriformes
2593,3982,Cisticola woosnami,Trilling Cisticola,Aves,Passeriformes
2594,3983,Cistothorus apolinari,Apolinar's Wren,Aves,Passeriformes
2595,3984,Cistothorus meridae,Merida Wren,Aves,Passeriformes
2596,3985,Cistothorus palustris,Marsh Wren,Aves,Passeriformes
2597,3986,Cistothorus platensis,Grass Wren,Aves,Passeriformes
2598,3987,Cistothorus stellaris,Sedge Wren,Aves,Passeriformes
2599,3988,Cittura cyanotis,Sulawesi Lilac Kingfisher,Aves,Coraciiformes
2600,3990,Cladorhynchus leucocephalus,Banded Stilt,Aves,Charadriiformes
2601,3991,Clamator coromandus,Chestnut-winged Cuckoo,Aves,Cuculiformes
2602,3992,Clamator glandarius,Great Spotted Cuckoo,Aves,Cuculiformes
2603,3993,Clamator jacobinus,Jacobin Cuckoo,Aves,Cuculiformes
2604,3994,Clamator levaillantii,Levaillant's Cuckoo,Aves,Cuculiformes
2605,3995,Clangula hyemalis,Long-tailed Duck,Aves,Anseriformes
2606,3996,Paraclaravis mondetoura,Maroon-chested Ground Dove,Aves,Columbiformes
2607,3997,Claravis pretiosa,Blue Ground Dove,Aves,Columbiformes
2608,4000,Cleptornis marchei,Golden White-eye,Aves,Passeriformes
2609,4003,Clibanornis dendrocolaptoides,Canebrake Groundcreeper,Aves,Passeriformes
2610,4004,Clibanornis erythrocephalus,Henna-hooded Foliage-gleaner,Aves,Passeriformes
2611,4005,Clibanornis rectirostris,Henna-capped Foliage-gleaner,Aves,Passeriformes
2612,4006,Clibanornis rufipectus,Santa Marta Foliage-gleaner,Aves,Passeriformes
2613,4009,Clidophleps distanti,Clidophleps distanti,Insecta,Hemiptera
2614,4014,Climacteris affinis,White-browed Treecreeper,Aves,Passeriformes
2615,4015,Climacteris erythrops,Red-browed Treecreeper,Aves,Passeriformes
2616,4016,Climacteris melanurus,Black-tailed Treecreeper,Aves,Passeriformes
2617,4017,Climacteris picumnus,Brown Treecreeper,Aves,Passeriformes
2618,4018,Climacteris rufus,Rufous Treecreeper,Aves,Passeriformes
2619,4019,Clinopsalta adelaida,Clinopsalta adelaida,Insecta,Hemiptera
2620,4020,Clinopsalta autumna,Clinopsalta autumna,Insecta,Hemiptera
2621,4021,Dacelo rex,Shovel-billed Kookaburra,Aves,Coraciiformes
2622,4023,Clytoctantes alixii,Recurve-billed Bushbird,Aves,Passeriformes
2623,4024,Clytoctantes atrogularis,Rondonia Bushbird,Aves,Passeriformes
2624,4025,Heliodoxa rubricauda,Brazilian Ruby,Aves,Apodiformes
2625,4027,Clytomyias insignis,Orange-crowned Fairywren,Aves,Passeriformes
2626,4028,Clytorhynchus hamlini,Rennell Shrikebill,Aves,Passeriformes
2627,4029,Clytorhynchus nigrogularis,Black-throated Shrikebill,Aves,Passeriformes
2628,4030,Clytorhynchus pachycephaloides,Southern Shrikebill,Aves,Passeriformes
2629,4031,Clytorhynchus vitiensis,Fiji Shrikebill,Aves,Passeriformes
2630,4033,Cnemarchus erythropygius,Red-rumped Bush Tyrant,Aves,Passeriformes
2631,4034,Cnemarchus rufipennis,Rufous-webbed Bush Tyrant,Aves,Passeriformes
2632,4035,Cnemathraupis aureodorsalis,Golden-backed Mountain Tanager,Aves,Passeriformes
2633,4036,Cnemathraupis eximia,Black-chested Mountain Tanager,Aves,Passeriformes
2634,4037,Cnemophilus loriae,Loria's Satinbird,Aves,Passeriformes
2635,4038,Cnemophilus macgregorii,Crested Satinbird,Aves,Passeriformes
2636,4039,Cnemoscopus rubrirostris,Grey-hooded Bush Tanager,Aves,Passeriformes
2637,4040,Cnemotriccus fuscatus,Fuscous Flycatcher,Aves,Passeriformes
2638,4042,Cnipodectes subbrunneus,Brownish Twistwing,Aves,Passeriformes
2639,4043,Cnipodectes superrufus,Rufous Twistwing,Aves,Passeriformes
2640,4046,Coccopygia melanotis,Swee Waxbill,Aves,Passeriformes
2641,4047,Coccopygia quartinia,Yellow-bellied Waxbill,Aves,Passeriformes
2642,4048,Coccothraustes abeillei,Hooded Grosbeak,Aves,Passeriformes
2643,4050,Coccothraustes coccothraustes,Hawfinch,Aves,Passeriformes
2644,4051,Coccothraustes vespertinus,Evening Grosbeak,Aves,Passeriformes
2645,4053,Coccycua cinerea,Ash-colored Cuckoo,Aves,Cuculiformes
2646,4054,Coccycua minuta,Little Cuckoo,Aves,Cuculiformes
2647,4055,Coccycua pumila,Dwarf Cuckoo,Aves,Cuculiformes
2648,4056,Coccyzus americanus,Yellow-billed Cuckoo,Aves,Cuculiformes
2649,4057,Coccyzus erythropthalmus,Black-billed Cuckoo,Aves,Cuculiformes
2650,4058,Coccyzus euleri,Pearly-breasted Cuckoo,Aves,Cuculiformes
2651,4060,Coccyzus lansbergi,Grey-capped Cuckoo,Aves,Cuculiformes
2652,4061,Coccyzus longirostris,Hispaniolan Lizard Cuckoo,Aves,Cuculiformes
2653,4062,Coccyzus melacoryphus,Dark-billed Cuckoo,Aves,Cuculiformes
2654,4063,Coccyzus merlini,Great Lizard Cuckoo,Aves,Cuculiformes
2655,4064,Coccyzus minor,Mangrove Cuckoo,Aves,Cuculiformes
2656,4065,Coccyzus pluvialis,Chestnut-bellied Cuckoo,Aves,Cuculiformes
2657,4066,Coccyzus rufigularis,Bay-breasted Cuckoo,Aves,Cuculiformes
2658,4067,Coccyzus vetula,Jamaican Lizard Cuckoo,Aves,Cuculiformes
2659,4068,Coccyzus vieilloti,Puerto Rican Lizard Cuckoo,Aves,Cuculiformes
2660,4069,Cochlearius cochlearius,Boat-billed Heron,Aves,Pelecaniformes
2661,4070,Cochoa azurea,Javan Cochoa,Aves,Passeriformes
2662,4072,Cochoa purpurea,Purple Cochoa,Aves,Passeriformes
2663,4073,Cochoa viridis,Green Cochoa,Aves,Passeriformes
2664,4074,Cochranella granulosa,Cochranella granulosa,Amphibia,Anura
2665,4075,Coeligena bonapartei,Golden-bellied Starfrontlet,Aves,Apodiformes
2666,4077,Coeligena coeligena,Bronzy Inca,Aves,Apodiformes
2667,4080,Coeligena torquata,Collared Inca,Aves,Apodiformes
2668,4082,Coeligena iris,Rainbow Starfrontlet,Aves,Apodiformes
2669,4083,Coeligena lutetiae,Buff-winged Starfrontlet,Aves,Apodiformes
2670,4084,Coeligena orina,Dusky Starfrontlet,Aves,Apodiformes
2671,4085,Coeligena phalerata,White-tailed Starfrontlet,Aves,Apodiformes
2672,4086,Coeligena prunellei,Black Inca,Aves,Apodiformes
2673,4087,Coeligena violifer,Violet-throated Starfrontlet,Aves,Apodiformes
2674,4088,Coeligena wilsoni,Brown Inca,Aves,Apodiformes
2675,4095,Coenocorypha huegeli,Snares Snipe,Aves,Charadriiformes
2676,4096,Coenocorypha pusilla,Chatham Islands Snipe,Aves,Charadriiformes
2677,4097,Coereba flaveola,Bananaquit,Aves,Passeriformes
2678,4098,Colaptes aeruginosus,Bronze-winged Woodpecker,Aves,Piciformes
2679,4099,Colaptes atricollis,Black-necked Woodpecker,Aves,Piciformes
2680,4100,Colaptes auratus,Northern Flicker,Aves,Piciformes
2681,4101,Colaptes auricularis,Grey-crowned Woodpecker,Aves,Piciformes
2682,4102,Colaptes campestris,Campo Flicker,Aves,Piciformes
2683,4103,Colaptes chrysoides,Gilded Flicker,Aves,Piciformes
2684,4104,Colaptes fernandinae,Fernandina's Flicker,Aves,Piciformes
2685,4105,Colaptes melanochloros,Green-barred Woodpecker,Aves,Piciformes
2686,4106,Colaptes mexicanoides,Guatemalan Flicker,Aves,Piciformes
2687,4107,Colaptes pitius,Chilean Flicker,Aves,Piciformes
2688,4108,Colaptes punctigula,Spot-breasted Woodpecker,Aves,Piciformes
2689,4109,Colaptes rivolii,Crimson-mantled Woodpecker,Aves,Piciformes
2690,4110,Colaptes rubiginosus,Golden-olive Woodpecker,Aves,Piciformes
2691,4111,Colaptes rupicola,Andean Flicker,Aves,Piciformes
2692,4115,Colibri coruscans,Sparkling Violetear,Aves,Apodiformes
2693,4116,Colibri cyanotus,Lesser Violetear,Aves,Apodiformes
2694,4117,Colibri delphinae,Brown Violetear,Aves,Apodiformes
2695,4118,Colibri serrirostris,White-vented Violetear,Aves,Apodiformes
2696,4119,Colibri thalassinus,Mexican Violetear,Aves,Apodiformes
2697,4120,Colinus cristatus,Crested Bobwhite,Aves,Galliformes
2698,4121,Colinus leucopogon,Spot-bellied Bobwhite,Aves,Galliformes
2699,4122,Colinus nigrogularis,Yucatan Bobwhite,Aves,Galliformes
2700,4123,Colinus virginianus,Northern Bobwhite,Aves,Galliformes
2701,4124,Colius castanotus,Red-backed Mousebird,Aves,Coliiformes
2702,4125,Colius colius,White-backed Mousebird,Aves,Coliiformes
2703,4126,Colius leucocephalus,White-headed Mousebird,Aves,Coliiformes
2704,4127,Colius striatus,Speckled Mousebird,Aves,Coliiformes
2705,4130,Collocalia affinis,Plume-toed Swiftlet,Aves,Apodiformes
2706,4132,Collocalia esculenta,Glossy Swiftlet,Aves,Apodiformes
2707,4138,Collocalia troglodytes,Pygmy Swiftlet,Aves,Apodiformes
2708,4141,Colluricincla fortis,Variable Shrikethrush,Aves,Passeriformes
2709,4142,Colluricincla megarhyncha,Arafura Shrikethrush,Aves,Passeriformes
2710,4144,Pachycephala melanorhyncha,Biak Whistler,Aves,Passeriformes
2711,4145,Colluricincla boweri,Bower's Shrikethrush,Aves,Passeriformes
2712,4147,Colluricincla harmonica,Grey Shrikethrush,Aves,Passeriformes
2713,4148,Colluricincla rufogaster,Rufous Shrikethrush,Aves,Passeriformes
2714,4149,Colluricincla tappenbecki,Sepik-Ramu Shrikethrush,Aves,Passeriformes
2715,4151,Colluricincla woodwardi,Sandstone Shrikethrush,Aves,Passeriformes
2716,4153,Colobus guereza,Guereza,Mammalia,Primates
2717,4156,Colobus,Black-and-white colobuses,Mammalia,Primates
2718,4157,Coloeus dauuricus,Daurian Jackdaw,Aves,Passeriformes
2719,4159,Coloeus monedula,Western Jackdaw,Aves,Passeriformes
2720,4164,Colonia colonus,Long-tailed Tyrant,Aves,Passeriformes
2721,4166,Colorhamphus parvirostris,Patagonian Tyrant,Aves,Passeriformes
2722,4167,Colostethus fraterdanieli,Colostethus fraterdanieli,Amphibia,Anura
2723,4174,Colostethus pratti,Colostethus pratti,Amphibia,Anura
2724,4175,Colostethus ruthveni,Colostethus ruthveni,Amphibia,Anura
2725,4176,Colostethus,Colostethus,Amphibia,Anura
2726,4178,Columba albitorques,White-collared Pigeon,Aves,Columbiformes
2727,4180,Columba arquatrix,African Olive Pigeon,Aves,Columbiformes
2728,4181,Columba bollii,Bolle's Pigeon,Aves,Columbiformes
2729,4182,Columba delegorguei,Eastern Bronze-naped Pigeon,Aves,Columbiformes
2730,4183,Columba elphinstonii,Nilgiri Wood Pigeon,Aves,Columbiformes
2731,4184,Columba eversmanni,Yellow-eyed Pigeon,Aves,Columbiformes
2732,4185,Columba guinea,Speckled Pigeon,Aves,Columbiformes
2733,4187,Columba iriditorques,Western Bronze-naped Pigeon,Aves,Columbiformes
2734,4188,Columba janthina,Black Wood Pigeon,Aves,Columbiformes
2735,4189,Columba junoniae,Laurel Pigeon,Aves,Columbiformes
2736,4190,Columba leucomela,White-headed Pigeon,Aves,Columbiformes
2737,4191,Columba leuconota,Snow Pigeon,Aves,Columbiformes
2738,4192,Columba livia,Rock Dove,Aves,Columbiformes
2739,4194,Columba malherbii,Island Bronze-naped Pigeon,Aves,Columbiformes
2740,4195,Columba oenas,Stock Dove,Aves,Columbiformes
2741,4197,Columba palumboides,Andaman Wood Pigeon,Aves,Columbiformes
2742,4198,Columba palumbus,Common Wood Pigeon,Aves,Columbiformes
2743,4200,Columba pulchricollis,Ashy Wood Pigeon,Aves,Columbiformes
2744,4202,Columba rupestris,Hill Pigeon,Aves,Columbiformes
2745,4205,Columba torringtoniae,Sri Lanka Wood Pigeon,Aves,Columbiformes
2746,4206,Columba trocaz,Trocaz Pigeon,Aves,Columbiformes
2747,4207,Columba unicincta,Afep Pigeon,Aves,Columbiformes
2748,4208,Columba vitiensis,Metallic Pigeon,Aves,Columbiformes
2749,4209,Columbina buckleyi,Ecuadorian Ground Dove,Aves,Columbiformes
2750,4210,Columbina cruziana,Croaking Ground Dove,Aves,Columbiformes
2751,4211,Columbina cyanopis,Blue-eyed Ground Dove,Aves,Columbiformes
2752,4212,Columbina inca,Inca Dove,Aves,Columbiformes
2753,4213,Columbina minuta,Plain-breasted Ground Dove,Aves,Columbiformes
2754,4214,Columbina passerina,Common Ground Dove,Aves,Columbiformes
2755,4215,Columbina picui,Picui Ground Dove,Aves,Columbiformes
2756,4216,Columbina squammata,Scaled Dove,Aves,Columbiformes
2757,4217,Columbina talpacoti,Ruddy Ground Dove,Aves,Columbiformes
2758,4219,Compsothraupis loricata,Scarlet-throated Tanager,Aves,Passeriformes
2759,4222,Conioptilon mcilhennyi,Black-faced Cotinga,Aves,Passeriformes
2760,4223,Conirostrum albifrons,Capped Conebill,Aves,Passeriformes
2761,4224,Conirostrum bicolor,Bicolored Conebill,Aves,Passeriformes
2762,4225,Conirostrum binghami,Giant Conebill,Aves,Passeriformes
2763,4226,Conirostrum cinereum,Cinereous Conebill,Aves,Passeriformes
2764,4227,Conirostrum ferrugineiventre,White-browed Conebill,Aves,Passeriformes
2765,4228,Conirostrum leucogenys,White-eared Conebill,Aves,Passeriformes
2766,4229,Conirostrum margaritae,Pearly-breasted Conebill,Aves,Passeriformes
2767,4230,Conirostrum rufum,Rufous-browed Conebill,Aves,Passeriformes
2768,4231,Conirostrum sitticolor,Blue-backed Conebill,Aves,Passeriformes
2769,4232,Conirostrum speciosum,Chestnut-vented Conebill,Aves,Passeriformes
2770,4233,Conirostrum tamarugense,Tamarugo Conebill,Aves,Passeriformes
2771,4236,Connochaetes taurinus,Blue Wildebeest,Mammalia,Artiodactyla
2772,4238,Conocephalus albescens,Conocephalus albescens,Insecta,Orthoptera
2773,4241,Conocephalus brevipennis,Short-winged Meadow Katydid,Insecta,Orthoptera
2774,4243,Conocephalus cinereus,Caribbean meadow katydid,Insecta,Orthoptera
2775,4247,Conocephalus discolor,Conocephalus discolor,Insecta,Orthoptera
2776,4248,Conocephalus fuscus,Conocephalus fuscus,Insecta,Orthoptera
2777,4249,Conocephalus dorsalis,Conocephalus dorsalis,Insecta,Orthoptera
2778,4251,Conocephalus exemptus,Conocephalus exemptus,Insecta,Orthoptera
2779,4252,Conocephalus fasciatus,Slender Meadow Katydid,Insecta,Orthoptera
2780,4261,Conocephalus melaenus,Conocephalus melaenus,Insecta,Orthoptera
2781,4262,Conocephalus nemoralis,Woodland Meadow Katydid,Insecta,Orthoptera
2782,4263,Conocephalus nigropleuroides,tidewater meadow katydid,Insecta,Orthoptera
2783,4268,Conocephalus semivittatus,Conocephalus semivittatus,Insecta,Orthoptera
2784,4269,Conocephalus spartinae,saltmarsh meadow katydid,Insecta,Orthoptera
2785,4272,Conocephalus strictus,straight-lanced meadow katydid,Insecta,Orthoptera
2786,4273,Conocephalus upoluensis,Conocephalus upoluensis,Insecta,Orthoptera
2787,4279,Conopias albovittatus,White-ringed Flycatcher,Aves,Passeriformes
2788,4280,Conopias parvus,Yellow-throated Flycatcher,Aves,Passeriformes
2789,4281,Conopias cinchoneti,Lemon-browed Flycatcher,Aves,Passeriformes
2790,4282,Conopias trivirgatus,Three-striped Flycatcher,Aves,Passeriformes
2791,4283,Conopophaga ardesiaca,Slaty Gnateater,Aves,Passeriformes
2792,4284,Conopophaga aurita,Chestnut-belted Gnateater,Aves,Passeriformes
2793,4285,Conopophaga castaneiceps,Chestnut-crowned Gnateater,Aves,Passeriformes
2794,4286,Conopophaga cearae,Ceara Gnateater,Aves,Passeriformes
2795,4287,Conopophaga lineata,Rufous Gnateater,Aves,Passeriformes
2796,4288,Conopophaga melanogaster,Black-bellied Gnateater,Aves,Passeriformes
2797,4289,Conopophaga melanops,Black-cheeked Gnateater,Aves,Passeriformes
2798,4290,Conopophaga peruviana,Ash-throated Gnateater,Aves,Passeriformes
2799,4291,Conopophaga roberti,Hooded Gnateater,Aves,Passeriformes
2800,4292,Conopophaga snethlageae,Black-breasted Gnateater,Aves,Passeriformes
2801,4293,Conopophila albogularis,Rufous-banded Honeyeater,Aves,Passeriformes
2802,4294,Conopophila rufogularis,Rufous-throated Honeyeater,Aves,Passeriformes
2803,4295,Conopophila whitei,Grey Honeyeater,Aves,Passeriformes
2804,4296,Paradoxornis aemodius,Great Parrotbill,Aves,Passeriformes
2805,4298,Conothraupis mesoleuca,Cone-billed Tanager,Aves,Passeriformes
2806,4299,Conothraupis speculigera,Black-and-white Tanager,Aves,Passeriformes
2807,4301,Contopus albogularis,White-throated Pewee,Aves,Passeriformes
2808,4302,Contopus bogotensis,Northern Tropical Pewee,Aves,Passeriformes
2809,4303,Contopus cinereus,Southern Tropical Pewee,Aves,Passeriformes
2810,4304,Contopus caribaeus,Cuban Pewee,Aves,Passeriformes
2811,4305,Contopus cooperi,Olive-sided Flycatcher,Aves,Passeriformes
2812,4306,Contopus fumigatus,Smoke-colored Pewee,Aves,Passeriformes
2813,4307,Contopus hispaniolensis,Hispaniolan Pewee,Aves,Passeriformes
2814,4308,Contopus latirostris,Lesser Antillean Pewee,Aves,Passeriformes
2815,4309,Contopus lugubris,Dark Pewee,Aves,Passeriformes
2816,4310,Contopus nigrescens,Blackish Pewee,Aves,Passeriformes
2817,4311,Contopus ochraceus,Ochraceous Pewee,Aves,Passeriformes
2818,4312,Contopus pallidus,Jamaican Pewee,Aves,Passeriformes
2819,4313,Contopus pertinax,Greater Pewee,Aves,Passeriformes
2820,4314,Contopus punensis,Tumbes Pewee,Aves,Passeriformes
2821,4315,Contopus sordidulus,Western Wood Pewee,Aves,Passeriformes
2822,4316,Contopus virens,Eastern Wood Pewee,Aves,Passeriformes
2823,4322,Cophixalus infacetus,Cophixalus infacetus,Amphibia,Anura
2824,4324,Cophixalus ornatus,Cophixalus ornatus,Amphibia,Anura
2825,4330,Copsychus albiventris,Andaman Shama,Aves,Passeriformes
2826,4331,Copsychus albospecularis,Madagascar Magpie-Robin,Aves,Passeriformes
2827,4332,Copsychus cebuensis,Black Shama,Aves,Passeriformes
2828,4333,Copsychus fulicatus,Indian Robin,Aves,Passeriformes
2829,4334,Copsychus leggei,Sri Lanka Shama,Aves,Passeriformes
2830,4335,Copsychus luzoniensis,White-browed Shama,Aves,Passeriformes
2831,4336,Copsychus superciliaris,Visayan Shama,Aves,Passeriformes
2832,4337,Copsychus malabaricus,White-rumped Shama,Aves,Passeriformes
2833,4338,Copsychus mindanensis,Philippine Magpie-Robin,Aves,Passeriformes
2834,4339,Copsychus niger,White-vented Shama,Aves,Passeriformes
2835,4340,Copsychus pyrropygus,Rufous-tailed Shama,Aves,Passeriformes
2836,4341,Copsychus saularis,Oriental Magpie-Robin,Aves,Passeriformes
2837,4343,Copsychus stricklandii,White-crowned Shama,Aves,Passeriformes
2838,4344,Coracias abyssinicus,Abyssinian Roller,Aves,Coraciiformes
2839,4345,Coracias affinis,Indochinese Roller,Aves,Coraciiformes
2840,4346,Coracias benghalensis,Indian Roller,Aves,Coraciiformes
2841,4347,Coracias caudatus,Lilac-breasted Roller,Aves,Coraciiformes
2842,4348,Coracias cyanogaster,Blue-bellied Roller,Aves,Coraciiformes
2843,4349,Coracias garrulus,European Roller,Aves,Coraciiformes
2844,4350,Coracias naevius,Purple Roller,Aves,Coraciiformes
2845,4351,Coracias spatulatus,Racket-tailed Roller,Aves,Coraciiformes
2846,4352,Coracias temminckii,Purple-winged Roller,Aves,Coraciiformes
2847,4353,Coracina atriceps,Moluccan Cuckooshrike,Aves,Passeriformes
2848,4354,Cyanograucalus azureus,Blue Cuckooshrike,Aves,Passeriformes
2849,4355,Coracina bicolor,Pied Cuckooshrike,Aves,Passeriformes
2850,4356,Coracina boyeri,Boyer's Cuckooshrike,Aves,Passeriformes
2851,4357,Coracina caeruleogrisea,Stout-billed Cuckooshrike,Aves,Passeriformes
2852,4358,Coracina caledonica,South Melanesian Cuckooshrike,Aves,Passeriformes
2853,4359,Edolisoma coerulescens,Blackish Cuckooshrike,Aves,Passeriformes
2854,4362,Edolisoma dohertyi,Pale-shouldered Cicadabird,Aves,Passeriformes
2855,4363,Lalage fimbriata,Lesser Cuckooshrike,Aves,Passeriformes
2856,4365,Coracina guillemardi,Sulu Cuckooshrike,Aves,Passeriformes
2857,4366,Edolisoma holopolium,Solomons Cicadabird,Aves,Passeriformes
2858,4367,Edolisoma incertum,Black-shouldered Cicadabird,Aves,Passeriformes
2859,4369,Coracina javensis,Oriental Cuckooshrike,Aves,Passeriformes
2860,4371,Coracina larutensis,Malayan Cuckooshrike,Aves,Passeriformes
2861,4372,Coracina larvata,Sunda Cuckooshrike,Aves,Passeriformes
2862,4374,Coracina lineata,Barred Cuckooshrike,Aves,Passeriformes
2863,4375,Coracina longicauda,Hooded Cuckooshrike,Aves,Passeriformes
2864,4376,Coracina macei,Indian Cuckooshrike,Aves,Passeriformes
2865,4377,Coracina maxima,Ground Cuckooshrike,Aves,Passeriformes
2866,4378,Malindangia mcgregori,McGregor's Cuckooshrike,Aves,Passeriformes
2867,4379,Lalage melanoptera,Black-headed Cuckooshrike,Aves,Passeriformes
2868,4380,Edolisoma melas,Black Cicadabird,Aves,Passeriformes
2869,4381,Lalage melaschistos,Black-winged Cuckooshrike,Aves,Passeriformes
2870,4384,Edolisoma montanum,Black-bellied Cuckooshrike,Aves,Passeriformes
2871,4385,Edolisoma morio,Sulawesi Cicadabird,Aves,Passeriformes
2872,4387,Lalage newtoni,Reunion Cuckooshrike,Aves,Passeriformes
2873,4388,Coracina novaehollandiae,Black-faced Cuckooshrike,Aves,Passeriformes
2874,4389,Edolisoma ostentum,White-winged Cuckooshrike,Aves,Passeriformes
2875,4391,Coracina striata,Bar-bellied Cuckooshrike,Aves,Passeriformes
2876,4392,Coracina papuensis,White-bellied Cuckooshrike,Aves,Passeriformes
2877,4393,Coracina parvula,Halmahera Cuckooshrike,Aves,Passeriformes
2878,4395,Coracina personata,Wallacean Cuckooshrike,Aves,Passeriformes
2879,4396,Lalage polioptera,Indochinese Cuckooshrike,Aves,Passeriformes
2880,4397,Edolisoma remotum,Bismarck Cicadabird,Aves,Passeriformes
2881,4398,Edolisoma salomonis,Makira Cicadabird,Aves,Passeriformes
2882,4400,Edolisoma schisticeps,Grey-headed Cuckooshrike,Aves,Passeriformes
2883,4401,Coracina temminckii,Cerulean Cuckooshrike,Aves,Passeriformes
2884,4404,Lalage typica,Mauritius Cuckooshrike,Aves,Passeriformes
2885,4406,Coracopsis barklyi,Seychelles Black Parrot,Aves,Psittaciformes
2886,4407,Coracopsis nigra,Lesser Vasa Parrot,Aves,Psittaciformes
2887,4409,Coracopsis vasa,Greater Vasa Parrot,Aves,Psittaciformes
2888,4410,Coracornis raveni,Maroon-backed Whistler,Aves,Passeriformes
2889,4412,Coragyps atratus,Black Vulture,Aves,Accipitriformes
2890,4413,Corapipo altera,White-ruffed Manakin,Aves,Passeriformes
2891,4414,Corapipo gutturalis,White-throated Manakin,Aves,Passeriformes
2892,4415,Corapipo leucorrhoa,White-bibbed Manakin,Aves,Passeriformes
2893,4416,Corcorax melanorhamphos,White-winged Chough,Aves,Passeriformes
2894,4418,Cormobates leucophaea,White-throated Treecreeper,Aves,Passeriformes
2895,4419,Cormobates placens,Papuan Treecreeper,Aves,Passeriformes
2896,4427,Cornufer pelewensis,Palau Ground Frog,Amphibia,Anura
2897,4434,Corthylio calendula,Ruby-crowned Kinglet,Aves,Passeriformes
2898,4435,Corvinella corvina,Yellow-billed Shrike,Aves,Passeriformes
2899,4437,Corvus albicollis,White-necked Raven,Aves,Passeriformes
2900,4438,Corvus albus,Pied Crow,Aves,Passeriformes
2901,4439,Corvus bennetti,Little Crow,Aves,Passeriformes
2902,4440,Corvus brachyrhynchos,American Crow,Aves,Passeriformes
2903,4441,Corvus capensis,Cape Crow,Aves,Passeriformes
2904,4442,Corvus celebensis,Sulawesi Crow,Mammalia,Artiodactyla
2905,4444,Corvus corax,Northern Raven,Aves,Passeriformes
2906,4445,Corvus cornix,Hooded Crow,Aves,Passeriformes
2907,4446,Corvus corone,Carrion Crow,Aves,Passeriformes
2908,4447,Corvus coronoides,Australian Raven,Aves,Passeriformes
2909,4448,Corvus crassirostris,Thick-billed Raven,Aves,Passeriformes
2910,4449,Corvus cryptoleucus,Chihuahuan Raven,Aves,Passeriformes
2911,4450,Corvus culminatus,Indian Jungle Crow,Aves,Passeriformes
2912,4451,Corvus edithae,Somali Crow,Aves,Passeriformes
2913,4452,Corvus enca,Sunda Crow,Aves,Passeriformes
2914,4453,Corvus florensis,Flores Crow,Aves,Passeriformes
2915,4454,Corvus frugilegus,Rook,Aves,Passeriformes
2916,4455,Corvus fuscicapillus,Brown-headed Crow,Aves,Passeriformes
2917,4456,Corvus hawaiiensis,Hawaiian Crow,Aves,Passeriformes
2918,4457,Corvus imparatus,Tamaulipas Crow,Aves,Passeriformes
2919,4458,Corvus insularis,Bismarck Crow,Aves,Passeriformes
2920,4459,Corvus jamaicensis,Jamaican Crow,Aves,Passeriformes
2921,4460,Corvus kubaryi,Mariana Crow,Aves,Passeriformes
2922,4461,Corvus leucognaphalus,White-necked Crow,Aves,Passeriformes
2923,4462,Corvus levaillantii,Eastern Jungle Crow,Aves,Passeriformes
2924,4463,Corvus macrorhynchos,Large-billed Crow,Aves,Passeriformes
2925,4464,Corvus meeki,Bougainville Crow,Aves,Passeriformes
2926,4465,Corvus mellori,Little Raven,Aves,Passeriformes
2927,4466,Corvus minutus,Cuban Palm Crow,Aves,Passeriformes
2928,4467,Corvus moneduloides,New Caledonian Crow,Aves,Passeriformes
2929,4468,Corvus nasicus,Cuban Crow,Aves,Passeriformes
2930,4469,Corvus orru,Torresian Crow,Aves,Passeriformes
2931,4470,Corvus ossifragus,Fish Crow,Aves,Passeriformes
2932,4471,Corvus palmarum,Hispaniolan Palm Crow,Aves,Passeriformes
2933,4472,Corvus philippinus,Philippine Jungle Crow,Aves,Passeriformes
2934,4473,Corvus pusillus,Palawan Crow,Aves,Passeriformes
2935,4474,Corvus rhipidurus,Fan-tailed Raven,Aves,Passeriformes
2936,4475,Corvus ruficollis,Brown-necked Raven,Aves,Passeriformes
2937,4476,Corvus samarensis,Samar Crow,Aves,Passeriformes
2938,4477,Corvus sierramadrensis,Sierra Madre Crow,Aves,Passeriformes
2939,4478,Corvus sinaloae,Sinaloa Crow,Aves,Passeriformes
2940,4479,Corvus splendens,House Crow,Aves,Passeriformes
2941,4480,Corvus tasmanicus,Forest Raven,Aves,Passeriformes
2942,4481,Corvus torquatus,Collared Crow,Aves,Passeriformes
2943,4482,Corvus tristis,Grey Crow,Aves,Passeriformes
2944,4483,Corvus typicus,Piping Crow,Aves,Passeriformes
2945,4484,Corvus unicolor,Banggai Crow,Aves,Passeriformes
2946,4485,Corvus validus,Long-billed Crow,Aves,Passeriformes
2947,4486,Corvus violaceus,Violet Crow,Aves,Passeriformes
2948,4487,Corvus woodfordi,White-billed Crow,Aves,Passeriformes
2949,4488,Corydon sumatranus,Dusky Broadbill,Aves,Passeriformes
2950,4492,Corypha athi,Sentinel Lark,Aves,Passeriformes
2951,4495,Corypha kabalii,Plains Lark,Aves,Passeriformes
2952,4500,Coryphaspiza melanotis,Black-masked Finch,Aves,Passeriformes
2953,4501,Coryphistera alaudina,Lark-like Brushrunner,Aves,Passeriformes
2954,4502,Coryphospingus cucullatus,Red Pileated Finch,Aves,Passeriformes
2955,4503,Coryphospingus pileatus,Grey Pileated Finch,Aves,Passeriformes
2956,4504,Corythaeola cristata,Great Blue Turaco,Aves,Musophagiformes
2957,4505,Crinifer concolor,Grey Go-away-bird,Aves,Musophagiformes
2958,4507,Crinifer leucogaster,White-bellied Go-away-bird,Aves,Musophagiformes
2959,4509,Crinifer personatus,Bare-faced Go-away-bird,Aves,Musophagiformes
2960,4510,Corythopis delalandi,Southern Antpipit,Aves,Passeriformes
2961,4511,Corythopis torquatus,Ringed Antpipit,Aves,Passeriformes
2962,4512,Corythornis cristatus,Malachite Kingfisher,Aves,Coraciiformes
2963,4513,Corythornis leucogaster,White-bellied Kingfisher,Aves,Coraciiformes
2964,4514,Corythornis madagascariensis,Madagascar Pygmy Kingfisher,Aves,Coraciiformes
2965,4515,Corythornis vintsioides,Malagasy Kingfisher,Aves,Coraciiformes
2966,4516,Coscoroba coscoroba,Coscoroba Swan,Aves,Anseriformes
2967,4517,Cossypha albicapillus,White-crowned Robin-Chat,Aves,Passeriformes
2968,4518,Dessonornis anomalus,Olive-flanked Ground Robin,Aves,Passeriformes
2969,4520,Cossypha ansorgei,Cossypha ansorgei,Aves,Passeriformes
2970,4521,Dessonornis archeri,Archer's Ground Robin,Aves,Passeriformes
2971,4523,Dessonornis caffer,Cape Robin-Chat,Aves,Passeriformes
2972,4524,Cossypha cyanocampter,Blue-shouldered Robin-Chat,Aves,Passeriformes
2973,4525,Cossypha dichroa,Chorister Robin-Chat,Aves,Passeriformes
2974,4526,Cossypha heinrichi,White-headed Robin-Chat,Aves,Passeriformes
2975,4527,Cossypha heuglini,White-browed Robin-Chat,Aves,Passeriformes
2976,4528,Dessonornis humeralis,White-throated Robin-Chat,Aves,Passeriformes
2977,4530,Cossyphicula isabellae,Mountain Robin-Chat,Aves,Passeriformes
2978,4531,Cossypha natalensis,Red-capped Robin-Chat,Aves,Passeriformes
2979,4532,Cossypha niveicapilla,Snowy-crowned Robin-Chat,Aves,Passeriformes
2980,4533,Sheppardia polioptera,Grey-winged Robin-Chat,Aves,Passeriformes
2981,4535,Cossypha semirufa,Rüppell's Robin-Chat,Aves,Passeriformes
2982,4537,Cossyphicula roberti,White-bellied Robin-Chat,Aves,Passeriformes
2983,4538,Cotinga amabilis,Lovely Cotinga,Aves,Passeriformes
2984,4539,Cotinga cayana,Spangled Cotinga,Aves,Passeriformes
2985,4542,Cotinga maynana,Plum-throated Cotinga,Aves,Passeriformes
2986,4543,Cotinga nattererii,Blue Cotinga,Aves,Passeriformes
2987,4544,Cotinga ridgwayi,Turquoise Cotinga,Aves,Passeriformes
2988,4545,Coturnicops exquisitus,Swinhoe's Rail,Aves,Gruiformes
2989,4546,Coturnicops noveboracensis,Yellow Rail,Aves,Gruiformes
2990,4547,Coturnix coromandelica,Rain Quail,Aves,Galliformes
2991,4548,Coturnix coturnix,Common Quail,Aves,Galliformes
2992,4549,Coturnix delegorguei,Harlequin Quail,Aves,Galliformes
2993,4550,Coturnix japonica,Japanese Quail,Aves,Galliformes
2994,4551,Coturnix pectoralis,Stubble Quail,Aves,Galliformes
2995,4552,Coua caerulea,Blue Coua,Aves,Cuculiformes
2996,4553,Coua coquereli,Coquerel's Coua,Aves,Cuculiformes
2997,4554,Coua cristata,Crested Coua,Aves,Cuculiformes
2998,4555,Coua cursor,Running Coua,Aves,Cuculiformes
2999,4556,Coua gigas,Giant Coua,Aves,Cuculiformes
3000,4557,Coua olivaceiceps,Olive-capped Coua,Aves,Cuculiformes
3001,4558,Coua ruficeps,Red-capped Coua,Aves,Cuculiformes
3002,4559,Coua reynaudii,Red-fronted Coua,Aves,Cuculiformes
3003,4560,Coua serriana,Red-breasted Coua,Aves,Cuculiformes
3004,4561,Coua verreauxi,Verreaux's Coua,Aves,Cuculiformes
3005,4562,Cracticus argenteus,Silver-backed Butcherbird,Aves,Passeriformes
3006,4563,Cracticus torquatus,Grey Butcherbird,Aves,Passeriformes
3007,4564,Cracticus cassicus,Hooded Butcherbird,Aves,Passeriformes
3008,4566,Cracticus mentalis,Black-backed Butcherbird,Aves,Passeriformes
3009,4567,Cracticus nigrogularis,Pied Butcherbird,Aves,Passeriformes
3010,4570,Cranioleuca albicapilla,Creamy-crested Spinetail,Aves,Passeriformes
3011,4571,Cranioleuca albiceps,Light-crowned Spinetail,Aves,Passeriformes
3012,4572,Cranioleuca antisiensis,Line-cheeked Spinetail,Aves,Passeriformes
3013,4573,Cranioleuca berlepschi,Russet-mantled Softtail,Aves,Passeriformes
3014,4574,Cranioleuca curtata,Ash-browed Spinetail,Aves,Passeriformes
3015,4575,Cranioleuca demissa,Tepui Spinetail,Aves,Passeriformes
3016,4576,Cranioleuca dissita,Coiba Spinetail,Aves,Passeriformes
3017,4577,Cranioleuca vulpina,Rusty-backed Spinetail,Aves,Passeriformes
3018,4578,Cranioleuca erythrops,Red-faced Spinetail,Aves,Passeriformes
3019,4579,Thripophaga gutturata,Speckled Spinetail,Aves,Passeriformes
3020,4581,Cranioleuca hellmayri,Streak-capped Spinetail,Aves,Passeriformes
3021,4582,Cranioleuca henricae,Bolivian Spinetail,Aves,Passeriformes
3022,4583,Cranioleuca marcapatae,Marcapata Spinetail,Aves,Passeriformes
3023,4584,Cranioleuca muelleri,Scaled Spinetail,Aves,Passeriformes
3024,4585,Cranioleuca obsoleta,Olive Spinetail,Aves,Passeriformes
3025,4586,Cranioleuca pallida,Pallid Spinetail,Aves,Passeriformes
3026,4587,Cranioleuca pyrrhophia,Stripe-crowned Spinetail,Aves,Passeriformes
3027,4588,Cranioleuca semicinerea,Grey-headed Spinetail,Aves,Passeriformes
3028,4589,Cranioleuca subcristata,Crested Spinetail,Aves,Passeriformes
3029,4590,Limnoctites sulphuriferus,Sulphur-bearded Reedhaunter,Aves,Passeriformes
3030,4591,Cranioleuca vulpecula,Parker's Spinetail,Aves,Passeriformes
3031,4596,Origma murina,Rusty Mouse-warbler,Aves,Passeriformes
3032,4598,Origma robusta,Mountain Mouse-warbler,Aves,Passeriformes
3033,4600,Craugastor augusti,Barking Frog,Amphibia,Anura
3034,4603,Craugastor fitzingeri,Craugastor fitzingeri,Amphibia,Anura
3035,4608,Craugastor raniformis,Craugastor raniformis,Amphibia,Anura
3036,4614,Crax alberti,Blue-billed Curassow,Aves,Galliformes
3037,4615,Crax alector,Black Curassow,Aves,Galliformes
3038,4616,Crax blumenbachii,Red-billed Curassow,Aves,Galliformes
3039,4617,Crax daubentoni,Yellow-knobbed Curassow,Aves,Galliformes
3040,4618,Crax fasciolata,Bare-faced Curassow,Aves,Galliformes
3041,4619,Crax globulosa,Wattled Curassow,Aves,Galliformes
3042,4620,Crax rubra,Great Curassow,Aves,Galliformes
3043,4621,Creagrus furcatus,Swallow-tailed Gull,Aves,Charadriiformes
3044,4622,Creatophora cinerea,Wattled Starling,Aves,Passeriformes
3045,4623,Crecopsis egregia,African Crake,Aves,Gruiformes
3046,4625,Creurgops dentatus,Slaty Tanager,Aves,Passeriformes
3047,4626,Creurgops verticalis,Rufous-crested Tanager,Aves,Passeriformes
3048,4627,Crex crex,Corn Crake,Aves,Gruiformes
3049,4630,Crinia deserticola,Crinia deserticola,Amphibia,Anura
3050,4631,Crinia georgiana,Crinia georgiana,Amphibia,Anura
3051,4632,Crinia glauerti,Crinia glauerti,Amphibia,Anura
3052,4633,Crinia insignifera,Crinia insignifera,Amphibia,Anura
3053,4635,Crinia parinsignifera,Crinia parinsignifera,Amphibia,Anura
3054,4636,Crinia pseudinsignifera,Crinia pseudinsignifera,Amphibia,Anura
3055,4639,Crinia signifera,Crinia signifera,Amphibia,Anura
3056,4641,Crinia subinsignifera,Crinia subinsignifera,Amphibia,Anura
3057,4642,Crinia tasmaniensis,Crinia tasmaniensis,Amphibia,Anura
3058,4643,Crinia tinnula,Crinia tinnula,Amphibia,Anura
3059,4644,Crinifer piscator,Western Plantain-eater,Aves,Musophagiformes
3060,4645,Crinifer zonurus,Eastern Plantain-eater,Aves,Musophagiformes
3061,4646,Criniger barbatus,Western Bearded Greenbul,Aves,Passeriformes
3062,4647,Criniger calurus,Red-tailed Greenbul,Aves,Passeriformes
3063,4648,Criniger chloronotus,Eastern Bearded Greenbul,Aves,Passeriformes
3064,4649,Criniger ndussumensis,White-bearded Greenbul,Aves,Passeriformes
3065,4650,Criniger olivaceus,Yellow-bearded Greenbul,Aves,Passeriformes
3066,4656,Crithagra albogularis,White-throated Canary,Aves,Passeriformes
3067,4657,Crithagra ankoberensis,Ankober Serin,Aves,Passeriformes
3068,4658,Crithagra atrogularis,Black-throated Canary,Aves,Passeriformes
3069,4659,Crithagra buchanani,Southern Grosbeak-Canary,Aves,Passeriformes
3070,4660,Crithagra burtoni,Thick-billed Seedeater,Aves,Passeriformes
3071,4662,Crithagra capistrata,Black-faced Canary,Aves,Passeriformes
3072,4663,Crithagra citrinelloides,African Citril,Aves,Passeriformes
3073,4666,Crithagra donaldsoni,Northern Grosbeak-Canary,Aves,Passeriformes
3074,4667,Crithagra dorsostriata,White-bellied Canary,Aves,Passeriformes
3075,4668,Crithagra flavigula,Yellow-throated Seedeater,Aves,Passeriformes
3076,4669,Crithagra flaviventris,Yellow Canary,Aves,Passeriformes
3077,4670,Crithagra frontalis,Western Citril,Aves,Passeriformes
3078,4671,Crithagra gularis,Streaky-headed Seedeater,Aves,Passeriformes
3079,4672,Crithagra hyposticta,Southern Citril,Aves,Passeriformes
3080,4674,Crithagra leucoptera,Protea Canary,Aves,Passeriformes
3081,4675,Crithagra leucopygia,White-rumped Seedeater,Aves,Passeriformes
3082,4676,Crithagra melanochroa,Kipengere Seedeater,Aves,Passeriformes
3083,4677,Crithagra menachensis,Yemen Serin,Aves,Passeriformes
3084,4678,Crithagra mennelli,Black-eared Seedeater,Aves,Passeriformes
3085,4679,Crithagra mozambica,Yellow-fronted Canary,Aves,Passeriformes
3086,4680,Crithagra reichardi,Reichard's Seedeater,Aves,Passeriformes
3087,4682,Crithagra reichenowi,Reichenow's Seedeater,Aves,Passeriformes
3088,4683,Crithagra rothschildi,Arabian Serin,Aves,Passeriformes
3089,4684,Crithagra rufobrunnea,Principe Seedeater,Aves,Passeriformes
3090,4685,Crithagra scotops,Forest Canary,Aves,Passeriformes
3091,4686,Crithagra striolata,Streaky Seedeater,Aves,Passeriformes
3092,4687,Crithagra sulphurata,Brimstone Canary,Aves,Passeriformes
3093,4688,Crithagra symonsi,Drakensberg Siskin,Aves,Passeriformes
3094,4689,Crithagra totta,Cape Siskin,Aves,Passeriformes
3095,4690,Crithagra tristriata,Brown-rumped Seedeater,Aves,Passeriformes
3096,4692,Crithagra xantholaema,Salvadori's Seedeater,Aves,Passeriformes
3097,4694,Laniellus albonotatus,Spotted Crocias,Aves,Passeriformes
3098,4695,Laniellus langbianis,Grey-crowned Crocias,Aves,Passeriformes
3099,4697,Crocidura russula,Greater white-toothed shrew,Mammalia,Soricomorpha
3100,4698,Crocuta crocuta,Spotted Hyena,Mammalia,Carnivora
3101,4701,Crossleyia xanthophrys,Madagascar Yellowbrow,Aves,Passeriformes
3102,4703,Crossoptilon auritum,Blue Eared Pheasant,Aves,Galliformes
3103,4704,Crossoptilon crossoptilon,White Eared Pheasant,Aves,Galliformes
3104,4705,Crossoptilon harmani,Tibetan Eared Pheasant,Aves,Galliformes
3105,4706,Crossoptilon mantchuricum,Brown Eared Pheasant,Aves,Galliformes
3106,4710,Crotalus atrox,Western Diamond-backed Rattlesnake,Reptilia,Squamata
3107,4714,Crotalus horridus,Crotalus horridus,Reptilia,Squamata
3108,4715,Crotalus molossus,Crotalus molossus,Reptilia,Squamata
3109,4716,Crotalus oreganus,Crotalus oreganus,Reptilia,Squamata
3110,4722,Crotalus viridis,Prairie Rattlesnake,Reptilia,Squamata
3111,4724,Crotophaga ani,Smooth-billed Ani,Aves,Cuculiformes
3112,4725,Crotophaga major,Greater Ani,Aves,Cuculiformes
3113,4726,Crotophaga sulcirostris,Groove-billed Ani,Aves,Cuculiformes
3114,4728,Crypsirina cucullata,Hooded Treepie,Aves,Passeriformes
3115,4729,Crypsirina temia,Racket-tailed Treepie,Aves,Passeriformes
3116,4730,Cryptillas victorini,Victorin's Warbler,Aves,Passeriformes
3117,4731,Cryptoleucopteryx plumbea,Plumbeous Hawk,Aves,Accipitriformes
3118,4732,Cryptolybia olivacea,Green Barbet,Aves,Piciformes
3119,4734,Cryptomicroeca flaviventris,Yellow-bellied Flyrobin,Aves,Passeriformes
3120,4735,Cryptopezus nattereri,Speckle-breasted Antpitta,Aves,Passeriformes
3121,4737,Cryptopipo holochlora,Green Manakin,Aves,Passeriformes
3122,4740,Cryptospiza jacksoni,Dusky Crimsonwing,Aves,Passeriformes
3123,4741,Cryptospiza reichenovii,Red-faced Crimsonwing,Aves,Passeriformes
3124,4742,Cryptospiza salvadorii,Abyssinian Crimsonwing,Aves,Passeriformes
3125,4743,Cryptosylvicola randrianasoloi,Cryptic Warbler,Aves,Passeriformes
3126,4744,Cryptotympana acuta,Cryptotympana acuta,Insecta,Hemiptera
3127,4746,Cryptotympana atrata,Cryptotympana atrata,Insecta,Hemiptera
3128,4748,Cryptotympana facialis,Cryptotympana facialis,Insecta,Hemiptera
3129,4750,Cryptotympana holsti,Cryptotympana holsti,Insecta,Hemiptera
3130,4753,Cryptotympana takasagona,Cryptotympana takasagona,Insecta,Hemiptera
3131,4756,Crypturellus atrocapillus,Black-capped Tinamou,Aves,Tinamiformes
3132,4757,Crypturellus bartletti,Bartlett's Tinamou,Aves,Tinamiformes
3133,4758,Crypturellus berlepschi,Berlepsch's Tinamou,Aves,Tinamiformes
3134,4759,Crypturellus boucardi,Slaty-breasted Tinamou,Aves,Tinamiformes
3135,4760,Crypturellus brevirostris,Rusty Tinamou,Aves,Tinamiformes
3136,4761,Crypturellus casiquiare,Barred Tinamou,Aves,Tinamiformes
3137,4762,Crypturellus cinereus,Cinereous Tinamou,Aves,Tinamiformes
3138,4763,Crypturellus cinnamomeus,Thicket Tinamou,Aves,Tinamiformes
3139,4764,Crypturellus duidae,Grey-legged Tinamou,Aves,Tinamiformes
3140,4765,Crypturellus erythropus,Red-legged Tinamou,Aves,Tinamiformes
3141,4766,Crypturellus kerriae,Choco Tinamou,Aves,Tinamiformes
3142,4767,Crypturellus noctivagus,Yellow-legged Tinamou,Aves,Tinamiformes
3143,4768,Crypturellus obsoletus,Brown Tinamou,Aves,Tinamiformes
3144,4769,Crypturellus parvirostris,Small-billed Tinamou,Aves,Tinamiformes
3145,4771,Crypturellus soui,Little Tinamou,Aves,Tinamiformes
3146,4772,Crypturellus strigulosus,Brazilian Tinamou,Aves,Tinamiformes
3147,4773,Crypturellus tataupa,Tataupa Tinamou,Aves,Tinamiformes
3148,4774,Crypturellus transfasciatus,Pale-browed Tinamou,Aves,Tinamiformes
3149,4775,Crypturellus undulatus,Undulated Tinamou,Aves,Tinamiformes
3150,4776,Crypturellus variegatus,Variegated Tinamou,Aves,Tinamiformes
3151,4777,Ctenodecticus bolivari,Ctenodecticus bolivari,Insecta,Orthoptera
3152,4791,Ctenophryne geayi,Ctenophryne geayi,Amphibia,Anura
3153,4793,Cuculus canorus,Common Cuckoo,Aves,Cuculiformes
3154,4794,Cuculus clamosus,Black Cuckoo,Aves,Cuculiformes
3155,4795,Cuculus crassirostris,Sulawesi Cuckoo,Aves,Cuculiformes
3156,4796,Hierococcyx fugax,Malaysian Hawk-Cuckoo,Aves,Cuculiformes
3157,4797,Cuculus gularis,African Cuckoo,Aves,Cuculiformes
3158,4798,Hierococcyx hyperythrus,Northern Hawk-Cuckoo,Aves,Cuculiformes
3159,4799,Cuculus lepidus,Sunda Cuckoo,Aves,Cuculiformes
3160,4800,Cuculus micropterus,Indian Cuckoo,Aves,Cuculiformes
3161,4801,Hierococcyx nisicolor,Hodgson's Hawk-Cuckoo,Aves,Cuculiformes
3162,4802,Cuculus optatus,Oriental Cuckoo,Aves,Cuculiformes
3163,4803,Hierococcyx pectoralis,Philippine Hawk-Cuckoo,Aves,Cuculiformes
3164,4804,Cuculus poliocephalus,Lesser Cuckoo,Aves,Cuculiformes
3165,4805,Cuculus rochii,Madagascar Cuckoo,Aves,Cuculiformes
3166,4806,Cuculus saturatus,Himalayan Cuckoo,Aves,Cuculiformes
3167,4807,Cuculus solitarius,Red-chested Cuckoo,Aves,Cuculiformes
3168,4808,Hierococcyx bocki,Dark Hawk-Cuckoo,Aves,Cuculiformes
3169,4809,Hierococcyx sparverioides,Large Hawk-Cuckoo,Aves,Cuculiformes
3170,4810,Hierococcyx vagans,Moustached Hawk-Cuckoo,Aves,Cuculiformes
3171,4811,Hierococcyx varius,Common Hawk-Cuckoo,Aves,Cuculiformes
3172,4812,Culicicapa ceylonensis,Grey-headed Canary-flycatcher,Aves,Passeriformes
3173,4813,Culicicapa helianthea,Citrine Canary-flycatcher,Aves,Passeriformes
3174,4814,Culicidae,Mosquitos,Insecta,Diptera
3175,4815,Culicivora caudacuta,Sharp-tailed Grass Tyrant,Aves,Passeriformes
3176,4819,Curaeus curaeus,Austral Blackbird,Aves,Passeriformes
3177,4820,Curruca althaea,Curruca althaea,Aves,Passeriformes
3178,4821,Curruca balearica,Balearic Warbler,Aves,Passeriformes
3179,4822,Curruca boehmi,Banded Parisoma,Aves,Passeriformes
3180,4823,Curruca buryi,Yemen Warbler,Aves,Passeriformes
3181,4824,Curruca cantillans,Eastern Subalpine Warbler,Aves,Passeriformes
3182,4825,Curruca communis,Common Whitethroat,Aves,Passeriformes
3183,4827,Curruca conspicillata,Spectacled Warbler,Aves,Passeriformes
3184,4829,Curruca crassirostris,Eastern Orphean Warbler,Aves,Passeriformes
3185,4830,Curruca curruca,Lesser Whitethroat,Aves,Passeriformes
3186,4832,Curruca deserti,African Desert Warbler,Aves,Passeriformes
3187,4833,Curruca deserticola,Tristram's Warbler,Aves,Passeriformes
3188,4834,Curruca hortensis,Western Orphean Warbler,Aves,Passeriformes
3189,4836,Curruca iberiae,Western Subalpine Warbler,Aves,Passeriformes
3190,4837,Curruca layardi,Layard's Warbler,Aves,Passeriformes
3191,4838,Curruca leucomelaena,Arabian Warbler,Aves,Passeriformes
3192,4839,Curruca lugens,Brown Parisoma,Aves,Passeriformes
3193,4840,Curruca melanocephala,Sardinian Warbler,Aves,Passeriformes
3194,4841,Curruca melanothorax,Cyprus Warbler,Aves,Passeriformes
3195,4842,Curruca minula,Curruca minula,Aves,Passeriformes
3196,4843,Curruca mystacea,Menetries's Warbler,Aves,Passeriformes
3197,4845,Curruca nana,Asian Desert Warbler,Aves,Passeriformes
3198,4847,Curruca nisoria,Barred Warbler,Aves,Passeriformes
3199,4849,Curruca ruppeli,Rüppell's Warbler,Aves,Passeriformes
3200,4851,Curruca sarda,Marmora's Warbler,Aves,Passeriformes
3201,4852,Curruca subalpina,Moltoni's Warbler,Aves,Passeriformes
3202,4853,Curruca subcoerulea,Chestnut-vented Warbler,Aves,Passeriformes
3203,4854,Curruca undata,Dartford Warbler,Aves,Passeriformes
3204,4856,Cursorius coromandelicus,Indian Courser,Aves,Charadriiformes
3205,4857,Cursorius cursor,Cream-colored Courser,Aves,Charadriiformes
3206,4858,Cursorius rufus,Burchell's Courser,Aves,Charadriiformes
3207,4859,Cursorius somalensis,Somali Courser,Aves,Charadriiformes
3208,4860,Cursorius temminckii,Temminck's Courser,Aves,Charadriiformes
3209,4861,Cutia legalleni,Vietnamese Cutia,Aves,Passeriformes
3210,4862,Cutia nipalensis,Himalayan Cutia,Aves,Passeriformes
3211,4863,Cyanerpes caeruleus,Purple Honeycreeper,Aves,Passeriformes
3212,4864,Cyanerpes cyaneus,Red-legged Honeycreeper,Aves,Passeriformes
3213,4865,Cyanerpes lucidus,Shining Honeycreeper,Aves,Passeriformes
3214,4866,Cyanerpes nitidus,Short-billed Honeycreeper,Aves,Passeriformes
3215,4867,Cyanicterus cyanicterus,Blue-backed Tanager,Aves,Passeriformes
3216,4868,Cyanistes caeruleus,Eurasian Blue Tit,Aves,Passeriformes
3217,4869,Cyanistes cyanus,Azure Tit,Aves,Passeriformes
3218,4870,Cyanistes teneriffae,African Blue Tit,Aves,Passeriformes
3219,4871,Cyanochen cyanoptera,Blue-winged Goose,Aves,Anseriformes
3220,4872,Cyanocitta cristata,Blue Jay,Aves,Passeriformes
3221,4873,Cyanocitta stelleri,Steller's Jay,Aves,Passeriformes
3222,4874,Cyanoloxia cyanoides,Blue-black Grosbeak,Aves,Passeriformes
3223,4875,Cyanocompsa parellina,Blue Bunting,Aves,Passeriformes
3224,4876,Cyanocorax affinis,Black-chested Jay,Aves,Passeriformes
3225,4877,Cyanocorax beecheii,Purplish-backed Jay,Aves,Passeriformes
3226,4878,Cyanocorax caeruleus,Azure Jay,Aves,Passeriformes
3227,4879,Cyanocorax cayanus,Cayenne Jay,Aves,Passeriformes
3228,4880,Cyanocorax chrysops,Plush-crested Jay,Aves,Passeriformes
3229,4881,Cyanocorax cristatellus,Curl-crested Jay,Aves,Passeriformes
3230,4882,Cyanocorax cyanomelas,Purplish Jay,Aves,Passeriformes
3231,4883,Cyanocorax cyanopogon,White-naped Jay,Aves,Passeriformes
3232,4884,Cyanocorax dickeyi,Tufted Jay,Aves,Passeriformes
3233,4885,Cyanocorax heilprini,Azure-naped Jay,Aves,Passeriformes
3234,4886,Cyanocorax luxuosus,Green Jay,Aves,Passeriformes
3235,4887,Cyanocorax melanocyaneus,Bushy-crested Jay,Aves,Passeriformes
3236,4888,Cyanocorax morio,Brown Jay,Aves,Passeriformes
3237,4890,Cyanocorax mystacalis,White-tailed Jay,Aves,Passeriformes
3238,4891,Cyanocorax sanblasianus,San Blas Jay,Aves,Passeriformes
3239,4892,Cyanocorax violaceus,Violaceous Jay,Aves,Passeriformes
3240,4893,Cyanocorax yncas,Inca Jay,Aves,Passeriformes
3241,4894,Cyanocorax yucatanicus,Yucatan Jay,Aves,Passeriformes
3242,4895,Cyanoderma ambiguum,Cyanoderma ambiguum,Aves,Passeriformes
3243,4896,Cyanoderma bicolor,Grey-hooded Babbler,Aves,Passeriformes
3244,4897,Cyanoderma erythropterum,Chestnut-winged Babbler,Aves,Passeriformes
3245,4898,Cyanoderma chrysaeum,Golden Babbler,Aves,Passeriformes
3246,4899,Cyanoderma melanothorax,Crescent-chested Babbler,Aves,Passeriformes
3247,4900,Cyanoderma pyrrhops,Black-chinned Babbler,Aves,Passeriformes
3248,4901,Cyanoderma ruficeps,Rufous-capped Babbler,Aves,Passeriformes
3249,4902,Cyanoderma rufifrons,Rufous-fronted Babbler,Aves,Passeriformes
3250,4904,Cyanolanius madagascarinus,Madagascar Blue Vanga,Aves,Passeriformes
3251,4905,Cyanoliseus patagonus,Burrowing Parrot,Aves,Psittaciformes
3252,4906,Cyanoloxia brissonii,Ultramarine Grosbeak,Aves,Passeriformes
3253,4907,Cyanoloxia glaucocaerulea,Glaucous-blue Grosbeak,Aves,Passeriformes
3254,4908,Cyanoloxia rothschildii,Amazonian Grosbeak,Aves,Passeriformes
3255,4909,Cyanolyca argentigula,Silvery-throated Jay,Aves,Passeriformes
3256,4910,Cyanolyca armillata,Black-collared Jay,Aves,Passeriformes
3257,4911,Cyanolyca cucullata,Azure-hooded Jay,Aves,Passeriformes
3258,4912,Cyanolyca mirabilis,White-throated Jay,Aves,Passeriformes
3259,4913,Cyanolyca nanus,Dwarf Jay,Aves,Passeriformes
3260,4914,Cyanolyca pulchra,Beautiful Jay,Aves,Passeriformes
3261,4915,Cyanolyca pumilo,Black-throated Jay,Aves,Passeriformes
3262,4916,Cyanolyca turcosa,Turquoise Jay,Aves,Passeriformes
3263,4917,Cyanolyca viridicyanus,White-collared Jay,Aves,Passeriformes
3264,4918,Cyanomitra alinae,Blue-headed Sunbird,Aves,Passeriformes
3265,4920,Cyanomitra cyanolaema,Blue-throated Brown Sunbird,Aves,Passeriformes
3266,4921,Cyanomitra olivacea,Olive Sunbird,Aves,Passeriformes
3267,4922,Cyanomitra oritis,Cameroon Sunbird,Aves,Passeriformes
3268,4923,Cyanomitra veroxii,Grey Sunbird,Aves,Passeriformes
3269,4924,Cyanomitra verticalis,Green-headed Sunbird,Aves,Passeriformes
3270,4925,Cyanopica cooki,Iberian Magpie,Aves,Passeriformes
3271,4926,Cyanopica cyanus,Azure-winged Magpie,Aves,Passeriformes
3272,4928,Cyanoptila cumatilis,Zappey's Flycatcher,Aves,Passeriformes
3273,4929,Cyanoptila cyanomelana,Blue-and-white Flycatcher,Aves,Passeriformes
3274,4930,Cyanoramphus auriceps,Yellow-crowned Parakeet,Aves,Psittaciformes
3275,4931,Cyanoramphus cookii,Norfolk Parakeet,Aves,Psittaciformes
3276,4932,Cyanoramphus forbesi,Chatham Islands Parakeet,Aves,Psittaciformes
3277,4933,Cyanoramphus malherbi,Malherbe's Parakeet,Aves,Psittaciformes
3278,4934,Cyanoramphus novaezelandiae,Red-crowned Parakeet,Aves,Psittaciformes
3279,4935,Cyanoramphus saisseti,New Caledonian Parakeet,Aves,Psittaciformes
3280,4937,Cyclarhis gujanensis,Rufous-browed Peppershrike,Aves,Passeriformes
3281,4938,Cyclarhis nigrirostris,Black-billed Peppershrike,Aves,Passeriformes
3282,4939,Cyclochila australasiae,Cyclochila australasiae,Insecta,Hemiptera
3283,4942,Cyclopsitta diophthalma,Double-eyed Fig Parrot,Aves,Psittaciformes
3284,4943,Cyclopsitta gulielmitertii,Blue-fronted Fig Parrot,Aves,Psittaciformes
3285,4948,Cycloptilum bidens,two-toothed scaly cricke,Insecta,Orthoptera
3286,4949,Cycloptilum comprehendens,Cycloptilum comprehendens,Insecta,Orthoptera
3287,4951,Cycloptilum exsanguis,pale scaly cricket,Insecta,Orthoptera
3288,4952,Cycloptilum irregularis,Keys scaly cricket,Insecta,Orthoptera
3289,4953,Cycloptilum kelainopum,black-faced scaly cricket,Insecta,Orthoptera
3290,4954,Cycloptilum pigrum,reluctant scaly cricket,Insecta,Orthoptera
3291,4956,Cycloptilum slossoni,Slossom's scaly cricket,Insecta,Orthoptera
3292,4959,Cycloptilum squamosum,Scudder's Scaly Bush Cricket,Insecta,Orthoptera
3293,4960,Cycloptilum tardum,slow scaly cricket,Insecta,Orthoptera
3294,4961,Cycloptilum trigonipalpum,forest scaly cricket,Insecta,Orthoptera
3295,4962,Cycloptilum velox,swift scaly cricket,Insecta,Orthoptera
3296,4963,Cycloptilum zebra,zebra scaly cricket,Insecta,Orthoptera
3297,4964,Cycloptilum,Cycloptilum,Insecta,Orthoptera
3298,4974,Cygnus atratus,Black Swan,Aves,Anseriformes
3299,4975,Cygnus buccinator,Trumpeter Swan,Aves,Anseriformes
3300,4976,Cygnus columbianus,Tundra Swan,Aves,Anseriformes
3301,4977,Cygnus cygnus,Whooper Swan,Aves,Anseriformes
3302,4978,Cygnus melancoryphus,Black-necked Swan,Aves,Anseriformes
3303,4979,Cygnus olor,Mute Swan,Aves,Anseriformes
3304,4980,Cymbilaimus lineatus,Fasciated Antshrike,Aves,Passeriformes
3305,4981,Cymbilaimus sanctaemariae,Bamboo Antshrike,Aves,Passeriformes
3306,4982,Cymbirhynchus macrorhynchos,Black-and-red Broadbill,Aves,Passeriformes
3307,4983,Cynanthus auriceps,Golden-crowned Emerald,Aves,Apodiformes
3308,4984,Cynanthus canivetii,Canivet's Emerald,Aves,Apodiformes
3309,4985,Cynanthus doubledayi,Turquoise-crowned Hummingbird,Aves,Apodiformes
3310,4986,Cynanthus forficatus,Cozumel Emerald,Aves,Apodiformes
3311,4987,Cynanthus latirostris,Broad-billed Hummingbird,Aves,Apodiformes
3312,4990,Cynomys gunnisoni,Gunnison's prairie dog,Mammalia,Rodentia
3313,4993,Cynomys ludovicianus,Arizona black-tailed prairie dog,Mammalia,Rodentia
3314,5000,Cynoscion nebulosus,Seatrout,Actinopterygii,Perciformes
3315,5001,Cynoscion regalis,Bastard trout,Actinopterygii,Perciformes
3316,5003,Cyornis brunneatus,Brown-chested Jungle Flycatcher,Aves,Passeriformes
3317,5004,Cyornis caerulatus,Sunda Blue Flycatcher,Aves,Passeriformes
3318,5006,Cyornis pelingensis,Banggai Jungle Flycatcher,Aves,Passeriformes
3319,5007,Leucoptilon concretum,White-tailed Flycatcher,Aves,Passeriformes
3320,5010,Cyornis glaucicomans,Chinese Blue Flycatcher,Aves,Passeriformes
3321,5011,Cyornis hainanus,Hainan Blue Flycatcher,Aves,Passeriformes
3322,5013,Eumyias hoevelli,Blue-fronted Blue Flycatcher,Aves,Passeriformes
3323,5015,Eumyias hyacinthinus,Timor Blue Flycatcher,Aves,Passeriformes
3324,5018,Cyornis lemprieri,Palawan Blue Flycatcher,Aves,Passeriformes
3325,5019,Cyornis magnirostris,Large Blue Flycatcher,Aves,Passeriformes
3326,5023,Cyornis olivaceus,Fulvous-chested Jungle Flycatcher,Aves,Passeriformes
3327,5024,Cyornis omissus,Sulawesi Blue Flycatcher,Aves,Passeriformes
3328,5027,Eumyias oscillans,Flores Jungle Flycatcher,Aves,Passeriformes
3329,5028,Cyornis pallidipes,White-bellied Blue Flycatcher,Aves,Passeriformes
3330,5029,Cyornis poliogenys,Pale-chinned Flycatcher,Aves,Passeriformes
3331,5030,Cyornis rubeculoides,Blue-throated Blue Flycatcher,Aves,Passeriformes
3332,5033,Cyornis rufigastra,Mangrove Blue Flycatcher,Aves,Passeriformes
3333,5034,Eumyias sanfordi,Matinan Blue Flycatcher,Aves,Passeriformes
3334,5036,Cyornis sumatrensis,Indochinese Blue Flycatcher,Aves,Passeriformes
3335,5037,Cyornis tickelliae,Tickell's Blue Flycatcher,Aves,Passeriformes
3336,5038,Cyornis superbus,Bornean Blue Flycatcher,Aves,Passeriformes
3337,5039,Cyornis turcosus,Malaysian Blue Flycatcher,Aves,Passeriformes
3338,5040,Cyornis umbratilis,Grey-chested Jungle Flycatcher,Aves,Passeriformes
3339,5041,Cyornis unicolor,Pale Blue Flycatcher,Aves,Passeriformes
3340,5042,Cyornis whitei,Hill Blue Flycatcher,Aves,Passeriformes
3341,5045,Cyphoderris monstrosa,Cyphoderris monstrosa,Insecta,Orthoptera
3342,5046,Cyphorhinus arada,Musician Wren,Aves,Passeriformes
3343,5047,Cyphorhinus dichrous,Northern Chestnut-breasted Wren,Aves,Passeriformes
3344,5048,Cyphorhinus phaeocephalus,Song Wren,Aves,Passeriformes
3345,5049,Cyphorhinus thoracicus,Southern Chestnut-breasted Wren,Aves,Passeriformes
3346,5054,Cypseloides cherriei,Spot-fronted Swift,Aves,Apodiformes
3347,5055,Cypseloides cryptus,White-chinned Swift,Aves,Apodiformes
3348,5056,Cypseloides fumigatus,Sooty Swift,Aves,Apodiformes
3349,5058,Cypseloides niger,American Black Swift,Aves,Apodiformes
3350,5060,Cypseloides senex,Great Dusky Swift,Aves,Apodiformes
3351,5062,Cypsiurus balasiensis,Asian Palm Swift,Aves,Apodiformes
3352,5063,Cypsiurus gracilis,Malagasy Palm Swift,Aves,Apodiformes
3353,5064,Cypsiurus parvus,African Palm Swift,Aves,Apodiformes
3354,5065,Cypsnagra hirundinacea,White-rumped Tanager,Aves,Passeriformes
3355,5068,Cyrtonyx montezumae,Montezuma Quail,Aves,Galliformes
3356,5069,Cyrtonyx ocellatus,Ocellated Quail,Aves,Galliformes
3357,5072,Cyrtoxipha columbiana,Columbian trig,Insecta,Orthoptera
3358,5073,Cyrtoxipha confusa,complex-trilling trig,Insecta,Orthoptera
3359,5074,Cyrtoxipha gundlachi,Gundlach's trig,Insecta,Orthoptera
3360,5075,Cyrtoxipha nola,mangrove trig,Insecta,Orthoptera
3361,5076,Cyrtoxipha,Cyrtoxipha,Insecta,Orthoptera
3362,5077,Cystopsaltria immaculata,Cystopsaltria immaculata,Insecta,Hemiptera
3363,5078,Cystosoma saundersii,Cystosoma saundersii,Insecta,Hemiptera
3364,5079,Cystosoma schmeltzi,Cystosoma schmeltzi,Insecta,Hemiptera
3365,5081,Dacelo gaudichaud,Rufous-bellied Kookaburra,Aves,Coraciiformes
3366,5082,Dacelo leachii,Blue-winged Kookaburra,Aves,Coraciiformes
3367,5083,Dacelo novaeguineae,Laughing Kookaburra,Aves,Coraciiformes
3368,5084,Dacelo tyro,Spangled Kookaburra,Aves,Coraciiformes
3369,5085,Dacnis albiventris,White-bellied Dacnis,Aves,Passeriformes
3370,5086,Dacnis berlepschi,Scarlet-breasted Dacnis,Aves,Passeriformes
3371,5087,Dacnis cayana,Blue Dacnis,Aves,Passeriformes
3372,5088,Dacnis egregia,Yellow-tufted Dacnis,Aves,Passeriformes
3373,5089,Dacnis flaviventer,Yellow-bellied Dacnis,Aves,Passeriformes
3374,5090,Dacnis hartlaubi,Turquoise Dacnis,Aves,Passeriformes
3375,5091,Dacnis lineata,Black-faced Dacnis,Aves,Passeriformes
3376,5092,Dacnis nigripes,Black-legged Dacnis,Aves,Passeriformes
3377,5093,Dacnis venusta,Scarlet-thighed Dacnis,Aves,Passeriformes
3378,5098,Dactylomys boliviensis,Bolivian Bamboo Rat,Mammalia,Rodentia
3379,5099,Dactylomys dactylinus,Amazon Bamboo Rat,Mammalia,Rodentia
3380,5102,Dactylortyx thoracicus,Singing Quail,Aves,Galliformes
3381,5104,Dama dama,European fallow deer,Mammalia,Artiodactyla
3382,5108,Daphoenositta chrysoptera,Varied Sittella,Aves,Passeriformes
3383,5109,Daphoenositta miranda,Black Sittella,Aves,Passeriformes
3384,5111,Daption capense,Pintado Petrel,Aves,Procellariiformes
3385,5113,Daptrius ater,Black Caracara,Aves,Falconiformes
3386,5114,Daptrius australis,Striated Caracara,Aves,Falconiformes
3387,5115,Daptrius carunculatus,Carunculated Caracara,Aves,Falconiformes
3388,5116,Daptrius chimachima,Yellow-headed Caracara,Aves,Falconiformes
3389,5117,Daptrius chimango,Chimango Caracara,Aves,Falconiformes
3390,5118,Daptrius megalopterus,Mountain Caracara,Aves,Falconiformes
3391,5120,Dasycrotapha plateni,Mindanao Pygmy Babbler,Aves,Passeriformes
3392,5122,Dasycrotapha speciosa,Flame-templed Babbler,Aves,Passeriformes
3393,5126,Dasylophus cumingi,Scale-feathered Malkoha,Aves,Cuculiformes
3394,5127,Dasylophus superciliosus,Rough-crested Malkoha,Aves,Cuculiformes
3395,5130,Dasyornis brachypterus,Eastern Bristlebird,Aves,Passeriformes
3396,5131,Dasyornis broadbenti,Rufous Bristlebird,Aves,Passeriformes
3397,5132,Dasyornis longirostris,Western Bristlebird,Aves,Passeriformes
3398,5135,Dasyprocta punctata,Guaqueque centroamericano,Mammalia,Rodentia
3399,5146,Deconychura longicauda,Northern Long-tailed Woodcreeper,Aves,Passeriformes
3400,5147,Deconychura pallida,Southern Long-tailed Woodcreeper,Aves,Passeriformes
3401,5148,Deconychura typica,Little Long-tailed Woodcreeper,Aves,Passeriformes
3402,5150,Decticus albifrons,Decticus albifrons,Insecta,Orthoptera
3403,5152,Decticus verrucivorus,Decticus verrucivorus,Insecta,Orthoptera
3404,5154,Deleornis axillaris,Grey-headed Sunbird,Aves,Passeriformes
3405,5155,Deleornis fraseri,Fraser's Sunbird,Aves,Passeriformes
3406,5157,Delichon dasypus,Asian House Martin,Aves,Passeriformes
3407,5158,Delichon lagopodum,Siberian House Martin,Aves,Passeriformes
3408,5159,Delichon urbicum,Western House Martin,Aves,Passeriformes
3409,5160,Delichon nipalense,Nepal House Martin,Aves,Passeriformes
3410,5161,Delphinapterus leucas,beluga,Mammalia,Cetacea
3411,5162,Delphinidae,Dolphins,Mammalia,Cetacea
3412,5164,Delphinus delphis,common dolphin,Mammalia,Cetacea
3413,5166,Ramphotrigon flammulatum,Flammulated Flycatcher,Aves,Passeriformes
3414,5167,Dendragapus fuliginosus,Sooty Grouse,Aves,Galliformes
3415,5168,Dendragapus obscurus,Dusky Grouse,Aves,Galliformes
3416,5170,Dendrexetastes rufigula,Cinnamon-throated Woodcreeper,Aves,Passeriformes
3417,5177,Dendrocincla anabatina,Tawny-winged Woodcreeper,Aves,Passeriformes
3418,5178,Dendrocincla fuliginosa,Plain-brown Woodcreeper,Aves,Passeriformes
3419,5179,Dendrocincla turdina,Plain-winged Woodcreeper,Aves,Passeriformes
3420,5180,Dendrocincla homochroa,Ruddy Woodcreeper,Aves,Passeriformes
3421,5181,Dendrocincla merula,White-chinned Woodcreeper,Aves,Passeriformes
3422,5182,Dendrocincla tyrannina,Tyrannine Woodcreeper,Aves,Passeriformes
3423,5183,Dendrocitta bayleii,Andaman Treepie,Aves,Passeriformes
3424,5184,Dendrocitta cinerascens,Bornean Treepie,Aves,Passeriformes
3425,5185,Dendrocitta formosae,Grey Treepie,Aves,Passeriformes
3426,5186,Dendrocitta frontalis,Collared Treepie,Aves,Passeriformes
3427,5187,Dendrocitta leucogastra,White-bellied Treepie,Aves,Passeriformes
3428,5188,Dendrocitta occipitalis,Sumatran Treepie,Aves,Passeriformes
3429,5189,Dendrocitta vagabunda,Rufous Treepie,Aves,Passeriformes
3430,5190,Dendrocolaptes certhia,Amazonian Barred Woodcreeper,Aves,Passeriformes
3431,5191,Dendrocolaptes hoffmannsi,Hoffmanns's Woodcreeper,Aves,Passeriformes
3432,5192,Dendrocolaptes picumnus,Black-banded Woodcreeper,Aves,Passeriformes
3433,5193,Dendrocolaptes platyrostris,Planalto Woodcreeper,Aves,Passeriformes
3434,5194,Dendrocolaptes sanctithomae,Northern Barred Woodcreeper,Aves,Passeriformes
3435,5195,Dendrocopos analis,Freckle-breasted Woodpecker,Aves,Piciformes
3436,5196,Dendrocopos assimilis,Sind Woodpecker,Aves,Piciformes
3437,5197,Dendrocopos atratus,Stripe-breasted Woodpecker,Aves,Piciformes
3438,5199,Dryobates cathpharius,Crimson-naped Woodpecker,Aves,Piciformes
3439,5200,Dryobates pernyii,Necklaced Woodpecker,Aves,Piciformes
3440,5201,Dendrocopos darjellensis,Darjeeling Woodpecker,Aves,Piciformes
3441,5202,Dendrocopos himalayensis,Himalayan Woodpecker,Aves,Piciformes
3442,5203,Dendrocopos hyperythrus,Rufous-bellied Woodpecker,Aves,Piciformes
3443,5204,Dendrocopos leucopterus,White-winged Woodpecker,Aves,Piciformes
3444,5205,Dendrocopos leucotos,White-backed Woodpecker,Aves,Piciformes
3445,5206,Dendrocopos macei,Fulvous-breasted Woodpecker,Aves,Piciformes
3446,5207,Dendrocopos major,Great Spotted Woodpecker,Aves,Piciformes
3447,5208,Dendrocoptes medius,Middle Spotted Woodpecker,Aves,Piciformes
3448,5210,Dryobates minor,Lesser Spotted Woodpecker,Aves,Piciformes
3449,5212,Dendrocopos noguchii,Okinawa Woodpecker,Aves,Piciformes
3450,5213,Dendrocopos syriacus,Syrian Woodpecker,Aves,Piciformes
3451,5214,Dendrocoptes auriceps,Brown-fronted Woodpecker,Aves,Piciformes
3452,5215,Dendrocoptes dorae,Arabian Woodpecker,Aves,Piciformes
3453,5216,Dendrocygna arborea,West Indian Whistling Duck,Aves,Anseriformes
3454,5217,Dendrocygna arcuata,Wandering Whistling Duck,Aves,Anseriformes
3455,5218,Dendrocygna autumnalis,Black-bellied Whistling Duck,Aves,Anseriformes
3456,5219,Dendrocygna bicolor,Fulvous Whistling Duck,Aves,Anseriformes
3457,5220,Dendrocygna eytoni,Plumed Whistling Duck,Aves,Anseriformes
3458,5221,Dendrocygna guttata,Spotted Whistling Duck,Aves,Anseriformes
3459,5222,Dendrocygna javanica,Lesser Whistling Duck,Aves,Anseriformes
3460,5223,Dendrocygna viduata,White-faced Whistling Duck,Aves,Anseriformes
3461,5224,Dendrohyrax arboreus,Southern Tree Hyrax,Mammalia,Hyracoidea
3462,5226,Dendrohyrax dorsalis,Western Tree Hyrax,Mammalia,Hyracoidea
3463,5228,Dendroma erythroptera,Chestnut-winged Foliage-gleaner,Aves,Passeriformes
3464,5229,Dendroma rufa,Buff-fronted Foliage-gleaner,Aves,Passeriformes
3465,5231,Dendronanthus indicus,Forest Wagtail,Aves,Passeriformes
3466,5236,Dendropicos fuscescens,Cardinal Woodpecker,Aves,Piciformes
3467,5237,Dendropicos gabonensis,Gabon Woodpecker,Aves,Piciformes
3468,5238,Dendropicos goertae,African Grey Woodpecker,Aves,Piciformes
3469,5239,Dendropicos griseocephalus,Olive Woodpecker,Aves,Piciformes
3470,5240,Dendropicos lugubris,Melancholy Woodpecker,Aves,Piciformes
3471,5241,Dendropicos obsoletus,Brown-backed Woodpecker,Aves,Piciformes
3472,5243,Dendropicos spodocephalus,Eastern Grey Woodpecker,Aves,Piciformes
3473,5245,Dendroplex kienerii,Zimmer's Woodcreeper,Aves,Passeriformes
3474,5246,Dendroplex picus,Straight-billed Woodcreeper,Aves,Passeriformes
3475,5251,Dendropsophus bifurcus,Dendropsophus bifurcus,Amphibia,Anura
3476,5253,Dendropsophus bogerti,Dendropsophus bogerti,Amphibia,Anura
3477,5254,Dendropsophus bokermanni,Dendropsophus bokermanni,Amphibia,Anura
3478,5255,Dendropsophus branneri,Dendropsophus branneri,Amphibia,Anura
3479,5257,Dendropsophus carnifex,Dendropsophus carnifex,Amphibia,Anura
3480,5258,Dendropsophus columbianus,Dendropsophus columbianus,Amphibia,Anura
3481,5262,Dendropsophus ebraccatus,Dendropsophus ebraccatus,Amphibia,Anura
3482,5270,Dendropsophus labialis,Dendropsophus labialis,Amphibia,Anura
3483,5272,Dendropsophus leali,Dendropsophus leali,Amphibia,Anura
3484,5273,Dendropsophus leucophyllatus,Dendropsophus leucophyllatus,Amphibia,Anura
3485,5274,Dendropsophus marmoratus,Dendropsophus marmoratus,Amphibia,Anura
3486,5276,Dendropsophus melanargyreus,Dendropsophus melanargyreus,Amphibia,Anura
3487,5277,Dendropsophus microcephalus,Dendropsophus microcephalus,Amphibia,Anura
3488,5278,Dendropsophus microps,Dendropsophus microps,Amphibia,Anura
3489,5279,Dendropsophus minusculus,Dendropsophus minusculus,Amphibia,Anura
3490,5280,Dendropsophus minutus,Dendropsophus minutus,Amphibia,Anura
3491,5282,Dendropsophus nanus,Dendropsophus nanus,Amphibia,Anura
3492,5284,Dendropsophus parviceps,Dendropsophus parviceps,Amphibia,Anura
3493,5285,Dendropsophus phlebodes,Dendropsophus phlebodes,Amphibia,Anura
3494,5287,Dendropsophus rhodopeplus,Dendropsophus rhodopeplus,Amphibia,Anura
3495,5289,Dendropsophus robertmertensi,Dendropsophus robertmertensi,Amphibia,Anura
3496,5292,Dendropsophus sanborni,Dendropsophus sanborni,Amphibia,Anura
3497,5293,Dendropsophus sarayacuensis,Dendropsophus sarayacuensis,Amphibia,Anura
3498,5300,Dendropsophus walfordi,Dendropsophus walfordi,Amphibia,Anura
3499,5301,Dendropsophus werneri,Dendropsophus werneri,Amphibia,Anura
3500,5302,Dendropsophus,Dendropsophus,Amphibia,Anura
3501,5303,Dendrortyx barbatus,Bearded Wood Partridge,Aves,Galliformes
3502,5304,Dendrortyx leucophrys,Buffy-crowned Wood Partridge,Aves,Galliformes
3503,5305,Dendrortyx macroura,Long-tailed Wood Partridge,Aves,Galliformes
3504,5306,Deracantha onos,Deracantha onos,Insecta,Orthoptera
3505,5309,Deroptyus accipitrinus,Red-fan Parrot,Aves,Psittaciformes
3506,5311,Desmodus rotundus,vampire bat,Mammalia,Chiroptera
3507,5313,Devioeca papuana,Canary Flyrobin,Aves,Passeriformes
3508,5317,Dianemobius fascipes,Dianemobius fascipes,Insecta,Orthoptera
3509,5321,Diasporus diastema,Diasporus diastema,Amphibia,Anura
3510,5325,Diasporus tinker,Diasporus tinker,Amphibia,Anura
3511,5326,Diasporus vocator,Diasporus vocator,Amphibia,Anura
3512,5329,Dicaeum aeneum,Midget Flowerpecker,Aves,Passeriformes
3513,5331,Dicaeum agile,Thick-billed Flowerpecker,Aves,Passeriformes
3514,5332,Dicaeum annae,Golden-rumped Flowerpecker,Aves,Passeriformes
3515,5333,Dicaeum anthonyi,Yellow-crowned Flowerpecker,Aves,Passeriformes
3516,5334,Dicaeum aureolimbatum,Yellow-sided Flowerpecker,Aves,Passeriformes
3517,5335,Dicaeum australe,Red-keeled Flowerpecker,Aves,Passeriformes
3518,5337,Dicaeum bicolor,Bicolored Flowerpecker,Aves,Passeriformes
3519,5338,Dicaeum cambodianum,Cambodian Flowerpecker,Aves,Passeriformes
3520,5339,Dicaeum ignipectus,Fire-breasted Flowerpecker,Aves,Passeriformes
3521,5340,Dicaeum celebicum,Grey-sided Flowerpecker,Aves,Passeriformes
3522,5341,Dicaeum chrysorrheum,Yellow-vented Flowerpecker,Aves,Passeriformes
3523,5342,Dicaeum concolor,Nilgiri Flowerpecker,Aves,Passeriformes
3524,5343,Dicaeum cruentatum,Scarlet-backed Flowerpecker,Aves,Passeriformes
3525,5345,Dicaeum erythrorhynchos,Pale-billed Flowerpecker,Aves,Passeriformes
3526,5349,Dicaeum geelvinkianum,Red-capped Flowerpecker,Aves,Passeriformes
3527,5350,Dicaeum haematostictum,Black-belted Flowerpecker,Aves,Passeriformes
3528,5352,Dicaeum sanguinolentum,Javan Flowerpecker,Aves,Passeriformes
3529,5354,Dicaeum hirundinaceum,Mistletoebird,Aves,Passeriformes
3530,5356,Dicaeum hypoleucum,Buzzing Flowerpecker,Aves,Passeriformes
3531,5357,Dicaeum igniferum,Black-fronted Flowerpecker,Aves,Passeriformes
3532,5360,Dicaeum maugei,Red-chested Flowerpecker,Aves,Passeriformes
3533,5361,Dicaeum melanozanthum,Yellow-bellied Flowerpecker,Aves,Passeriformes
3534,5362,Dicaeum minullum,Plain Flowerpecker,Aves,Passeriformes
3535,5363,Dicaeum monticolum,Black-sided Flowerpecker,Aves,Passeriformes
3536,5364,Dicaeum nehrkorni,Crimson-crowned Flowerpecker,Aves,Passeriformes
3537,5367,Dicaeum pectorale,Olive-crowned Flowerpecker,Aves,Passeriformes
3538,5368,Dicaeum proprium,Whiskered Flowerpecker,Aves,Passeriformes
3539,5369,Dicaeum pygmaeum,Pygmy Flowerpecker,Aves,Passeriformes
3540,5373,Dicaeum schistaceiceps,Halmahera Flowerpecker,Aves,Passeriformes
3541,5374,Dicaeum trigonostigma,Orange-bellied Flowerpecker,Aves,Passeriformes
3542,5375,Dicaeum tristrami,Mottled Flowerpecker,Aves,Passeriformes
3543,5376,Dicaeum trochileum,Scarlet-headed Flowerpecker,Aves,Passeriformes
3544,5378,Dicaeum virescens,Andaman Flowerpecker,Aves,Passeriformes
3545,5379,Dicaeum vulneratum,Ashy Flowerpecker,Aves,Passeriformes
3546,5380,Diceroprocta apache,Diceroprocta apache,Insecta,Hemiptera
3547,5383,Diceroprocta azteca,Diceroprocta azteca,Insecta,Hemiptera
3548,5388,Diceroprocta cinctifera,Diceroprocta cinctifera,Insecta,Hemiptera
3549,5390,Diceroprocta delicata,Diceroprocta delicata,Insecta,Hemiptera
3550,5392,Diceroprocta eugraphica,Diceroprocta eugraphica,Insecta,Hemiptera
3551,5394,Megatibicen grossa,Megatibicen grossa,Insecta,Hemiptera
3552,5396,Diceroprocta marevagans,Diceroprocta marevagans,Insecta,Hemiptera
3553,5399,Diceroprocta olympusa,Diceroprocta olympusa,Insecta,Hemiptera
3554,5401,Diceroprocta swalei,Diceroprocta swalei,Insecta,Hemiptera
3555,5402,Diceroprocta texana,Diceroprocta texana,Insecta,Hemiptera
3556,5403,Diceroprocta viridifascia,Diceroprocta viridifascia,Insecta,Hemiptera
3557,5404,Diceroprocta vitripennis,Diceroprocta vitripennis,Insecta,Hemiptera
3558,5406,Dichrozona cincta,Banded Antbird,Aves,Passeriformes
3559,5411,Dicrurus adsimilis,Fork-tailed Drongo,Aves,Passeriformes
3560,5412,Dicrurus aeneus,Bronzed Drongo,Aves,Passeriformes
3561,5414,Dicrurus andamanensis,Andaman Drongo,Aves,Passeriformes
3562,5415,Dicrurus annectens,Crow-billed Drongo,Aves,Passeriformes
3563,5416,Dicrurus atactus,Dicrurus atactus,Aves,Passeriformes
3564,5417,Dicrurus atripennis,Shining Drongo,Aves,Passeriformes
3565,5418,Dicrurus balicassius,Balicassiao,Aves,Passeriformes
3566,5419,Dicrurus bracteatus,Spangled Drongo,Aves,Passeriformes
3567,5420,Dicrurus caerulescens,White-bellied Drongo,Aves,Passeriformes
3568,5421,Dicrurus densus,Wallacean Drongo,Aves,Passeriformes
3569,5422,Dicrurus divaricatus,Dicrurus divaricatus,Aves,Passeriformes
3570,5423,Dicrurus forficatus,Crested Drongo,Aves,Passeriformes
3571,5424,Dicrurus hottentottus,Hair-crested Drongo,Aves,Passeriformes
3572,5425,Dicrurus leucophaeus,Ashy Drongo,Aves,Passeriformes
3573,5426,Dicrurus lophorinus,Sri Lanka Drongo,Aves,Passeriformes
3574,5427,Dicrurus ludwigii,Square-tailed Drongo,Aves,Passeriformes
3575,5428,Dicrurus macrocercus,Black Drongo,Aves,Passeriformes
3576,5430,Dicrurus menagei,Tablas Drongo,Aves,Passeriformes
3577,5431,Dicrurus modestus,Velvet-mantled Drongo,Aves,Passeriformes
3578,5432,Dicrurus montanus,Sulawesi Drongo,Aves,Passeriformes
3579,5433,Dicrurus occidentalis,Dicrurus occidentalis,Aves,Passeriformes
3580,5434,Dicrurus palawanensis,Palawan Drongo,Aves,Passeriformes
3581,5435,Dicrurus paradiseus,Greater Racket-tailed Drongo,Aves,Passeriformes
3582,5436,Dicrurus remifer,Lesser Racket-tailed Drongo,Aves,Passeriformes
3583,5437,Dicrurus sharpei,Sharpe's Drongo,Aves,Passeriformes
3584,5438,Dicrurus striatus,Short-tailed Drongo,Aves,Passeriformes
3585,5439,Dicrurus sumatranus,Sumatran Drongo,Aves,Passeriformes
3586,5443,Didelphis virginiana,Virginia opossum,Mammalia,Didelphimorphia
3587,5445,Diemeniana euronotiana,Diemeniana euronotiana,Insecta,Hemiptera
3588,5449,Diglossa albilatera,White-sided Flowerpiercer,Aves,Passeriformes
3589,5450,Diglossa baritula,Cinnamon-bellied Flowerpiercer,Aves,Passeriformes
3590,5451,Diglossa brunneiventris,Black-throated Flowerpiercer,Aves,Passeriformes
3591,5452,Diglossa caerulescens,Bluish Flowerpiercer,Aves,Passeriformes
3592,5453,Diglossa carbonaria,Grey-bellied Flowerpiercer,Aves,Passeriformes
3593,5454,Diglossa cyanea,Masked Flowerpiercer,Aves,Passeriformes
3594,5456,Diglossa glauca,Golden-eyed Flowerpiercer,Aves,Passeriformes
3595,5457,Diglossa gloriosa,Merida Flowerpiercer,Aves,Passeriformes
3596,5458,Diglossa gloriosissima,Chestnut-bellied Flowerpiercer,Aves,Passeriformes
3597,5459,Diglossa humeralis,Black Flowerpiercer,Aves,Passeriformes
3598,5460,Diglossa indigotica,Indigo Flowerpiercer,Aves,Passeriformes
3599,5461,Diglossa lafresnayii,Glossy Flowerpiercer,Aves,Passeriformes
3600,5462,Diglossa major,Greater Flowerpiercer,Aves,Passeriformes
3601,5463,Diglossa mystacalis,Moustached Flowerpiercer,Aves,Passeriformes
3602,5464,Diglossa plumbea,Slaty Flowerpiercer,Aves,Passeriformes
3603,5465,Diglossa sittoides,Rusty Flowerpiercer,Aves,Passeriformes
3604,5469,Dimissalna dimissa,Dimissalna dimissa,Insecta,Hemiptera
3605,5471,Dinemellia dinemelli,White-headed Buffalo Weaver,Aves,Passeriformes
3606,5472,Dinopium benghalense,Black-rumped Flameback,Aves,Piciformes
3607,5473,Dinopium everetti,Spot-throated Flameback,Aves,Piciformes
3608,5474,Dinopium javanense,Common Flameback,Aves,Piciformes
3609,5475,Dinopium psarodes,Red-backed Flameback,Aves,Piciformes
3610,5476,Gecinulus rafflesii,Olive-backed Woodpecker,Aves,Piciformes
3611,5478,Dinopium shorii,Himalayan Flameback,Aves,Piciformes
3612,5479,Diomedea antipodensis,Antipodean Albatross,Aves,Procellariiformes
3613,5481,Diomedea epomophora,Southern Royal Albatross,Aves,Procellariiformes
3614,5482,Diomedea exulans,Snowy Albatross,Aves,Procellariiformes
3615,5485,Diopsittaca nobilis,Red-shouldered Macaw,Aves,Psittaciformes
3616,5487,Melaenornis chocolatinus,Abyssinian Slaty Flycatcher,Aves,Passeriformes
3617,5488,Melaenornis fischeri,White-eyed Slaty Flycatcher,Aves,Passeriformes
3618,5497,Discosura conversii,Green Thorntail,Aves,Apodiformes
3619,5498,Discosura langsdorffi,Black-bellied Thorntail,Aves,Apodiformes
3620,5500,Discosura popelairii,Wire-crested Thorntail,Aves,Apodiformes
3621,5503,Diuca diuca,Diuca Finch,Aves,Passeriformes
3622,5504,Ptiloxena atroviolacea,Cuban Blackbird,Aves,Passeriformes
3623,5505,Dives dives,Melodious Blackbird,Aves,Passeriformes
3624,5506,Dives warczewiczi,Scrub Blackbird,Aves,Passeriformes
3625,5508,Dociostaurus jagoi,Dociostaurus jagoi,Insecta,Orthoptera
3626,5510,Dociostaurus maroccanus,Dociostaurus maroccanus,Insecta,Orthoptera
3627,5512,Dolichonyx oryzivorus,Bobolink,Aves,Passeriformes
3628,5513,Doliornis remseni,Chestnut-bellied Cotinga,Aves,Passeriformes
3629,5514,Doliornis sclateri,Bay-vented Cotinga,Aves,Passeriformes
3630,5515,Donacobius atricapilla,Black-capped Donacobius,Aves,Passeriformes
3631,5516,Donacospiza albifrons,Long-tailed Reed Finch,Aves,Passeriformes
3632,5518,Doricha eliza,Mexican Sheartail,Aves,Apodiformes
3633,5519,Doricha enicura,Slender Sheartail,Aves,Apodiformes
3634,5521,Dorisiana noriegai,Dorisiana noriegai,Insecta,Hemiptera
3635,5522,Doryfera johannae,Blue-fronted Lancebill,Aves,Apodiformes
3636,5523,Doryfera ludovicae,Green-fronted Lancebill,Aves,Apodiformes
3637,5526,Dremomys pernyi,Perny's long-nosed squirrel,Mammalia,Rodentia
3638,5527,Drepanis coccinea,Iiwi,Aves,Passeriformes
3639,5528,Drepanoptila holosericea,Cloven-feathered Dove,Aves,Columbiformes
3640,5529,Drepanorhynchus reichenowi,Golden-winged Sunbird,Aves,Passeriformes
3641,5530,Drepanornis albertisi,Black-billed Sicklebill,Aves,Passeriformes
3642,5531,Drepanornis bruijnii,Pale-billed Sicklebill,Aves,Passeriformes
3643,5532,Dreptes thomensis,Giant Sunbird,Aves,Passeriformes
3644,5537,Dromaius novaehollandiae,Emu,Aves,Casuariiformes
3645,5538,Dromas ardeola,Crab-plover,Aves,Charadriiformes
3646,5539,Dromococcyx pavoninus,Pavonine Cuckoo,Aves,Cuculiformes
3647,5540,Dromococcyx phasianellus,Pheasant Cuckoo,Aves,Cuculiformes
3648,5544,Drymodes beccarii,Papuan Scrub Robin,Aves,Passeriformes
3649,5545,Drymodes brunneopygia,Southern Scrub Robin,Aves,Passeriformes
3650,5546,Drymodes superciliaris,Northern Scrub Robin,Aves,Passeriformes
3651,5547,Drymophila caudata,East Andean Antbird,Aves,Passeriformes
3652,5548,Drymophila devillei,Striated Antbird,Aves,Passeriformes
3653,5549,Drymophila ferruginea,Ferruginous Antbird,Aves,Passeriformes
3654,5550,Drymophila genei,Rufous-tailed Antbird,Aves,Passeriformes
3655,5551,Drymophila hellmayri,Santa Marta Antbird,Aves,Passeriformes
3656,5552,Drymophila klagesi,Klages's Antbird,Aves,Passeriformes
3657,5553,Drymophila malura,Dusky-tailed Antbird,Aves,Passeriformes
3658,5554,Drymophila ochropyga,Ochre-rumped Antbird,Aves,Passeriformes
3659,5555,Drymophila rubricollis,Bertoni's Antbird,Aves,Passeriformes
3660,5556,Drymophila squamata,Scaled Antbird,Aves,Passeriformes
3661,5557,Drymophila striaticeps,Streak-headed Antbird,Aves,Passeriformes
3662,5559,Drymornis bridgesii,Scimitar-billed Woodcreeper,Aves,Passeriformes
3663,5560,Drymotoxeres pucheranii,Greater Scythebill,Aves,Passeriformes
3664,5561,Dryobates affinis,Red-stained Woodpecker,Aves,Piciformes
3665,5563,Dryobates albolarvatus,White-headed Woodpecker,Aves,Piciformes
3666,5565,Dryobates arizonae,Arizona Woodpecker,Aves,Piciformes
3667,5567,Dryobates borealis,Red-cockaded Woodpecker,Aves,Piciformes
3668,5569,Dryobates callonotus,Scarlet-backed Woodpecker,Aves,Piciformes
3669,5571,Dryobates cassini,Golden-collared Woodpecker,Aves,Piciformes
3670,5575,Dryobates dignus,Yellow-vented Woodpecker,Aves,Piciformes
3671,5577,Dryobates frontalis,Dot-fronted Woodpecker,Aves,Piciformes
3672,5579,Dryobates fumigatus,Smoky-brown Woodpecker,Aves,Piciformes
3673,5581,Dryobates kirkii,Red-rumped Woodpecker,Aves,Piciformes
3674,5583,Dryobates lignarius,Striped Woodpecker,Aves,Piciformes
3675,5585,Dryobates maculifrons,Yellow-eared Woodpecker,Aves,Piciformes
3676,5587,Dryobates mixtus,Checkered Woodpecker,Aves,Piciformes
3677,5589,Dryobates nigriceps,Bar-bellied Woodpecker,Aves,Piciformes
3678,5591,Dryobates nuttallii,Nuttall's Woodpecker,Aves,Piciformes
3679,5592,Dryobates passerinus,Little Woodpecker,Aves,Piciformes
3680,5594,Dryobates pubescens,Downy Woodpecker,Aves,Piciformes
3681,5595,Dryobates sanguineus,Blood-colored Woodpecker,Aves,Piciformes
3682,5596,Dryobates scalaris,Ladder-backed Woodpecker,Aves,Piciformes
3683,5597,Dryobates spilogaster,White-spotted Woodpecker,Aves,Piciformes
3684,5599,Dryobates stricklandi,Strickland's Woodpecker,Aves,Piciformes
3685,5602,Dryobates villosus,Hairy Woodpecker,Aves,Piciformes
3686,5604,Dryocopus hodgei,Andaman Woodpecker,Aves,Piciformes
3687,5605,Dryocopus javensis,White-bellied Woodpecker,Aves,Piciformes
3688,5606,Dryocopus lineatus,Lineated Woodpecker,Aves,Piciformes
3689,5607,Dryocopus martius,Black Woodpecker,Aves,Piciformes
3690,5608,Dryocopus pileatus,Pileated Woodpecker,Aves,Piciformes
3691,5609,Dryocopus schulzii,Black-bodied Woodpecker,Aves,Piciformes
3692,5610,Dryolimnas cuvieri,White-throated Rail,Aves,Gruiformes
3693,5611,Dryophytes andersonii,Pine Barrens Treefrog,Amphibia,Anura
3694,5613,Dryophytes arenicolor,Canyon Treefrog,Amphibia,Anura
3695,5616,Dryophytes avivoca,Bird-voiced Treefrog,Amphibia,Anura
3696,5619,Dryophytes chrysoscelis x femoralis,Cope's Gray x Pine Woods Treefrog (hybrid),Amphibia,Anura
3697,5620,Dryophytes chrysoscelis,Cope's Gray Treefrog,Amphibia,Anura
3698,5623,Dryophytes cinerea x gratiosa,Green x Barking Treefrog (hybrid),Amphibia,Anura
3699,5624,Dryophytes cinereus,Green Treefrog,Amphibia,Anura
3700,5627,Dryophytes eximius,Mountain Treefrog,Amphibia,Anura
3701,5629,Dryophytes femoralis,Pine Woods Treefrog,Amphibia,Anura
3702,5630,Dryophytes gratiosus,Barking Treefrog,Amphibia,Anura
3703,5633,Hyla suweonensis,Hyla suweonensis,Amphibia,Anura
3704,5634,Dryophytes japonicus,Dryophytes japonicus,Amphibia,Anura
3705,5638,Dryophytes squirellus,Squirrel Treefrog,Amphibia,Anura
3706,5640,Dryophytes versicolor,Gray Treefrog,Amphibia,Anura
3707,5645,Dryoscopus angolensis,Pink-footed Puffback,Aves,Passeriformes
3708,5646,Dryoscopus cubla,Black-backed Puffback,Aves,Passeriformes
3709,5647,Dryoscopus gambensis,Northern Puffback,Aves,Passeriformes
3710,5648,Dryoscopus pringlii,Pringle's Puffback,Aves,Passeriformes
3711,5649,Dryoscopus sabini,Sabine's Puffback,Aves,Passeriformes
3712,5650,Dryoscopus senegalensis,Red-eyed Puffback,Aves,Passeriformes
3713,5652,Dubusia castaneoventris,Chestnut-bellied Mountain Tanager,Aves,Passeriformes
3714,5653,Dubusia taeniata,Buff-breasted Mountain Tanager,Aves,Passeriformes
3715,5655,Ducetia japonica,Ducetia japonica,Insecta,Orthoptera
3716,5657,Ducula aenea,Green Imperial Pigeon,Aves,Columbiformes
3717,5660,Ducula badia,Mountain Imperial Pigeon,Aves,Columbiformes
3718,5661,Ducula cuprea,Malabar Imperial Pigeon,Aves,Columbiformes
3719,5662,Ducula bakeri,Vanuatu Imperial Pigeon,Aves,Columbiformes
3720,5663,Ducula basilica,Cinnamon-bellied Imperial Pigeon,Aves,Columbiformes
3721,5664,Ducula bicolor,Pied Imperial Pigeon,Aves,Columbiformes
3722,5665,Ducula brenchleyi,Chestnut-bellied Imperial Pigeon,Aves,Columbiformes
3723,5667,Ducula chalconota,Rufescent Imperial Pigeon,Aves,Columbiformes
3724,5669,Ducula concinna,Elegant Imperial Pigeon,Aves,Columbiformes
3725,5670,Ducula finschii,Finsch's Imperial Pigeon,Aves,Columbiformes
3726,5671,Ducula forsteni,White-bellied Imperial Pigeon,Aves,Columbiformes
3727,5672,Ducula galeata,Nuku Hiva Imperial Pigeon,Aves,Columbiformes
3728,5673,Ducula geelvinkiana,Geelvink Imperial Pigeon,Aves,Columbiformes
3729,5674,Ducula goliath,Goliath Imperial Pigeon,Aves,Columbiformes
3730,5675,Ducula lacernulata,Dark-backed Imperial Pigeon,Aves,Columbiformes
3731,5676,Ducula latrans,Barking Imperial Pigeon,Aves,Columbiformes
3732,5679,Ducula myristicivora,Spice Imperial Pigeon,Aves,Columbiformes
3733,5680,Ducula neglecta,Seram Imperial Pigeon,Aves,Columbiformes
3734,5682,Ducula oceanica,Micronesian Imperial Pigeon,Aves,Columbiformes
3735,5683,Ducula pacifica,Pacific Imperial Pigeon,Aves,Columbiformes
3736,5684,Ducula perspicillata,Spectacled Imperial Pigeon,Aves,Columbiformes
3737,5685,Ducula pickeringii,Grey Imperial Pigeon,Aves,Columbiformes
3738,5686,Ducula pinon,Pinon's Imperial Pigeon,Aves,Columbiformes
3739,5687,Ducula pistrinaria,Island Imperial Pigeon,Aves,Columbiformes
3740,5688,Ducula poliocephala,Pink-bellied Imperial Pigeon,Aves,Columbiformes
3741,5689,Ducula rosacea,Pink-headed Imperial Pigeon,Aves,Columbiformes
3742,5690,Ducula rubricera,Red-knobbed Imperial Pigeon,Aves,Columbiformes
3743,5691,Ducula rufigaster,Purple-tailed Imperial Pigeon,Aves,Columbiformes
3744,5692,Ducula spilorrhoa,Torresian Imperial Pigeon,Aves,Columbiformes
3745,5694,Ducula whartoni,Christmas Imperial Pigeon,Aves,Columbiformes
3746,5695,Ducula zoeae,Zoe's Imperial Pigeon,Aves,Columbiformes
3747,5701,Duellmanohyla salvadorensis,Duellmanohyla salvadorensis,Amphibia,Anura
3748,5703,Dulus dominicus,Palmchat,Aves,Passeriformes
3749,5704,Dumetella carolinensis,Grey Catbird,Aves,Passeriformes
3750,5705,Dumetia atriceps,Dark-fronted Babbler,Aves,Passeriformes
3751,5706,Dumetia hyperythra,Tawny-bellied Babbler,Aves,Passeriformes
3752,5707,Dundubia annandalei,Dundubia annandalei,Insecta,Hemiptera
3753,5708,Dundubia nagarasingna,Dundubia nagarasingna,Insecta,Hemiptera
3754,5712,Dundubia vaginata,Dundubia vaginata,Insecta,Hemiptera
3755,5719,Botaurus flavicollis,Black Bittern,Aves,Pelecaniformes
3756,5721,Duttaphrynus melanostictus,Duttaphrynus melanostictus,Amphibia,Anura
3757,5725,Dyaphorophyia castanea,Chestnut Wattle-eye,Aves,Passeriformes
3758,5726,Dyaphorophyia hormophora,West African Wattle-eye,Aves,Passeriformes
3759,5728,Dyaphorophyia tonsa,White-spotted Wattle-eye,Aves,Passeriformes
3760,5731,Dysithamnus leucostictus,White-streaked Antvireo,Aves,Passeriformes
3761,5732,Dysithamnus mentalis,Plain Antvireo,Aves,Passeriformes
3762,5733,Dysithamnus occidentalis,Bicolored Antvireo,Aves,Passeriformes
3763,5734,Dysithamnus plumbeus,Plumbeous Antvireo,Aves,Passeriformes
3764,5735,Dysithamnus puncticeps,Spot-crowned Antvireo,Aves,Passeriformes
3765,5736,Dysithamnus stictothorax,Spot-breasted Antvireo,Aves,Passeriformes
3766,5737,Dysithamnus striaticeps,Streak-crowned Antvireo,Aves,Passeriformes
3767,5738,Dysithamnus xanthopterus,Rufous-backed Antvireo,Aves,Passeriformes
3768,5739,Dyticopycna semiclara,Dyticopycna semiclara,Insecta,Hemiptera
3769,5745,Eclectus polychloros,Papuan Eclectus,Aves,Psittaciformes
3770,5746,Eclectus roratus,Moluccan Eclectus,Aves,Psittaciformes
3771,5755,Edolisoma anale,New Caledonian Cuckooshrike,Aves,Passeriformes
3772,5757,Edolisoma erythropygium,Central Melanesian Cicadabird,Aves,Passeriformes
3773,5758,Edolisoma mindanense,Black-bibbed Cicadabird,Aves,Passeriformes
3774,5760,Edolisoma tenuirostre,Sahul Cicadabird,Aves,Passeriformes
3775,5765,Egretta caerulea,Little Blue Heron,Aves,Pelecaniformes
3776,5766,Egretta dimorpha,Dimorphic Egret,Aves,Pelecaniformes
3777,5768,Egretta garzetta,Little Egret,Aves,Pelecaniformes
3778,5769,Egretta gularis,Western Reef Heron,Aves,Pelecaniformes
3779,5770,Egretta novaehollandiae,White-faced Heron,Aves,Pelecaniformes
3780,5771,Egretta picata,Pied Heron,Aves,Pelecaniformes
3781,5772,Egretta rufescens,Reddish Egret,Aves,Pelecaniformes
3782,5773,Egretta sacra,Pacific Reef Heron,Aves,Pelecaniformes
3783,5774,Egretta thula,Snowy Egret,Aves,Pelecaniformes
3784,5775,Egretta tricolor,Tricolored Heron,Aves,Pelecaniformes
3785,5776,Eidolon helvum,Straw-coloured fruit bat,Mammalia,Chiroptera
3786,5777,Eira barbara,Tayra,Mammalia,Carnivora
3787,5778,Elachistocleis bicolor,Elachistocleis bicolor,Amphibia,Anura
3788,5786,Elachistocleis,Elachistocleis,Amphibia,Anura
3789,5787,Elachura formosa,Spotted Elachura,Aves,Passeriformes
3790,5789,Elaenia albiceps,White-crested Elaenia,Aves,Passeriformes
3791,5790,Elaenia brachyptera,Coopmans's Elaenia,Aves,Passeriformes
3792,5791,Elaenia chilensis,Chilean Elaenia,Aves,Passeriformes
3793,5792,Elaenia chiriquensis,Lesser Elaenia,Aves,Passeriformes
3794,5793,Elaenia cristata,Plain-crested Elaenia,Aves,Passeriformes
3795,5794,Elaenia dayi,Great Elaenia,Aves,Passeriformes
3796,5795,Elaenia fallax,Greater Antillean Elaenia,Aves,Passeriformes
3797,5796,Elaenia flavogaster,Yellow-bellied Elaenia,Aves,Passeriformes
3798,5797,Elaenia frantzii,Mountain Elaenia,Aves,Passeriformes
3799,5798,Elaenia gigas,Mottle-backed Elaenia,Aves,Passeriformes
3800,5799,Elaenia martinica,Caribbean Elaenia,Aves,Passeriformes
3801,5800,Elaenia mesoleuca,Olivaceous Elaenia,Aves,Passeriformes
3802,5801,Elaenia obscura,Highland Elaenia,Aves,Passeriformes
3803,5802,Elaenia olivina,Tepui Elaenia,Aves,Passeriformes
3804,5803,Elaenia pallatangae,Sierran Elaenia,Aves,Passeriformes
3805,5804,Elaenia parvirostris,Small-billed Elaenia,Aves,Passeriformes
3806,5805,Elaenia pelzelni,Brownish Elaenia,Aves,Passeriformes
3807,5806,Elaenia ridleyana,Noronha Elaenia,Aves,Passeriformes
3808,5807,Elaenia ruficeps,Rufous-crowned Elaenia,Aves,Passeriformes
3809,5808,Elaenia sordida,Small-headed Elaenia,Aves,Passeriformes
3810,5809,Elaenia spectabilis,Large Elaenia,Aves,Passeriformes
3811,5810,Elaenia strepera,Slaty Elaenia,Aves,Passeriformes
3812,5811,Elanoides forficatus,Swallow-tailed Kite,Aves,Accipitriformes
3813,5812,Elanus axillaris,Black-shouldered Kite,Aves,Accipitriformes
3814,5813,Elanus caeruleus,Black-winged Kite,Aves,Accipitriformes
3815,5814,Elanus leucurus,White-tailed Kite,Aves,Accipitriformes
3816,5819,Elaphrornis palliseri,Sri Lanka Bush Warbler,Aves,Passeriformes
3817,5821,Electron carinatum,Keel-billed Motmot,Aves,Coraciiformes
3818,5822,Electron platyrhynchum,Broad-billed Motmot,Aves,Coraciiformes
3819,5823,Eleoscytalopus indigoticus,White-breasted Tapaculo,Aves,Passeriformes
3820,5824,Eleoscytalopus psychopompus,Bahia Tapaculo,Aves,Passeriformes
3821,5825,Eleothreptus anomalus,Sickle-winged Nightjar,Aves,Caprimulgiformes
3822,5826,Eleothreptus candicans,White-winged Nightjar,Aves,Caprimulgiformes
3823,5827,Elephas maximus,Asian Elephant,Mammalia,Proboscidea
3824,5829,Eleutherodactylidae,Rain Frogs,Amphibia,Anura
3825,5830,Eleutherodactylus abbotti,Eleutherodactylus abbotti,Amphibia,Anura
3826,5833,Eleutherodactylus antillensis,Antillean Coqui,Amphibia,Anura
3827,5836,Eleutherodactylus brittoni,Grass Coqui,Amphibia,Anura
3828,5837,Eleutherodactylus campi,Eleutherodactylus campi,Amphibia,Anura
3829,5838,Eleutherodactylus cochranae,Whistling Coqui,Amphibia,Anura
3830,5839,Eleutherodactylus cooki,Cook's Robber Frog,Amphibia,Anura
3831,5840,Eleutherodactylus coqui,Common Coqui,Amphibia,Anura
3832,5843,Eleutherodactylus flavescens,Eleutherodactylus flavescens,Amphibia,Anura
3833,5845,Eleutherodactylus gossei,Eleutherodactylus gossei,Amphibia,Anura
3834,5849,Eleutherodactylus inoptatus,Eleutherodactylus inoptatus,Amphibia,Anura
3835,5853,Eleutherodactylus johnstonei,Eleutherodactylus johnstonei,Amphibia,Anura
3836,5858,Eleutherodactylus marnockii,Cliff Chirping Frog,Amphibia,Anura
3837,5863,Eleutherodactylus montserratae,Eleutherodactylus montserratae,Amphibia,Anura
3838,5864,Eleutherodactylus nitidus,Rana-fisgona deslumbrante,Amphibia,Anura
3839,5871,Eleutherodactylus planirostris,Eleutherodactylus planirostris,Amphibia,Anura
3840,5872,Eleutherodactylus portoricensis,Forest Coqui,Amphibia,Anura
3841,5882,Eleutherodactylus,Eleutherodactylus,Amphibia,Anura
3842,5887,Eliomys quercinus,Garden dormouse,Mammalia,Rodentia
3843,5888,Elliotomyia chionogaster,White-bellied Hummingbird,Aves,Apodiformes
3844,5889,Elliotomyia viridicauda,Green-and-white Hummingbird,Aves,Apodiformes
3845,5890,Elminia albicauda,White-tailed Blue Flycatcher,Aves,Passeriformes
3846,5891,Elminia albiventris,White-bellied Crested Flycatcher,Aves,Passeriformes
3847,5892,Elminia albonotata,White-tailed Crested Flycatcher,Aves,Passeriformes
3848,5893,Elminia longicauda,African Blue Flycatcher,Aves,Passeriformes
3849,5894,Elminia nigromitrata,Dusky Crested Flycatcher,Aves,Passeriformes
3850,5895,Emarginata schlegelii,Karoo Chat,Aves,Passeriformes
3851,5896,Emarginata sinuata,Sickle-winged Chat,Aves,Passeriformes
3852,5897,Emarginata tractrac,Tractrac Chat,Aves,Passeriformes
3853,5899,Emberiza affinis,Brown-rumped Bunting,Aves,Passeriformes
3854,5900,Emberiza aureola,Yellow-breasted Bunting,Aves,Passeriformes
3855,5901,Emberiza bruniceps,Red-headed Bunting,Aves,Passeriformes
3856,5902,Emberiza buchanani,Grey-necked Bunting,Aves,Passeriformes
3857,5903,Emberiza cabanisi,Cabanis's Bunting,Aves,Passeriformes
3858,5904,Emberiza caesia,Cretzschmar's Bunting,Aves,Passeriformes
3859,5905,Emberiza calandra,Corn Bunting,Aves,Passeriformes
3860,5906,Emberiza capensis,Cape Bunting,Aves,Passeriformes
3861,5907,Emberiza chrysophrys,Yellow-browed Bunting,Aves,Passeriformes
3862,5908,Emberiza cia,Rock Bunting,Aves,Passeriformes
3863,5909,Emberiza cineracea,Cinereous Bunting,Aves,Passeriformes
3864,5910,Emberiza cioides,Meadow Bunting,Aves,Passeriformes
3865,5911,Emberiza cirlus,Cirl Bunting,Aves,Passeriformes
3866,5912,Emberiza citrinella,Yellowhammer,Aves,Passeriformes
3867,5913,Emberiza elegans,Yellow-throated Bunting,Aves,Passeriformes
3868,5914,Emberiza flaviventris,Golden-breasted Bunting,Aves,Passeriformes
3869,5915,Emberiza fucata,Chestnut-eared Bunting,Aves,Passeriformes
3870,5916,Emberiza godlewskii,Godlewski's Bunting,Aves,Passeriformes
3871,5917,Emberiza goslingi,Gosling's Bunting,Aves,Passeriformes
3872,5918,Emberiza hortulana,Ortolan Bunting,Aves,Passeriformes
3873,5919,Emberiza impetuani,Lark-like Bunting,Aves,Passeriformes
3874,5921,Emberiza koslowi,Tibetan Bunting,Aves,Passeriformes
3875,5922,Emberiza lathami,Crested Bunting,Aves,Passeriformes
3876,5923,Emberiza leucocephalos,Pine Bunting,Aves,Passeriformes
3877,5924,Emberiza melanocephala,Black-headed Bunting,Aves,Passeriformes
3878,5925,Emberiza pallasi,Pallas's Reed Bunting,Aves,Passeriformes
3879,5926,Emberiza personata,Masked Bunting,Aves,Passeriformes
3880,5927,Emberiza poliopleura,Somali Bunting,Aves,Passeriformes
3881,5928,Emberiza pusilla,Little Bunting,Aves,Passeriformes
3882,5929,Emberiza rustica,Rustic Bunting,Aves,Passeriformes
3883,5930,Emberiza rutila,Chestnut Bunting,Aves,Passeriformes
3884,5931,Emberiza sahari,House Bunting,Aves,Passeriformes
3885,5932,Emberiza schoeniclus,Common Reed Bunting,Aves,Passeriformes
3886,5933,Emberiza siemsseni,Slaty Bunting,Aves,Passeriformes
3887,5934,Emberiza spodocephala,Black-faced Bunting,Aves,Passeriformes
3888,5935,Emberiza stewarti,White-capped Bunting,Aves,Passeriformes
3889,5936,Emberiza striolata,Striolated Bunting,Aves,Passeriformes
3890,5937,Emberiza sulphurata,Yellow Bunting,Aves,Passeriformes
3891,5938,Emberiza tahapisi,Cinnamon-breasted Bunting,Aves,Passeriformes
3892,5939,Emberiza tristrami,Tristram's Bunting,Aves,Passeriformes
3893,5940,Emberiza variabilis,Grey Bunting,Aves,Passeriformes
3894,5942,Emberiza yessoensis,Ochre-rumped Bunting,Aves,Passeriformes
3895,5943,Emberizoides herbicola,Wedge-tailed Grass Finch,Aves,Passeriformes
3896,5944,Emberizoides ypiranganus,Lesser Grass Finch,Aves,Passeriformes
3897,5945,Embernagra longicauda,Serra Finch,Aves,Passeriformes
3898,5946,Embernagra platensis,Pampa Finch,Aves,Passeriformes
3899,5947,Emblema modesta,Plum-headed Finch,Aves,Passeriformes
3900,5948,Emblema pictum,Painted Finch,Aves,Passeriformes
3901,5949,Emblema ruficauda,Star Finch,Aves,Passeriformes
3902,5950,Eminia lepida,Grey-capped Warbler,Aves,Passeriformes
3903,5951,Empidonax affinis,Pine Flycatcher,Aves,Passeriformes
3904,5952,Empidonax albigularis,White-throated Flycatcher,Aves,Passeriformes
3905,5953,Empidonax alnorum,Alder Flycatcher,Aves,Passeriformes
3906,5954,Empidonax atriceps,Black-capped Flycatcher,Aves,Passeriformes
3907,5955,Empidonax difficilis,Western Flycatcher,Aves,Passeriformes
3908,5956,Empidonax flavescens,Yellowish Flycatcher,Aves,Passeriformes
3909,5957,Empidonax flaviventris,Yellow-bellied Flycatcher,Aves,Passeriformes
3910,5958,Empidonax fulvifrons,Buff-breasted Flycatcher,Aves,Passeriformes
3911,5959,Empidonax hammondii,Hammond's Flycatcher,Aves,Passeriformes
3912,5960,Empidonax minimus,Least Flycatcher,Aves,Passeriformes
3913,5961,Empidonax oberholseri,American Dusky Flycatcher,Aves,Passeriformes
3914,5962,Empidonax occidentalis,Empidonax occidentalis,Aves,Passeriformes
3915,5963,Empidonax traillii,Willow Flycatcher,Aves,Passeriformes
3916,5964,Empidonax virescens,Acadian Flycatcher,Aves,Passeriformes
3917,5965,Empidonax wrightii,American Grey Flycatcher,Aves,Passeriformes
3918,5966,Empidonomus aurantioatrocristatus,Crowned Slaty Flycatcher,Aves,Passeriformes
3919,5968,Empidonomus varius,Variegated Flycatcher,Aves,Passeriformes
3920,5969,Empidornis semipartitus,Silverbird,Aves,Passeriformes
3921,5980,Engystomops petersi,Engystomops petersi,Amphibia,Anura
3922,5982,Engystomops pustulosus,Engystomops pustulosus,Amphibia,Anura
3923,5984,Enhydra lutris,Sea Otter,Mammalia,Carnivora
3924,5985,Enicognathus ferrugineus,Austral Parakeet,Aves,Psittaciformes
3925,5986,Enicognathus leptorhynchus,Slender-billed Parakeet,Aves,Psittaciformes
3926,5987,Enicurus borneensis,Bornean Forktail,Aves,Passeriformes
3927,5988,Enicurus immaculatus,Black-backed Forktail,Aves,Passeriformes
3928,5989,Enicurus leschenaulti,White-crowned Forktail,Aves,Passeriformes
3929,5990,Enicurus maculatus,Spotted Forktail,Aves,Passeriformes
3930,5991,Enicurus ruficapillus,Chestnut-naped Forktail,Aves,Passeriformes
3931,5992,Enicurus schistaceus,Slaty-backed Forktail,Aves,Passeriformes
3932,5993,Enicurus scouleri,Little Forktail,Aves,Passeriformes
3933,5995,Enodes erythrophris,Fiery-browed Starling,Aves,Passeriformes
3934,5997,Ensifera ensifera,Sword-billed Hummingbird,Aves,Apodiformes
3935,5998,Entomodestes coracinus,Black Solitaire,Aves,Passeriformes
3936,5999,Entomodestes leucotis,White-eared Solitaire,Aves,Passeriformes
3937,6000,Entomyzon cyanotis,Blue-faced Honeyeater,Aves,Passeriformes
3938,6002,Eolophus roseicapilla,Galah,Aves,Psittaciformes
3939,6003,Eophona migratoria,Chinese Grosbeak,Aves,Passeriformes
3940,6004,Eophona personata,Japanese Grosbeak,Aves,Passeriformes
3941,6005,Eopsaltria australis,Eastern Yellow Robin,Aves,Passeriformes
3942,6006,Eopsaltria capito,Pale-yellow Robin,Aves,Passeriformes
3943,6007,Eopsaltria georgiana,White-breasted Robin,Aves,Passeriformes
3944,6008,Eopsaltria griseogularis,Western Yellow Robin,Aves,Passeriformes
3945,6009,Eopsaltria leucops,White-faced Robin,Aves,Passeriformes
3946,6010,Eopsaltria placens,Banded Yellow Robin,Aves,Passeriformes
3947,6013,Eopycna repanda,Eopycna repanda,Insecta,Hemiptera
3948,6024,Ephippiger diurnus,Ephippiger diurnus,Insecta,Orthoptera
3949,6025,Ephippiger ephippiger,Ephippiger ephippiger,Insecta,Orthoptera
3950,6031,Ephippiger terrestris,Ephippiger terrestris,Insecta,Orthoptera
3951,6032,Ephippigerida areolaria,Ephippigerida areolaria,Insecta,Orthoptera
3952,6041,Epimachus fastosus,Black Sicklebill,Aves,Passeriformes
3953,6042,Epimachus meyeri,Brown Sicklebill,Aves,Passeriformes
3954,6043,Epinecrophylla amazonica,Rio Madeira Stipplethroat,Aves,Passeriformes
3955,6044,Epinecrophylla haematonota,Rufous-backed Stipplethroat,Aves,Passeriformes
3956,6045,Epinecrophylla erythrura,Rufous-tailed Stipplethroat,Aves,Passeriformes
3957,6046,Epinecrophylla fulviventris,Checker-throated Stipplethroat,Aves,Passeriformes
3958,6047,Epinecrophylla gutturalis,Brown-bellied Stipplethroat,Aves,Passeriformes
3959,6048,Epinecrophylla leucophthalma,White-eyed Stipplethroat,Aves,Passeriformes
3960,6049,Epinecrophylla ornata,Ornate Stipplethroat,Aves,Passeriformes
3961,6050,Epinecrophylla spodionota,Foothill Stipplethroat,Aves,Passeriformes
3962,6057,Epipedobates boulengeri,Epipedobates boulengeri,Amphibia,Anura
3963,6065,Epomophorus gambianus,Gambian epauletted fruit bat,Mammalia,Chiroptera
3964,6067,Epomophorus wahlbergi,Wahlberg's epauletted fruit bat,Mammalia,Chiroptera
3965,6076,Eptesicus serotinus,Serotine bat,Mammalia,Chiroptera
3966,6078,Epthianura albifrons,White-fronted Chat,Aves,Passeriformes
3967,6079,Epthianura aurifrons,Orange Chat,Aves,Passeriformes
3968,6080,Epthianura crocea,Yellow Chat,Aves,Passeriformes
3969,6081,Epthianura tricolor,Crimson Chat,Aves,Passeriformes
3970,6082,Equus asinus,Ass,Mammalia,Perissodactyla
3971,6086,Equus caballus,Horse,Mammalia,Perissodactyla
3972,6094,Eremalauda eremodites,Arabian Lark,Aves,Passeriformes
3973,6095,Ochetorhynchus phoenicurus,Band-tailed Earthcreeper,Aves,Passeriformes
3974,6096,Eremomela atricollis,Black-necked Eremomela,Aves,Passeriformes
3975,6097,Eremomela badiceps,Rufous-crowned Eremomela,Aves,Passeriformes
3976,6098,Eremomela canescens,Green-backed Eremomela,Aves,Passeriformes
3977,6099,Eremomela flavicrissalis,Yellow-vented Eremomela,Aves,Passeriformes
3978,6100,Eremomela gregalis,Karoo Eremomela,Aves,Passeriformes
3979,6101,Eremomela icteropygialis,Yellow-bellied Eremomela,Aves,Passeriformes
3980,6102,Eremomela pusilla,Senegal Eremomela,Aves,Passeriformes
3981,6104,Eremomela scotops,Green-capped Eremomela,Aves,Passeriformes
3982,6105,Eremomela turneri,Turner's Eremomela,Aves,Passeriformes
3983,6106,Eremomela usticollis,Burnt-necked Eremomela,Aves,Passeriformes
3984,6113,Eremophila alpestris,Horned Lark,Aves,Passeriformes
3985,6114,Eremophila bilopha,Temminck's Lark,Aves,Passeriformes
3986,6116,Eremopterix griseus,Ashy-crowned Sparrow-Lark,Aves,Passeriformes
3987,6117,Eremopterix hova,Madagascar Lark,Aves,Passeriformes
3988,6118,Eremopterix leucopareia,Fischer's Sparrow-Lark,Aves,Passeriformes
3989,6119,Eremopterix leucotis,Chestnut-backed Sparrow-Lark,Aves,Passeriformes
3990,6120,Eremopterix nigriceps,Black-crowned Sparrow-Lark,Aves,Passeriformes
3991,6122,Eremopterix verticalis,Grey-backed Sparrow-Lark,Aves,Passeriformes
3992,6123,Erethizon dorsata,Common Porcupine,Mammalia,Rodentia
3993,6131,Erignathus barbatus,Bearded Seal,Mammalia,Carnivora
3994,6132,Erinaceus europaeus,West European Hedgehog,Mammalia,Erinaceomorpha
3995,6133,Erinaceus roumanicus,Northern white-breasted hedgehog,Mammalia,Erinaceomorpha
3996,6134,Eriocnemis aline,Emerald-bellied Puffleg,Aves,Apodiformes
3997,6135,Eriocnemis cupreoventris,Coppery-bellied Puffleg,Aves,Apodiformes
3998,6136,Eriocnemis derbyi,Black-thighed Puffleg,Aves,Apodiformes
3999,6138,Eriocnemis luciani,Sapphire-vented Puffleg,Aves,Apodiformes
4000,6142,Eriocnemis vestita,Glowing Puffleg,Aves,Apodiformes
4001,6147,Larvivora akahige,Japanese Robin,Aves,Passeriformes
4002,6148,Larvivora tanensis,Izu Robin,Aves,Passeriformes
4003,6149,Larvivora komadori,Ryukyu Robin,Aves,Passeriformes
4004,6150,Larvivora namiyei,Okinawa Robin,Aves,Passeriformes
4005,6151,Erithacus rubecula,European Robin,Aves,Passeriformes
4006,6152,Erpornis zantholeuca,White-bellied Erpornis,Aves,Passeriformes
4007,6156,Erythrocercus holochlorus,Little Yellow Flycatcher,Aves,Passeriformes
4008,6157,Erythrocercus livingstonei,Livingstone's Flycatcher,Aves,Passeriformes
4009,6158,Erythrocercus mccallii,Chestnut-capped Flycatcher,Aves,Passeriformes
4010,6159,Erythrogenys erythrocnemis,Black-necklaced Scimitar Babbler,Aves,Passeriformes
4011,6160,Erythrogenys erythrogenys,Rusty-cheeked Scimitar Babbler,Aves,Passeriformes
4012,6162,Erythrogenys gravivox,Black-streaked Scimitar Babbler,Aves,Passeriformes
4013,6163,Erythrogenys hypoleucos,Large Scimitar Babbler,Aves,Passeriformes
4014,6164,Erythrogenys imberbis,Red-eyed Scimitar Babbler,Aves,Charadriiformes
4015,6165,Erythrogenys mcclellandi,Spot-breasted Scimitar Babbler,Aves,Passeriformes
4016,6166,Erythrogenys swinhoei,Grey-sided Scimitar Babbler,Aves,Passeriformes
4017,6167,Erythrogonys cinctus,Red-kneed Dotterel,Aves,Charadriiformes
4018,6172,Erythropitta arquata,Blue-banded Pitta,Aves,Passeriformes
4019,6173,Erythropitta celebensis,Sulawesi Pitta,Aves,Passeriformes
4020,6174,Erythropitta erythrogaster,Philippine Pitta,Aves,Passeriformes
4021,6175,Erythropitta macklotii,Papuan Pitta,Aves,Passeriformes
4022,6177,Erythropitta novaehibernicae,Bismarck Pitta,Aves,Passeriformes
4023,6179,Erythropitta rubrinucha,South Moluccan Pitta,Aves,Passeriformes
4024,6180,Erythropitta rufiventris,North Moluccan Pitta,Aves,Passeriformes
4025,6181,Erythropitta dohertyi,Sula Pitta,Aves,Passeriformes
4026,6182,Erythropitta granatina,Garnet Pitta,Aves,Passeriformes
4027,6183,Erythropitta kochi,Whiskered Pitta,Aves,Passeriformes
4028,6184,Erythropitta ussheri,Black-crowned Pitta,Aves,Passeriformes
4029,6185,Erythropitta venusta,Graceful Pitta,Aves,Passeriformes
4030,6186,Erythrotriorchis radiatus,Red Goshawk,Aves,Accipitriformes
4031,6189,Erythrura hyperythra,Tawny-breasted Parrotfinch,Aves,Passeriformes
4032,6191,Erythrura pealii,Fiji Parrotfinch,Aves,Passeriformes
4033,6192,Erythrura prasina,Pin-tailed Parrotfinch,Aves,Passeriformes
4034,6194,Erythrura trichroa,Blue-faced Parrotfinch,Aves,Passeriformes
4035,6197,Esacus magnirostris,Beach Stone-curlew,Aves,Charadriiformes
4036,6198,Esacus recurvirostris,Great Stone-curlew,Aves,Charadriiformes
4037,6199,Eschrichtius robustus,gray whale,Mammalia,Cetacea
4038,6201,Espadarana prosoblepon,Espadarana prosoblepon,Amphibia,Anura
4039,6202,Estrilda astrild,Common Waxbill,Aves,Passeriformes
4040,6204,Glaucestrilda caerulescens,Lavender Waxbill,Aves,Passeriformes
4041,6206,Estrilda kandti,Kandt's Waxbill,Aves,Passeriformes
4042,6207,Estrilda melpoda,Orange-cheeked Waxbill,Aves,Passeriformes
4043,6208,Estrilda nonnula,Black-crowned Waxbill,Aves,Passeriformes
4044,6210,Estrilda paludicola,Fawn-breasted Waxbill,Aves,Passeriformes
4045,6211,Glaucestrilda perreini,Grey Waxbill,Aves,Passeriformes
4046,6213,Estrilda rhodopyga,Crimson-rumped Waxbill,Aves,Passeriformes
4047,6214,Estrilda rufibarba,Arabian Waxbill,Aves,Passeriformes
4048,6215,Glaucestrilda thomensis,Cinderella Waxbill,Aves,Passeriformes
4049,6216,Estrilda troglodytes,Black-rumped Waxbill,Aves,Passeriformes
4050,6218,Eubalaena australis,southern right whale,Mammalia,Cetacea
4051,6219,Eubalaena glacialis,North Atlantic right whale,Mammalia,Cetacea
4052,6220,Eubucco bourcierii,Red-headed Barbet,Aves,Piciformes
4053,6221,Eubucco richardsoni,Lemon-throated Barbet,Aves,Piciformes
4054,6222,Eubucco tucinkae,Scarlet-hooded Barbet,Aves,Piciformes
4055,6223,Eubucco versicolor,Versicolored Barbet,Aves,Piciformes
4056,6225,Euchorthippus declivus,Euchorthippus declivus,Insecta,Orthoptera
4057,6226,Euchorthippus elegantulus,Euchorthippus elegantulus,Insecta,Orthoptera
4058,6228,Euchorthippus sardous,Euchorthippus sardous,Insecta,Orthoptera
4059,6229,Euchrepomis callinota,Rufous-rumped Antwren,Aves,Passeriformes
4060,6230,Euchrepomis humeralis,Chestnut-shouldered Antwren,Aves,Passeriformes
4061,6231,Euchrepomis sharpei,Yellow-rumped Antwren,Aves,Passeriformes
4062,6232,Euchrepomis spodioptila,Ash-winged Antwren,Aves,Passeriformes
4063,6234,Eucometis penicillata,Grey-headed Tanager,Aves,Passeriformes
4064,6235,Euconocephalus nasutus,Euconocephalus nasutus,Insecta,Orthoptera
4065,6236,Euconocephalus varius,Euconocephalus varius,Insecta,Orthoptera
4066,6238,Eudocimus albus,American White Ibis,Aves,Pelecaniformes
4067,6239,Eudocimus ruber,Scarlet Ibis,Aves,Pelecaniformes
4068,6240,Eudromia elegans,Elegant Crested Tinamou,Aves,Tinamiformes
4069,6241,Eudromia formosa,Quebracho Crested Tinamou,Aves,Tinamiformes
4070,6242,Eudynamys melanorhynchus,Black-billed Koel,Aves,Cuculiformes
4071,6243,Eudynamys scolopaceus,Asian Koel,Aves,Cuculiformes
4072,6244,Eudynamys orientalis,Pacific Koel,Aves,Cuculiformes
4073,6245,Eudyptes chrysocome,Southern Rockhopper Penguin,Aves,Sphenisciformes
4074,6246,Eudyptes chrysolophus,Macaroni Penguin,Aves,Sphenisciformes
4075,6248,Eudyptes pachyrhynchus,Fiordland Penguin,Aves,Sphenisciformes
4076,6250,Eudyptes schlegeli,Royal Penguin,Aves,Sphenisciformes
4077,6252,Eudyptula minor,Little Penguin,Aves,Sphenisciformes
4078,6255,Eugenes fulgens,Rivoli's Hummingbird,Aves,Apodiformes
4079,6256,Eugenes spectabilis,Talamanca Hummingbird,Aves,Apodiformes
4080,6257,Eugerygone rubra,Garnet Robin,Aves,Passeriformes
4081,6259,Eugralla paradoxa,Ochre-flanked Tapaculo,Aves,Passeriformes
4082,6260,Eugryllodes escalerae,Eugryllodes escalerae,Insecta,Orthoptera
4083,6261,Eugryllodes pipiens,Eugryllodes pipiens,Insecta,Orthoptera
4084,6263,Eulacestoma nigropectus,Wattled Ploughbill,Aves,Passeriformes
4085,6264,Eulampis holosericeus,Green-throated Carib,Aves,Apodiformes
4086,6265,Eulampis jugularis,Purple-throated Carib,Aves,Apodiformes
4087,6269,Eulemur fulvus,brown lemur,Mammalia,Primates
4088,6272,Eulemur rubriventer,red-bellied lemur,Mammalia,Primates
4089,6276,Eulidia yarrellii,Chilean Woodstar,Aves,Apodiformes
4090,6278,Eumetopias jubatus,Steller Sea Lion,Mammalia,Carnivora
4091,6279,Eumodicogryllus bordigalensis,Eumodicogryllus bordigalensis,Insecta,Orthoptera
4092,6282,Eumomota superciliosa,Turquoise-browed Motmot,Aves,Coraciiformes
4093,6285,Eumops floridanus,Florida bonneted bat,Mammalia,Chiroptera
4094,6289,Eumyias albicaudatus,Nilgiri Flycatcher,Aves,Passeriformes
4095,6290,Eumyias indigo,Indigo Flycatcher,Aves,Passeriformes
4096,6291,Eumyias panayensis,Turquoise Flycatcher,Aves,Passeriformes
4097,6292,Eumyias sordidus,Dull-blue Flycatcher,Aves,Passeriformes
4098,6293,Eumyias thalassinus,Verditer Flycatcher,Aves,Passeriformes
4099,6294,Eunemobius carolinus,Carolina Ground Cricket,Insecta,Orthoptera
4100,6295,Eunemobius confusus,confused ground cricket,Insecta,Orthoptera
4101,6296,Eunemobius melodius,melodious ground cricket,Insecta,Orthoptera
4102,6298,Euneornis campestris,Orangequit,Aves,Passeriformes
4103,6299,Eunymphicus cornutus,Horned Parakeet,Aves,Psittaciformes
4104,6301,Euodice cantans,African Silverbill,Aves,Passeriformes
4105,6302,Euodice malabarica,Indian Silverbill,Aves,Passeriformes
4106,6306,Eupetes macrocerus,Rail-babbler,Aves,Passeriformes
4107,6307,Eupetomena cirrochloris,Sombre Hummingbird,Aves,Apodiformes
4108,6308,Eupetomena macroura,Swallow-tailed Hummingbird,Aves,Apodiformes
4109,6309,Euphagus carolinus,Rusty Blackbird,Aves,Passeriformes
4110,6310,Euphagus cyanocephalus,Brewer's Blackbird,Aves,Passeriformes
4111,6311,Eupherusa cyanophrys,Oaxaca Hummingbird,Aves,Apodiformes
4112,6312,Eupherusa eximia,Stripe-tailed Hummingbird,Aves,Apodiformes
4113,6313,Eupherusa nigriventris,Black-bellied Hummingbird,Aves,Apodiformes
4114,6314,Eupherusa poliocerca,White-tailed Hummingbird,Aves,Apodiformes
4115,6315,Eupherusa ridgwayi,Mexican Woodnymph,Aves,Apodiformes
4116,6319,Eupholidoptera astyla,Eupholidoptera astyla,Insecta,Orthoptera
4117,6320,Eupholidoptera chabrieri,Eupholidoptera chabrieri,Insecta,Orthoptera
4118,6326,Eupholidoptera garganica,Eupholidoptera garganica,Insecta,Orthoptera
4119,6333,Eupholidoptera magnifica,Eupholidoptera magnifica,Insecta,Orthoptera
4120,6335,Eupholidoptera megastyla,Eupholidoptera megastyla,Insecta,Orthoptera
4121,6338,Eupholidoptera smyrnensis,Eupholidoptera smyrnensis,Insecta,Orthoptera
4122,6342,Euphonia affinis,Scrub Euphonia,Aves,Passeriformes
4123,6343,Euphonia anneae,Tawny-capped Euphonia,Aves,Passeriformes
4124,6344,Euphonia cayennensis,Golden-sided Euphonia,Aves,Passeriformes
4125,6345,Euphonia chalybea,Green-chinned Euphonia,Aves,Passeriformes
4126,6346,Euphonia chlorotica,Purple-throated Euphonia,Aves,Passeriformes
4127,6347,Euphonia chrysopasta,White-lored Euphonia,Aves,Passeriformes
4128,6348,Euphonia concinna,Velvet-fronted Euphonia,Aves,Passeriformes
4129,6349,Euphonia finschi,Finsch's Euphonia,Aves,Passeriformes
4130,6350,Euphonia fulvicrissa,Fulvous-vented Euphonia,Aves,Passeriformes
4131,6351,Euphonia godmani,West Mexican Euphonia,Aves,Passeriformes
4132,6352,Euphonia gouldi,Olive-backed Euphonia,Aves,Passeriformes
4133,6353,Euphonia hirundinacea,Yellow-throated Euphonia,Aves,Passeriformes
4134,6354,Euphonia imitans,Spot-crowned Euphonia,Aves,Passeriformes
4135,6355,Euphonia jamaica,Jamaican Euphonia,Aves,Passeriformes
4136,6356,Euphonia laniirostris,Thick-billed Euphonia,Aves,Passeriformes
4137,6357,Euphonia luteicapilla,Yellow-crowned Euphonia,Aves,Passeriformes
4138,6358,Euphonia mesochrysa,Bronze-green Euphonia,Aves,Passeriformes
4139,6359,Euphonia minuta,White-vented Euphonia,Aves,Passeriformes
4140,6360,Euphonia pectoralis,Chestnut-bellied Euphonia,Aves,Passeriformes
4141,6361,Euphonia plumbea,Plumbeous Euphonia,Aves,Passeriformes
4142,6362,Euphonia rufiventris,Rufous-bellied Euphonia,Aves,Passeriformes
4143,6363,Euphonia saturata,Orange-crowned Euphonia,Aves,Passeriformes
4144,6364,Euphonia trinitatis,Trinidad Euphonia,Aves,Passeriformes
4145,6365,Euphonia violacea,Violaceous Euphonia,Aves,Passeriformes
4146,6366,Euphonia xanthogaster,Orange-bellied Euphonia,Aves,Passeriformes
4147,6368,Euplectes afer,Yellow-crowned Bishop,Aves,Passeriformes
4148,6369,Euplectes albonotatus,White-winged Widowbird,Aves,Passeriformes
4149,6370,Euplectes ardens,Red-collared Widowbird,Aves,Passeriformes
4150,6373,Euplectes axillaris,Fan-tailed Widowbird,Aves,Passeriformes
4151,6374,Euplectes capensis,Yellow Bishop,Aves,Passeriformes
4152,6376,Euplectes franciscanus,Northern Red Bishop,Aves,Passeriformes
4153,6377,Euplectes gierowii,Black Bishop,Aves,Passeriformes
4154,6378,Euplectes hartlaubi,Marsh Widowbird,Aves,Passeriformes
4155,6379,Euplectes hordeaceus,Black-winged Red Bishop,Aves,Passeriformes
4156,6381,Euplectes macroura,Yellow-mantled Widowbird,Aves,Passeriformes
4157,6382,Euplectes nigroventris,Zanzibar Red Bishop,Aves,Passeriformes
4158,6383,Euplectes orix,Southern Red Bishop,Aves,Passeriformes
4159,6384,Euplectes progne,Long-tailed Widowbird,Aves,Passeriformes
4160,6386,Eupodotis caerulescens,Blue Korhaan,Aves,Otidiformes
4161,6388,Lophotis ruficrista,Red-crested Korhaan,Aves,Otidiformes
4162,6390,Eupodotis senegalensis,White-bellied Bustard,Aves,Otidiformes
4163,6391,Heterotetrax vigorsii,Karoo Korhaan,Aves,Otidiformes
4164,6394,Eupsophus calcaratus,Eupsophus calcaratus,Amphibia,Anura
4165,6396,Eupsophus roseus,Eupsophus roseus,Amphibia,Anura
4166,6397,Eupsophus vertebralis,Eupsophus vertebralis,Amphibia,Anura
4167,6398,Euptilotis neoxenus,Eared Quetzal,Aves,Trogoniformes
4168,6404,Eurillas ansorgei,Ansorge's Greenbul,Aves,Passeriformes
4169,6405,Eurillas curvirostris,Plain Greenbul,Aves,Passeriformes
4170,6406,Eurillas gracilis,Little Grey Greenbul,Aves,Passeriformes
4171,6407,Eurillas latirostris,Yellow-whiskered Greenbul,Aves,Passeriformes
4172,6408,Eurillas virens,Little Greenbul,Aves,Passeriformes
4173,6409,Eurocephalus anguitimens,Southern White-crowned Shrike,Aves,Passeriformes
4174,6410,Eurocephalus ruppelli,Northern White-crowned Shrike,Aves,Passeriformes
4175,6411,Eurostopodus argus,Spotted Nightjar,Aves,Caprimulgiformes
4176,6412,Eurostopodus diabolicus,Satanic Nightjar,Aves,Caprimulgiformes
4177,6413,Eurostopodus mystacalis,White-throated Nightjar,Aves,Caprimulgiformes
4178,6415,Eurostopodus papuensis,Papuan Nightjar,Aves,Caprimulgiformes
4179,6417,Euryceros prevostii,Helmet Vanga,Aves,Passeriformes
4180,6418,Eurylaimus javanicus,Banded Broadbill,Aves,Passeriformes
4181,6419,Eurylaimus ochromalus,Black-and-yellow Broadbill,Aves,Passeriformes
4182,6420,Euryphara contentei,Euryphara contentei,Insecta,Hemiptera
4183,6421,Euryptila subcinnamomea,Cinnamon-breasted Warbler,Aves,Passeriformes
4184,6422,Eurypyga helias,Sunbittern,Aves,Eurypygiformes
4185,6423,Eurystomus azureus,Azure Dollarbird,Aves,Coraciiformes
4186,6424,Eurystomus glaucurus,Broad-billed Roller,Aves,Coraciiformes
4187,6425,Eurystomus gularis,Blue-throated Roller,Aves,Coraciiformes
4188,6426,Eurystomus orientalis,Oriental Dollarbird,Aves,Coraciiformes
4189,6427,Euscarthmus fulviceps,Fulvous-faced Scrub Tyrant,Aves,Passeriformes
4190,6428,Euscarthmus meloryphus,Fulvous-crowned Scrub Tyrant,Aves,Passeriformes
4191,6429,Euscarthmus rufomarginatus,Rufous-sided Scrub Tyrant,Aves,Passeriformes
4192,6430,Euschistospiza cinereovinacea,Dusky Twinspot,Aves,Passeriformes
4193,6433,Tamias sibiricus,Siberian chipmunk,Mammalia,Rodentia
4194,6435,Euterpnosia alpina,Euterpnosia alpina,Insecta,Hemiptera
4195,6438,Euterpnosia chibensis,Euterpnosia chibensis,Insecta,Hemiptera
4196,6442,Euterpnosia hoppo,Euterpnosia hoppo,Insecta,Hemiptera
4197,6447,Euterpnosia varicolor,Euterpnosia varicolor,Insecta,Hemiptera
4198,6448,Euterpnosia viridifrons,Euterpnosia viridifrons,Insecta,Hemiptera
4199,6451,Eutoxeres aquila,White-tipped Sicklebill,Aves,Apodiformes
4200,6452,Eutoxeres condamini,Buff-tailed Sicklebill,Aves,Apodiformes
4201,6459,Ewartia oldfieldi,Ewartia oldfieldi,Insecta,Hemiptera
4202,6460,Ewartia roberti,Ewartia roberti,Insecta,Hemiptera
4203,6461,Synoicus chinensis,King Quail,Aves,Galliformes
4204,6469,Fagus grandifolia,American beech,Rosids,Fagales
4205,6474,Falco amurensis,Amur Falcon,Aves,Falconiformes
4206,6475,Falco araeus,Seychelles Kestrel,Aves,Falconiformes
4207,6476,Falco ardosiaceus,Grey Kestrel,Aves,Falconiformes
4208,6477,Falco berigora,Brown Falcon,Aves,Falconiformes
4209,6478,Falco biarmicus,Lanner Falcon,Aves,Falconiformes
4210,6479,Falco cenchroides,Nankeen Kestrel,Aves,Falconiformes
4211,6480,Falco cherrug,Saker Falcon,Aves,Falconiformes
4212,6481,Falco chicquera,Red-necked Falcon,Aves,Falconiformes
4213,6482,Falco columbarius,Merlin,Aves,Falconiformes
4214,6483,Falco concolor,Sooty Falcon,Aves,Falconiformes
4215,6484,Falco cuvierii,African Hobby,Aves,Falconiformes
4216,6485,Falco deiroleucus,Orange-breasted Falcon,Aves,Falconiformes
4217,6487,Falco eleonorae,Eleonora's Falcon,Aves,Falconiformes
4218,6489,Falco femoralis,Aplomado Falcon,Aves,Falconiformes
4219,6490,Falco hypoleucos,Grey Falcon,Aves,Falconiformes
4220,6491,Falco jugger,Laggar Falcon,Aves,Falconiformes
4221,6492,Falco longipennis,Australian Hobby,Aves,Falconiformes
4222,6493,Falco mexicanus,Prairie Falcon,Aves,Falconiformes
4223,6494,Falco moluccensis,Spotted Kestrel,Aves,Falconiformes
4224,6495,Falco naumanni,Lesser Kestrel,Aves,Falconiformes
4225,6496,Falco newtoni,Malagasy Kestrel,Aves,Falconiformes
4226,6497,Falco novaeseelandiae,New Zealand Falcon,Aves,Falconiformes
4227,6498,Falco peregrinus,Peregrine Falcon,Aves,Falconiformes
4228,6499,Falco punctatus,Mauritius Kestrel,Aves,Falconiformes
4229,6500,Falco rufigularis,Bat Falcon,Aves,Falconiformes
4230,6502,Falco rupicolus,Rock Kestrel,Aves,Falconiformes
4231,6503,Falco rusticolus,Gyrfalcon,Aves,Falconiformes
4232,6504,Falco severus,Oriental Hobby,Aves,Falconiformes
4233,6505,Falco sparverius,American Kestrel,Aves,Falconiformes
4234,6506,Falco subbuteo,Eurasian Hobby,Aves,Falconiformes
4235,6508,Falco tinnunculus,Common Kestrel,Aves,Falconiformes
4236,6509,Falco vespertinus,Red-footed Falcon,Aves,Falconiformes
4237,6510,Falco zoniventris,Banded Kestrel,Aves,Falconiformes
4238,6511,Falculea palliata,Sickle-billed Vanga,Aves,Passeriformes
4239,6512,Falcunculus frontatus,Eastern Shriketit,Aves,Passeriformes
4240,6513,Falcunculus leucogaster,Western Shriketit,Aves,Passeriformes
4241,6514,Falcunculus whitei,Northern Shriketit,Aves,Passeriformes
4242,6519,Fejervarya cancrivora,Fejervarya cancrivora,Amphibia,Anura
4243,6521,Fejervarya limnocharis,Fejervarya limnocharis,Amphibia,Anura
4244,6522,Fejervarya multistriata,Fejervarya multistriata,Amphibia,Anura
4245,6524,Felis catus (Domestic type),Cat (Domestic type),Mammalia,Carnivora
4246,6527,Felis silvestris,Felis silvestris,Mammalia,Carnivora
4247,6528,Felis silvestris f. domestica,Felis silvestris f. domestica,Mammalia,Carnivora
4248,6530,Ferminia cerverai,Zapata Wren,Aves,Passeriformes
4249,6532,Ficedula albicilla,Taiga Flycatcher,Aves,Passeriformes
4250,6533,Ficedula albicollis,Collared Flycatcher,Aves,Passeriformes
4251,6534,Ficedula basilanica,Little Slaty Flycatcher,Aves,Passeriformes
4252,6535,Ficedula bonthaina,Lompobattang Flycatcher,Aves,Passeriformes
4253,6536,Ficedula buruensis,Cinnamon-chested Flycatcher,Aves,Passeriformes
4254,6538,Ficedula disposita,Furtive Flycatcher,Aves,Passeriformes
4255,6539,Ficedula dumetoria,Rufous-chested Flycatcher,Aves,Passeriformes
4256,6540,Ficedula elisae,Green-backed Flycatcher,Aves,Passeriformes
4257,6541,Ficedula erithacus,Slaty-backed Flycatcher,Aves,Passeriformes
4258,6542,Ficedula harterti,Sumba Flycatcher,Aves,Passeriformes
4259,6544,Ficedula hodgsoni,Pygmy Flycatcher,Aves,Passeriformes
4260,6545,Ficedula hyperythra,Snowy-browed Flycatcher,Aves,Passeriformes
4261,6546,Ficedula luzoniensis,Bundok Flycatcher,Aves,Passeriformes
4262,6547,Ficedula hypoleuca,European Pied Flycatcher,Aves,Passeriformes
4263,6548,Ficedula mugimaki,Mugimaki Flycatcher,Aves,Passeriformes
4264,6549,Ficedula narcissina,Narcissus Flycatcher,Aves,Passeriformes
4265,6550,Ficedula owstoni,Ryukyu Flycatcher,Aves,Passeriformes
4266,6551,Ficedula nigrorufa,Black-and-orange Flycatcher,Aves,Passeriformes
4267,6552,Ficedula parva,Red-breasted Flycatcher,Aves,Passeriformes
4268,6553,Ficedula platenae,Palawan Flycatcher,Aves,Passeriformes
4269,6554,Ficedula riedeli,Tanimbar Flycatcher,Aves,Passeriformes
4270,6555,Ficedula ruficauda,Rusty-tailed Flycatcher,Aves,Passeriformes
4271,6557,Ficedula sapphira,Sapphire Flycatcher,Aves,Passeriformes
4272,6558,Ficedula semitorquata,Semicollared Flycatcher,Aves,Passeriformes
4273,6559,Ficedula speculigera,Atlas Pied Flycatcher,Aves,Passeriformes
4274,6560,Ficedula strophiata,Rufous-gorgeted Flycatcher,Aves,Passeriformes
4275,6561,Ficedula subrubra,Kashmir Flycatcher,Aves,Passeriformes
4276,6562,Ficedula superciliaris,Ultramarine Flycatcher,Aves,Passeriformes
4277,6563,Ficedula timorensis,Black-banded Flycatcher,Aves,Passeriformes
4278,6564,Ficedula tricolor,Slaty-blue Flycatcher,Aves,Passeriformes
4279,6565,Ficedula westermanni,Little Pied Flycatcher,Aves,Passeriformes
4280,6566,Ficedula zanthopygia,Yellow-rumped Flycatcher,Aves,Passeriformes
4281,6568,Fidicina toulgoeti,Fidicina toulgoeti,Insecta,Hemiptera
4282,6571,Fidicinoides vinula,Fidicinoides vinula,Insecta,Hemiptera
4283,6572,Mohoua novaeseelandiae,Pipipi,Aves,Passeriformes
4284,6577,Florisuga fusca,Black Jacobin,Aves,Apodiformes
4285,6578,Florisuga mellivora,White-necked Jacobin,Aves,Apodiformes
4286,6579,Fluvicola albiventer,Black-backed Water Tyrant,Aves,Passeriformes
4287,6580,Fluvicola pica,Pied Water Tyrant,Aves,Passeriformes
4288,6581,Fluvicola nengeta,Masked Water Tyrant,Aves,Passeriformes
4289,6585,Formicarius analis,Black-faced Antthrush,Aves,Passeriformes
4290,6586,Formicarius colma,Rufous-capped Antthrush,Aves,Passeriformes
4291,6587,Formicarius moniliger,Mayan Antthrush,Aves,Passeriformes
4292,6588,Formicarius nigricapillus,Black-headed Antthrush,Aves,Passeriformes
4293,6589,Formicarius rufifrons,Rufous-fronted Antthrush,Aves,Passeriformes
4294,6590,Formicarius rufipectus,Rufous-breasted Antthrush,Aves,Passeriformes
4295,6592,Formicivora acutirostris,Marsh Antwren,Aves,Passeriformes
4296,6593,Formicivora erythronotos,Black-hooded Antwren,Aves,Passeriformes
4297,6594,Formicivora grantsaui,Sincora Antwren,Aves,Passeriformes
4298,6595,Formicivora grisea,Southern White-fringed Antwren,Aves,Passeriformes
4299,6596,Formicivora iheringi,Narrow-billed Antwren,Aves,Passeriformes
4300,6597,Formicivora intermedia,Northern White-fringed Antwren,Aves,Passeriformes
4301,6598,Formicivora melanogaster,Black-bellied Antwren,Aves,Passeriformes
4302,6599,Formicivora rufa,Rusty-backed Antwren,Aves,Passeriformes
4303,6600,Formicivora serrana,Serra Antwren,Aves,Passeriformes
4304,6602,Formosemia apicalis,Formosemia apicalis,Insecta,Hemiptera
4305,6604,Formotosena seebohmi,Formotosena seebohmi,Insecta,Hemiptera
4306,6605,Forpus coelestis,Pacific Parrotlet,Aves,Psittaciformes
4307,6606,Forpus conspicillatus,Spectacled Parrotlet,Aves,Psittaciformes
4308,6607,Forpus crassirostris,Riparian Parrotlet,Aves,Psittaciformes
4309,6608,Forpus spengeli,Turquoise-winged Parrotlet,Aves,Psittaciformes
4310,6609,Forpus xanthopterygius,Cobalt-rumped Parrotlet,Aves,Psittaciformes
4311,6610,Forpus cyanopygius,Mexican Parrotlet,Aves,Psittaciformes
4312,6611,Forpus modestus,Dusky-billed Parrotlet,Aves,Psittaciformes
4313,6612,Forpus passerinus,Green-rumped Parrotlet,Aves,Psittaciformes
4314,6613,Forpus xanthops,Yellow-faced Parrotlet,Aves,Psittaciformes
4315,6617,Foudia flavicans,Rodrigues Fody,Aves,Passeriformes
4316,6618,Foudia madagascariensis,Red Fody,Aves,Passeriformes
4317,6619,Foudia omissa,Forest Fody,Aves,Passeriformes
4318,6620,Foudia rubra,Mauritius Fody,Aves,Passeriformes
4319,6621,Foudia sechellarum,Seychelles Fody,Aves,Passeriformes
4320,6622,Foulehaio carunculatus,Polynesian Wattled Honeyeater,Aves,Passeriformes
4321,6623,Foulehaio procerior,Kikau,Aves,Passeriformes
4322,6624,Foulehaio taviunensis,Fiji Wattled Honeyeater,Aves,Passeriformes
4323,6626,Francolinus francolinus,Black Francolin,Aves,Galliformes
4324,6627,Francolinus pictus,Painted Francolin,Aves,Galliformes
4325,6628,Francolinus pintadeanus,Chinese Francolin,Aves,Galliformes
4326,6629,Fraseria caerulescens,Ashy Flycatcher,Aves,Passeriformes
4327,6631,Fraseria cinerascens,White-browed Forest Flycatcher,Aves,Passeriformes
4328,6632,Fraseria griseigularis,Grey-throated Tit-Flycatcher,Aves,Passeriformes
4329,6634,Fraseria lendu,Chapin's Flycatcher,Aves,Passeriformes
4330,6636,Fraseria ocreata,Fraser's Forest Flycatcher,Aves,Passeriformes
4331,6637,Fraseria olivascens,Olivaceous Flycatcher,Aves,Passeriformes
4332,6639,Fraseria plumbea,Grey Tit-Flycatcher,Aves,Passeriformes
4333,6641,Fraseria tessmanni,Tessmann's Flycatcher,Aves,Passeriformes
4334,6642,Fratercula arctica,Atlantic Puffin,Aves,Charadriiformes
4335,6647,Frederickena fulva,Fulvous Antshrike,Aves,Passeriformes
4336,6648,Frederickena unduliger,Undulated Antshrike,Aves,Passeriformes
4337,6649,Frederickena viridis,Black-throated Antshrike,Aves,Passeriformes
4338,6653,Fregata magnificens,Magnificent Frigatebird,Aves,Suliformes
4339,6654,Fregata minor,Great Frigatebird,Aves,Suliformes
4340,6655,Fregetta tropica,Black-bellied Storm Petrel,Aves,Procellariiformes
4341,6657,Fringilla canariensis,Canary Islands Chaffinch,Aves,Passeriformes
4342,6658,Fringilla coelebs,Eurasian Chaffinch,Aves,Passeriformes
4343,6659,Fringilla maderensis,Madeira Chaffinch,Aves,Passeriformes
4344,6660,Fringilla montifringilla,Brambling,Aves,Passeriformes
4345,6661,Fringilla moreletti,Azores Chaffinch,Aves,Passeriformes
4346,6662,Fringilla polatzeki,Gran Canaria Blue Chaffinch,Aves,Passeriformes
4347,6663,Fringilla spodiogenys,African Chaffinch,Aves,Passeriformes
4348,6664,Fringilla teydea,Tenerife Blue Chaffinch,Aves,Passeriformes
4349,6671,Fulica alai,Hawaiian Coot,Aves,Gruiformes
4350,6672,Fulica americana,American Coot,Aves,Gruiformes
4351,6673,Fulica ardesiaca,Andean Coot,Aves,Gruiformes
4352,6674,Fulica armillata,Red-gartered Coot,Aves,Gruiformes
4353,6675,Fulica atra,Eurasian Coot,Aves,Gruiformes
4354,6676,Fulica cornuta,Horned Coot,Aves,Gruiformes
4355,6677,Fulica cristata,Red-knobbed Coot,Aves,Gruiformes
4356,6678,Fulica gigantea,Giant Coot,Aves,Gruiformes
4357,6679,Fulica leucoptera,White-winged Coot,Aves,Gruiformes
4358,6680,Fulica rufifrons,Red-fronted Coot,Aves,Gruiformes
4359,6681,Fulmarus glacialis,Northern Fulmar,Aves,Procellariiformes
4360,6682,Fulmarus glacialoides,Southern Fulmar,Aves,Procellariiformes
4361,6683,Fulvetta cinereiceps,Grey-hooded Fulvetta,Aves,Passeriformes
4362,6684,Fulvetta danisi,Indochinese Fulvetta,Aves,Passeriformes
4363,6685,Fulvetta formosana,Taiwan Fulvetta,Aves,Passeriformes
4364,6686,Fulvetta ludlowi,Brown-throated Fulvetta,Aves,Passeriformes
4365,6687,Fulvetta manipurensis,Manipur Fulvetta,Aves,Passeriformes
4366,6688,Fulvetta ruficapilla,Spectacled Fulvetta,Aves,Passeriformes
4367,6689,Fulvetta striaticollis,Chinese Fulvetta,Aves,Passeriformes
4368,6690,Fulvetta vinipectus,White-browed Fulvetta,Aves,Passeriformes
4369,6694,Funambulus palmarum,Indian palm squirrel,Mammalia,Rodentia
4370,6695,Funambulus pennantii,Northern palm squirrel,Mammalia,Rodentia
4371,6696,Funambulus tristriatus,Jungle palm squirrel,Mammalia,Rodentia
4372,6698,Funisciurus pyrropus,fire-footed rope squirrel,Mammalia,Rodentia
4373,6700,Furnarius cinnamomeus,Pacific Hornero,Aves,Passeriformes
4374,6701,Furnarius leucopus,Pale-legged Hornero,Aves,Passeriformes
4375,6702,Furnarius cristatus,Crested Hornero,Aves,Passeriformes
4376,6703,Furnarius figulus,Band-tailed Hornero,Aves,Passeriformes
4377,6704,Furnarius longirostris,Caribbean Hornero,Aves,Passeriformes
4378,6705,Furnarius minor,Lesser Hornero,Aves,Passeriformes
4379,6706,Furnarius rufus,Rufous Hornero,Aves,Passeriformes
4380,6707,Furnarius torridus,Bay Hornero,Aves,Passeriformes
4381,6710,Gaeana maculata,Gaeana maculata,Insecta,Hemiptera
4382,6714,Galago demidoff,Demidoff's galago,Mammalia,Primates
4383,6717,Galago senegalensis,Senegal galago,Mammalia,Primates
4384,6721,Galanga labeculata,Galanga labeculata,Insecta,Hemiptera
4385,6722,Galbalcyrhynchus leucotis,White-eared Jacamar,Aves,Piciformes
4386,6723,Galbalcyrhynchus purusianus,Purus Jacamar,Aves,Piciformes
4387,6724,Galbula albirostris,Yellow-billed Jacamar,Aves,Piciformes
4388,6725,Galbula chalcothorax,Purplish Jacamar,Aves,Piciformes
4389,6726,Galbula cyanescens,Bluish-fronted Jacamar,Aves,Piciformes
4390,6727,Galbula cyanicollis,Blue-necked Jacamar,Aves,Piciformes
4391,6728,Galbula dea,Paradise Jacamar,Aves,Piciformes
4392,6729,Galbula galbula,Green-tailed Jacamar,Aves,Piciformes
4393,6730,Galbula leucogastra,Bronzy Jacamar,Aves,Piciformes
4394,6731,Galbula pastazae,Coppery-chested Jacamar,Aves,Piciformes
4395,6732,Galbula ruficauda,Rufous-tailed Jacamar,Aves,Piciformes
4396,6733,Galbula tombacea,White-chinned Jacamar,Aves,Piciformes
4397,6736,Galerida cristata,Crested Lark,Aves,Passeriformes
4398,6737,Galerida deva,Sykes's Lark,Aves,Passeriformes
4399,6738,Galerida macrorhyncha,Maghreb Lark,Aves,Passeriformes
4400,6739,Galerida magnirostris,Large-billed Lark,Aves,Passeriformes
4401,6740,Galerida malabarica,Malabar Lark,Aves,Passeriformes
4402,6741,Galerida modesta,Sun Lark,Aves,Passeriformes
4403,6742,Galerida theklae,Thekla's Lark,Aves,Passeriformes
4404,6746,Gallicolumba crinigera,Mindanao Bleeding-heart,Aves,Columbiformes
4405,6747,Gallicolumba keayi,Negros Bleeding-heart,Aves,Columbiformes
4406,6748,Gallicolumba luzonica,Luzon Bleeding-heart,Aves,Columbiformes
4407,6752,Gallicrex cinerea,Watercock,Aves,Gruiformes
4408,6753,Gallinago andina,Puna Snipe,Aves,Charadriiformes
4409,6754,Gallinago delicata,Wilson's Snipe,Aves,Charadriiformes
4410,6755,Gallinago gallinago,Common Snipe,Aves,Charadriiformes
4411,6756,Gallinago hardwickii,Latham's Snipe,Aves,Charadriiformes
4412,6757,Gallinago imperialis,Imperial Snipe,Aves,Charadriiformes
4413,6758,Gallinago jamesoni,Jameson's Snipe,Aves,Charadriiformes
4414,6759,Gallinago macrodactyla,Madagascar Snipe,Aves,Charadriiformes
4415,6760,Gallinago magellanica,Magellanic Snipe,Aves,Charadriiformes
4416,6761,Gallinago media,Great Snipe,Aves,Charadriiformes
4417,6762,Gallinago megala,Swinhoe's Snipe,Aves,Charadriiformes
4418,6763,Gallinago nemoricola,Wood Snipe,Aves,Charadriiformes
4419,6764,Gallinago nigripennis,African Snipe,Aves,Charadriiformes
4420,6765,Gallinago nobilis,Noble Snipe,Aves,Charadriiformes
4421,6766,Gallinago paraguaiae,Pantanal Snipe,Aves,Charadriiformes
4422,6767,Gallinago solitaria,Solitary Snipe,Aves,Charadriiformes
4423,6768,Gallinago stenura,Pin-tailed Snipe,Aves,Charadriiformes
4424,6769,Gallinago stricklandii,Fuegian Snipe,Aves,Charadriiformes
4425,6770,Gallinago undulata,Giant Snipe,Aves,Charadriiformes
4426,6771,Paragallinula angulata,Lesser Moorhen,Aves,Gruiformes
4427,6772,Gallinula chloropus,Common Moorhen,Aves,Gruiformes
4428,6773,Gallinula galeata,Common Gallinule,Aves,Gruiformes
4429,6775,Porphyriops melanops,Spot-flanked Gallinule,Aves,Gruiformes
4430,6776,Tribonyx mortierii,Tasmanian Nativehen,Aves,Gruiformes
4431,6777,Gallinula tenebrosa,Dusky Moorhen,Aves,Gruiformes
4432,6778,Tribonyx ventralis,Black-tailed Nativehen,Aves,Gruiformes
4433,6779,Gallirallus australis,Weka,Aves,Gruiformes
4434,6780,Gallirallus calayanensis,Calayan Rail,Aves,Gruiformes
4435,6781,Gallirallus castaneoventris,Chestnut Rail,Aves,Gruiformes
4436,6784,Gallirallus okinawae,Okinawa Rail,Aves,Gruiformes
4437,6787,Gallirallus philippensis,Buff-banded Rail,Aves,Gruiformes
4438,6790,Lewinia striata,Slaty-breasted Rail,Aves,Gruiformes
4439,6791,Gallirallus sylvestris,Lord Howe Woodhen,Aves,Gruiformes
4440,6793,Gallirallus torquatus,Barred Rail,Aves,Gruiformes
4441,6795,Gallirallus wallacii,Invisible Rail,Aves,Gruiformes
4442,6796,Gallirallus woodfordi,Woodford's Rail,Aves,Gruiformes
4443,6797,Gallirex johnstoni,Rwenzori Turaco,Aves,Musophagiformes
4444,6798,Gallirex porphyreolophus,Purple-crested Turaco,Aves,Musophagiformes
4445,6800,Galloperdix bicalcarata,Sri Lanka Spurfowl,Aves,Galliformes
4446,6801,Galloperdix lunulata,Painted Spurfowl,Aves,Galliformes
4447,6802,Galloperdix spadicea,Red Spurfowl,Aves,Galliformes
4448,6804,Gallus gallus,Red Junglefowl,Aves,Galliformes
4449,6806,Gallus lafayettii,Sri Lanka Junglefowl,Aves,Galliformes
4450,6808,Gallus sonneratii,Grey Junglefowl,Aves,Galliformes
4451,6809,Gallus varius,Green Junglefowl,Aves,Galliformes
4452,6810,Gampsocleis abbreviata,Gampsocleis abbreviata,Insecta,Orthoptera
4453,6811,Gampsocleis buergeri,Gampsocleis buergeri,Insecta,Orthoptera
4454,6812,Gampsocleis glabra,Gampsocleis glabra,Insecta,Orthoptera
4455,6814,Gampsocleis schelkovnikovae,Gampsocleis schelkovnikovae,Insecta,Orthoptera
4456,6815,Gampsocleis sedakovii,Gampsocleis sedakovii,Insecta,Orthoptera
4457,6816,Gampsocleis ussuriensis,Gampsocleis ussuriensis,Insecta,Orthoptera
4458,6817,Gampsonyx swainsonii,Pearl Kite,Aves,Accipitriformes
4459,6818,Gampsorhynchus rufulus,White-hooded Babbler,Aves,Passeriformes
4460,6819,Gampsorhynchus torquatus,Collared Babbler,Aves,Passeriformes
4461,6822,Garritornis isidorei,Papuan Babbler,Aves,Passeriformes
4462,6823,Pterorhinus albogularis,White-throated Laughingthrush,Aves,Passeriformes
4463,6825,Garrulax annamensis,Orange-breasted Laughingthrush,Aves,Passeriformes
4464,6826,Pterorhinus berthemyi,Buffy Laughingthrush,Aves,Passeriformes
4465,6829,Pterorhinus caerulatus,Grey-sided Laughingthrush,Aves,Passeriformes
4466,6831,Garrulax canorus,Chinese Hwamei,Aves,Passeriformes
4467,6832,Garrulax castanotis,Rufous-cheeked Laughingthrush,Aves,Passeriformes
4468,6833,Pterorhinus chinensis,Black-throated Laughingthrush,Aves,Passeriformes
4469,6834,Ianthocincla cineracea,Moustached Laughingthrush,Aves,Passeriformes
4470,6835,Pterorhinus courtoisi,Blue-crowned Laughingthrush,Aves,Passeriformes
4471,6836,Pterorhinus davidi,Plain Laughingthrush,Aves,Passeriformes
4472,6837,Pterorhinus delesserti,Wayanad Laughingthrush,Aves,Passeriformes
4473,6839,Pterorhinus galbanus,Yellow-throated Laughingthrush,Aves,Passeriformes
4474,6841,Pterorhinus gularis,Rufous-vented Laughingthrush,Aves,Passeriformes
4475,6843,Garrulax leucolophus,White-crested Laughingthrush,Aves,Passeriformes
4476,6844,Garrulax maesi,Grey Laughingthrush,Aves,Passeriformes
4477,6845,Ianthocincla maxima,Giant Laughingthrush,Aves,Passeriformes
4478,6846,Garrulax merulinus,Spot-breasted Laughingthrush,Aves,Passeriformes
4479,6847,Garrulax milleti,Black-hooded Laughingthrush,Aves,Passeriformes
4480,6848,Pterorhinus mitratus,Chestnut-capped Laughingthrush,Aves,Passeriformes
4481,6849,Garrulax monileger,Lesser Necklaced Laughingthrush,Aves,Passeriformes
4482,6850,Pterorhinus nuchalis,Chestnut-backed Laughingthrush,Aves,Passeriformes
4483,6851,Ianthocincla ocellata,Spotted Laughingthrush,Aves,Passeriformes
4484,6853,Garrulax palliatus,Sunda Laughingthrush,Aves,Passeriformes
4485,6854,Pterorhinus pectoralis,Greater Necklaced Laughingthrush,Aves,Passeriformes
4486,6856,Pterorhinus perspicillatus,Masked Laughingthrush,Aves,Passeriformes
4487,6857,Pterorhinus poecilorhynchus,Rusty Laughingthrush,Aves,Passeriformes
4488,6858,Pterorhinus ruficeps,Rufous-crowned Laughingthrush,Aves,Passeriformes
4489,6859,Pterorhinus ruficollis,Rufous-necked Laughingthrush,Aves,Passeriformes
4490,6860,Garrulax rufifrons,Rufous-fronted Laughingthrush,Aves,Passeriformes
4491,6861,Ianthocincla rufogularis,Rufous-chinned Laughingthrush,Aves,Passeriformes
4492,6864,Garrulax strepitans,White-necked Laughingthrush,Aves,Passeriformes
4493,6865,Grammatoptila striata,Striated Laughingthrush,Aves,Passeriformes
4494,6866,Ianthocincla sukatschewi,Snowy-cheeked Laughingthrush,Aves,Passeriformes
4495,6867,Garrulax taewanus,Taiwan Hwamei,Aves,Passeriformes
4496,6868,Pterorhinus treacheri,Chestnut-hooded Laughingthrush,Aves,Passeriformes
4497,6869,Pterorhinus vassali,White-cheeked Laughingthrush,Aves,Passeriformes
4498,6870,Garrulus glandarius,Eurasian Jay,Aves,Passeriformes
4499,6871,Garrulus lanceolatus,Black-headed Jay,Aves,Passeriformes
4500,6872,Garrulus lidthi,Lidth's Jay,Aves,Passeriformes
4501,6875,Gastrophryne carolinensis,Eastern Narrow-mouthed Toad,Amphibia,Anura
4502,6877,Gastrophryne olivacea,Great Plains Narrow-mouthed Toad,Amphibia,Anura
4503,6878,Gastrophryne,Gastrophryne,Amphibia,Anura
4504,6894,Gastrotheca riobambae,Gastrotheca riobambae,Amphibia,Anura
4505,6897,Gastrotheca,Gastrotheca,Amphibia,Anura
4506,6900,Gavia adamsii,Yellow-billed Loon,Aves,Gaviiformes
4507,6901,Gavia arctica,Black-throated Loon,Aves,Gaviiformes
4508,6902,Gavia immer,Common Loon,Aves,Gaviiformes
4509,6903,Gavia pacifica,Pacific Loon,Aves,Gaviiformes
4510,6904,Gavia stellata,Red-throated Loon,Aves,Gaviiformes
4511,6905,Gavicalis fasciogularis,Mangrove Honeyeater,Aves,Passeriformes
4512,6906,Gavicalis versicolor,Varied Honeyeater,Aves,Passeriformes
4513,6907,Gavicalis virescens,Singing Honeyeater,Aves,Passeriformes
4514,6908,Gecinulus grantia,Pale-headed Woodpecker,Aves,Piciformes
4515,6909,Gecinulus viridis,Bamboo Woodpecker,Aves,Piciformes
4516,6913,Gekko gecko,Tokay Gecko,Reptilia,Squamata
4517,6917,Gekko,Gekko,Reptilia,Squamata
4518,6918,Gelidea torrida,Gelidea torrida,Insecta,Hemiptera
4519,6919,Gelochelidon macrotarsa,Australian Tern,Aves,Charadriiformes
4520,6920,Gelochelidon nilotica,Gull-billed Tern,Aves,Charadriiformes
4521,6925,Geobiastes squamiger,Scaly Ground Roller,Aves,Coraciiformes
4522,6926,Geocerthia serrana,Striated Earthcreeper,Aves,Passeriformes
4523,6927,Geococcyx californianus,Greater Roadrunner,Aves,Cuculiformes
4524,6928,Geococcyx velox,Lesser Roadrunner,Aves,Cuculiformes
4525,6929,Geocolaptes olivaceus,Ground Woodpecker,Aves,Piciformes
4526,6930,Geocrinia laevis,Geocrinia laevis,Amphibia,Anura
4527,6931,Geocrinia leai,Geocrinia leai,Amphibia,Anura
4528,6932,Geocrinia sparsiflora,Geocrinia sparsiflora,Amphibia,Anura
4529,6933,Geocrinia victoriana,Geocrinia victoriana,Amphibia,Anura
4530,6934,Geoffroyus geoffroyi,Red-cheeked Parrot,Aves,Psittaciformes
4531,6935,Geoffroyus heteroclitus,Song Parrot,Aves,Psittaciformes
4532,6936,Geoffroyus simplex,Blue-collared Parrot,Aves,Psittaciformes
4533,6938,Geokichla cinerea,Ashy Thrush,Aves,Passeriformes
4534,6939,Geokichla citrina,Orange-headed Thrush,Aves,Passeriformes
4535,6940,Geokichla crossleyi,Crossley's Ground Thrush,Aves,Passeriformes
4536,6941,Geokichla dohertyi,Chestnut-backed Thrush,Aves,Passeriformes
4537,6943,Geokichla erythronota,Red-backed Thrush,Aves,Passeriformes
4538,6944,Geokichla gurneyi,Orange Ground Thrush,Aves,Passeriformes
4539,6946,Geokichla guttata,Spotted Ground Thrush,Aves,Passeriformes
4540,6947,Geokichla interpres,Chestnut-capped Thrush,Aves,Passeriformes
4541,6952,Geokichla peronii,Orange-sided Thrush,Aves,Passeriformes
4542,6953,Geokichla piaggiae,Abyssinian Ground Thrush,Aves,Passeriformes
4543,6956,Geokichla sibirica,Siberian Thrush,Aves,Passeriformes
4544,6957,Geokichla spiloptera,Spot-winged Thrush,Aves,Passeriformes
4545,6958,Geokichla wardii,Pied Thrush,Aves,Passeriformes
4546,6959,Geopelia cuneata,Diamond Dove,Aves,Columbiformes
4547,6960,Geopelia humeralis,Bar-shouldered Dove,Aves,Columbiformes
4548,6961,Geopelia maugeus,Barred Dove,Aves,Columbiformes
4549,6962,Geopelia placida,Peaceful Dove,Aves,Columbiformes
4550,6963,Geopelia striata,Zebra Dove,Aves,Columbiformes
4551,6964,Geophaps plumifera,Spinifex Pigeon,Aves,Columbiformes
4552,6965,Geophaps scripta,Squatter Pigeon,Aves,Columbiformes
4553,6967,Geositta antarctica,Short-billed Miner,Aves,Passeriformes
4554,6968,Geositta crassirostris,Thick-billed Miner,Aves,Passeriformes
4555,6969,Geositta cunicularia,Common Miner,Aves,Passeriformes
4556,6970,Geositta isabellina,Creamy-rumped Miner,Aves,Passeriformes
4557,6971,Geositta maritima,Greyish Miner,Aves,Passeriformes
4558,6972,Geositta peruviana,Coastal Miner,Aves,Passeriformes
4559,6973,Geositta poeciloptera,Campo Miner,Aves,Passeriformes
4560,6974,Geositta punensis,Puna Miner,Aves,Passeriformes
4561,6975,Geositta rufipennis,Rufous-banded Miner,Aves,Passeriformes
4562,6976,Geositta saxicolina,Dark-winged Miner,Aves,Passeriformes
4563,6977,Geositta tenuirostris,Slender-billed Miner,Aves,Passeriformes
4564,6979,Geospiza conirostris,Espanola Cactus Finch,Aves,Passeriformes
4565,6980,Geospiza fortis,Medium Ground Finch,Aves,Passeriformes
4566,6981,Geospiza fuliginosa,Small Ground Finch,Aves,Passeriformes
4567,6982,Geospiza magnirostris,Large Ground Finch,Aves,Passeriformes
4568,6984,Geospiza scandens,Common Cactus Finch,Aves,Passeriformes
4569,6986,Geospizopsis plebejus,Ash-breasted Sierra Finch,Aves,Passeriformes
4570,6987,Geospizopsis unicolor,Plumbeous Sierra Finch,Aves,Passeriformes
4571,6988,Geothlypis aequinoctialis,Masked Yellowthroat,Aves,Passeriformes
4572,6989,Geothlypis auricularis,Black-lored Yellowthroat,Aves,Passeriformes
4573,6990,Geothlypis beldingi,Belding's Yellowthroat,Aves,Passeriformes
4574,6991,Geothlypis chiriquensis,Chiriqui Yellowthroat,Aves,Passeriformes
4575,6992,Geothlypis flavovelata,Altamira Yellowthroat,Aves,Passeriformes
4576,6993,Geothlypis formosa,Kentucky Warbler,Aves,Passeriformes
4577,6994,Geothlypis nelsoni,Hooded Yellowthroat,Aves,Passeriformes
4578,6995,Geothlypis philadelphia,Mourning Warbler,Aves,Passeriformes
4579,6996,Geothlypis poliocephala,Grey-crowned Yellowthroat,Aves,Passeriformes
4580,6997,Geothlypis rostrata,Bahama Yellowthroat,Aves,Passeriformes
4581,6998,Geothlypis semiflava,Olive-crowned Yellowthroat,Aves,Passeriformes
4582,6999,Geothlypis speciosa,Black-polled Yellowthroat,Aves,Passeriformes
4583,7000,Geothlypis tolmiei,MacGillivray's Warbler,Aves,Passeriformes
4584,7001,Geothlypis trichas,Common Yellowthroat,Aves,Passeriformes
4585,7002,Geothlypis velata,Southern Yellowthroat,Aves,Passeriformes
4586,7003,Geotrygon caniceps,Grey-fronted Quail-Dove,Aves,Columbiformes
4587,7004,Geotrygon chrysia,Key West Quail-Dove,Aves,Columbiformes
4588,7005,Geotrygon leucometopia,White-fronted Quail-Dove,Aves,Columbiformes
4589,7006,Geotrygon montana,Ruddy Quail-Dove,Aves,Columbiformes
4590,7007,Geotrygon mystacea,Bridled Quail-Dove,Aves,Columbiformes
4591,7008,Geotrygon purpurata,Purple Quail-Dove,Aves,Columbiformes
4592,7009,Geotrygon saphirina,Sapphire Quail-Dove,Aves,Columbiformes
4593,7010,Geotrygon versicolor,Crested Quail-Dove,Aves,Columbiformes
4594,7011,Geotrygon violacea,Violaceous Quail-Dove,Aves,Columbiformes
4595,7015,Gephyromantis,Gephyromantis,Amphibia,Anura
4596,7018,Geranoaetus melanoleucus,Black-chested Buzzard-Eagle,Aves,Accipitriformes
4597,7019,Geranospiza caerulescens,Crane Hawk,Aves,Accipitriformes
4598,7021,Geronticus eremita,Northern Bald Ibis,Aves,Pelecaniformes
4599,7023,Gerygone albofrontata,Chatham Islands Gerygone,Aves,Passeriformes
4600,7024,Gerygone chloronota,Green-backed Gerygone,Aves,Passeriformes
4601,7025,Gerygone chrysogaster,Yellow-bellied Gerygone,Aves,Passeriformes
4602,7028,Gerygone flavolateralis,Fan-tailed Gerygone,Aves,Passeriformes
4603,7029,Gerygone fusca,Western Gerygone,Aves,Passeriformes
4604,7031,Gerygone igata,Grey Gerygone,Aves,Passeriformes
4605,7032,Gerygone inornata,Plain Gerygone,Aves,Passeriformes
4606,7033,Gerygone levigaster,Mangrove Gerygone,Aves,Passeriformes
4607,7034,Gerygone magnirostris,Large-billed Gerygone,Aves,Passeriformes
4608,7035,Gerygone modesta,Norfolk Gerygone,Aves,Passeriformes
4609,7036,Gerygone mouki,Brown Gerygone,Aves,Passeriformes
4610,7037,Gerygone olivacea,White-throated Gerygone,Aves,Passeriformes
4611,7038,Gerygone palpebrosa,Fairy Gerygone,Aves,Passeriformes
4612,7039,Gerygone ruficollis,Brown-breasted Gerygone,Aves,Passeriformes
4613,7040,Gerygone sulphurea,Golden-bellied Gerygone,Aves,Passeriformes
4614,7041,Gerygone tenebrosa,Dusky Gerygone,Aves,Passeriformes
4615,7044,Glandirana emeljanovi,Glandirana emeljanovi,Amphibia,Anura
4616,7048,Glareola isabella,Australian Pratincole,Aves,Charadriiformes
4617,7050,Glareola lactea,Small Pratincole,Aves,Charadriiformes
4618,7051,Glareola maldivarum,Oriental Pratincole,Aves,Charadriiformes
4619,7052,Glareola nordmanni,Black-winged Pratincole,Aves,Charadriiformes
4620,7053,Glareola nuchalis,Rock Pratincole,Aves,Charadriiformes
4621,7054,Glareola ocularis,Madagascar Pratincole,Aves,Charadriiformes
4622,7055,Glareola pratincola,Collared Pratincole,Aves,Charadriiformes
4623,7057,Glaucidium bolivianum,Yungas Pygmy Owl,Aves,Strigiformes
4624,7058,Glaucidium brasilianum,Ferruginous Pygmy Owl,Aves,Strigiformes
4625,7060,Taenioptynx brodiei,Collared Owlet,Aves,Strigiformes
4626,7061,Taenioptynx sylvaticus,Sunda Owlet,Aves,Strigiformes
4627,7062,Glaucidium californicum,Northern Pygmy Owl,Aves,Strigiformes
4628,7063,Glaucidium capense,African Barred Owlet,Aves,Strigiformes
4629,7064,Glaucidium castanopterum,Javan Owlet,Aves,Strigiformes
4630,7065,Glaucidium castanotum,Chestnut-backed Owlet,Aves,Strigiformes
4631,7066,Glaucidium cobanense,Guatemalan Pygmy Owl,Aves,Strigiformes
4632,7067,Glaucidium costaricanum,Costa Rican Pygmy Owl,Aves,Strigiformes
4633,7068,Glaucidium cuculoides,Asian Barred Owlet,Aves,Strigiformes
4634,7069,Glaucidium gnoma,Mountain Pygmy Owl,Aves,Strigiformes
4635,7070,Glaucidium griseiceps,Central American Pygmy Owl,Aves,Strigiformes
4636,7071,Glaucidium hardyi,Amazonian Pygmy Owl,Aves,Strigiformes
4637,7072,Glaucidium hoskinsii,Baja Pygmy Owl,Aves,Strigiformes
4638,7073,Glaucidium jardinii,Andean Pygmy Owl,Aves,Strigiformes
4639,7074,Glaucidium minutissimum,East Brazilian Pygmy Owl,Aves,Strigiformes
4640,7076,Glaucidium nana,Austral Pygmy Owl,Aves,Strigiformes
4641,7077,Glaucidium nubicola,Cloud-forest Pygmy Owl,Aves,Strigiformes
4642,7078,Glaucidium palmarum,Colima Pygmy Owl,Aves,Strigiformes
4643,7079,Glaucidium parkeri,Subtropical Pygmy Owl,Aves,Strigiformes
4644,7080,Glaucidium passerinum,Eurasian Pygmy Owl,Aves,Strigiformes
4645,7081,Glaucidium perlatum,Pearl-spotted Owlet,Aves,Strigiformes
4646,7082,Glaucidium peruanum,Pacific Pygmy Owl,Aves,Strigiformes
4647,7083,Glaucidium radiatum,Jungle Owlet,Aves,Strigiformes
4648,7084,Glaucidium sanchezi,Tamaulipas Pygmy Owl,Aves,Strigiformes
4649,7085,Glaucidium siju,Cuban Pygmy Owl,Aves,Strigiformes
4650,7086,Glaucidium sjostedti,Sjöstedt's Barred Owlet,Aves,Strigiformes
4651,7087,Glaucidium tephronotum,Red-chested Owlet,Aves,Strigiformes
4652,7088,Glaucis aeneus,Bronzy Hermit,Aves,Apodiformes
4653,7089,Glaucis dohrnii,Hook-billed Hermit,Aves,Apodiformes
4654,7090,Glaucis hirsutus,Rufous-breasted Hermit,Aves,Apodiformes
4655,7091,Glaucomys sabrinus,northern flying squirrel,Mammalia,Rodentia
4656,7092,Glaucomys volans,southern flying squirrel,Mammalia,Rodentia
4657,7096,Gliciphila melanops,Tawny-crowned Honeyeater,Aves,Passeriformes
4658,7099,Gliciphila undulata,Barred Honeyeater,Aves,Passeriformes
4659,7101,Glis glis,European edible dormouse,Mammalia,Rodentia
4660,7102,Globicephala macrorhynchus,short-finned pilot whale,Mammalia,Cetacea
4661,7103,Globicephala melas,long-finned pilot whale,Mammalia,Cetacea
4662,7104,Globicephala,Globicephala,Mammalia,Cetacea
4663,7107,Glossopsitta concinna,Musk Lorikeet,Aves,Psittaciformes
4664,7108,Glossoptilus goldiei,Goldie's Lorikeet,Aves,Psittaciformes
4665,7110,Glycichaera fallax,Green-backed Honeyeater,Aves,Passeriformes
4666,7115,Glyphorynchus spirurus,Wedge-billed Woodcreeper,Aves,Passeriformes
4667,7117,Gnorimopsar chopi,Chopi Blackbird,Aves,Passeriformes
4668,7119,Goldmania violiceps,Violet-capped Hummingbird,Aves,Apodiformes
4669,7121,Gomphocerippus rufus,Gomphocerippus rufus,Insecta,Orthoptera
4670,7122,Gomphocerus sibiricus,Gomphocerus sibiricus,Insecta,Orthoptera
4671,7130,Gorilla gorilla,gorilla,Mammalia,Primates
4672,7131,Gorsachius goisagi,Japanese Night Heron,Aves,Pelecaniformes
4673,7133,Gorsachius melanolophus,Malayan Night Heron,Aves,Pelecaniformes
4674,7139,Gracula indica,Southern Hill Myna,Aves,Passeriformes
4675,7140,Gracula ptilogenys,Sri Lanka Hill Myna,Aves,Passeriformes
4676,7141,Gracula religiosa,Common Hill Myna,Aves,Passeriformes
4677,7144,Gracupica contra,Indian Pied Myna,Aves,Passeriformes
4678,7145,Gracupica floweri,Siamese Pied Myna,Aves,Passeriformes
4679,7146,Gracupica nigricollis,Black-collared Starling,Aves,Passeriformes
4680,7148,Grallaria albigula,White-throated Antpitta,Aves,Passeriformes
4681,7149,Grallaria alleni,Moustached Antpitta,Aves,Passeriformes
4682,7150,Grallaria alticola,Boyaca Antpitta,Aves,Passeriformes
4683,7151,Grallaria alvarezi,Chami Antpitta,Aves,Passeriformes
4684,7152,Grallaria andicolus,Stripe-headed Antpitta,Aves,Passeriformes
4685,7153,Grallaria atuensis,Atuen Antpitta,Aves,Passeriformes
4686,7154,Grallaria ayacuchensis,Ayacucho Antpitta,Aves,Passeriformes
4687,7155,Grallaria bangsi,Santa Marta Antpitta,Aves,Passeriformes
4688,7156,Grallaria blakei,Chestnut Antpitta,Aves,Passeriformes
4689,7157,Grallaria cajamarcae,Cajamarca Antpitta,Aves,Passeriformes
4690,7158,Grallaria occabambae,Urubamba Antpitta,Aves,Passeriformes
4691,7159,Grallaria rufula,Muisca Antpitta,Aves,Passeriformes
4692,7160,Grallaria capitalis,Bay Antpitta,Aves,Passeriformes
4693,7161,Grallaria carrikeri,Pale-billed Antpitta,Aves,Passeriformes
4694,7162,Grallaria centralis,Oxapampa Antpitta,Aves,Passeriformes
4695,7164,Grallaria cochabambae,Bolivian Antpitta,Aves,Passeriformes
4696,7165,Grallaria dignissima,Ochre-striped Antpitta,Aves,Passeriformes
4697,7166,Grallaria eludens,Elusive Antpitta,Aves,Passeriformes
4698,7167,Grallaria erythroleuca,Red-and-white Antpitta,Aves,Passeriformes
4699,7168,Grallaria erythrotis,Rufous-faced Antpitta,Aves,Passeriformes
4700,7169,Grallaria excelsa,Great Antpitta,Aves,Passeriformes
4701,7170,Grallaria urraoensis,Urrao Antpitta,Aves,Passeriformes
4702,7171,Grallaria flavotincta,Yellow-breasted Antpitta,Aves,Passeriformes
4703,7172,Grallaria gigantea,Giant Antpitta,Aves,Passeriformes
4704,7173,Grallaria gravesi,Chachapoyas Antpitta,Aves,Passeriformes
4705,7174,Grallaria griseonucha,Grey-naped Antpitta,Aves,Passeriformes
4706,7175,Grallaria guatimalensis,Scaled Antpitta,Aves,Passeriformes
4707,7176,Grallaria haplonota,Plain-backed Antpitta,Aves,Passeriformes
4708,7177,Grallaria hypoleuca,White-bellied Antpitta,Aves,Passeriformes
4709,7178,Grallaria kaestneri,Cundinamarca Antpitta,Aves,Passeriformes
4710,7179,Grallaria milleri,Brown-banded Antpitta,Aves,Passeriformes
4711,7180,Grallaria nuchalis,Chestnut-naped Antpitta,Aves,Passeriformes
4712,7181,Grallaria obscura,Junin Antpitta,Aves,Passeriformes
4713,7182,Grallaria oneilli,Panao Antpitta,Aves,Passeriformes
4714,7183,Grallaria przewalskii,Rusty-tinged Antpitta,Aves,Passeriformes
4715,7184,Grallaria quitensis,Tawny Antpitta,Aves,Passeriformes
4716,7185,Grallaria ridgelyi,Jocotoco Antpitta,Aves,Passeriformes
4717,7186,Grallaria ruficapilla,Chestnut-crowned Antpitta,Aves,Passeriformes
4718,7187,Grallaria rufocinerea,Bicolored Antpitta,Aves,Passeriformes
4719,7188,Grallaria saltuensis,Perija Antpitta,Aves,Passeriformes
4720,7189,Grallaria saturata,Equatorial Antpitta,Aves,Passeriformes
4721,7190,Grallaria sinaensis,Puno Antpitta,Aves,Passeriformes
4722,7191,Grallaria spatiator,Sierra Nevada Antpitta,Aves,Passeriformes
4723,7192,Grallaria squamigera,Undulated Antpitta,Aves,Passeriformes
4724,7193,Grallaria varia,Variegated Antpitta,Aves,Passeriformes
4725,7194,Grallaria watkinsi,Watkins's Antpitta,Aves,Passeriformes
4726,7195,Grallaricula cucullata,Hooded Antpitta,Aves,Passeriformes
4727,7196,Grallaricula cumanensis,Sucre Antpitta,Aves,Passeriformes
4728,7197,Grallaricula ferrugineipectus,Rusty-breasted Antpitta,Aves,Passeriformes
4729,7198,Grallaricula flavirostris,Ochre-breasted Antpitta,Aves,Passeriformes
4730,7199,Grallaricula leymebambae,Rufous-breasted Antpitta,Aves,Passeriformes
4731,7200,Grallaricula lineifrons,Crescent-faced Antpitta,Aves,Passeriformes
4732,7201,Grallaricula loricata,Scallop-breasted Antpitta,Aves,Passeriformes
4733,7202,Grallaricula nana,Slaty-crowned Antpitta,Aves,Passeriformes
4734,7203,Grallaricula ochraceifrons,Ochre-fronted Antpitta,Aves,Passeriformes
4735,7204,Grallaricula peruviana,Peruvian Antpitta,Aves,Passeriformes
4736,7205,Grallina bruijnii,Torrent-lark,Aves,Passeriformes
4737,7206,Grallina cyanoleuca,Magpie-lark,Aves,Passeriformes
4738,7207,Graminicola bengalensis,Indian Grassbird,Aves,Passeriformes
4739,7208,Graminicola striatus,Chinese Grassbird,Aves,Passeriformes
4740,7210,Grampus griseus,grampus,Mammalia,Cetacea
4741,7211,Granatellus pelzelni,Rose-breasted Chat,Aves,Passeriformes
4742,7212,Granatellus sallaei,Grey-throated Chat,Aves,Passeriformes
4743,7213,Granatellus venustus,Red-breasted Chat,Aves,Passeriformes
4744,7214,Granatina granatina,Violet-eared Waxbill,Aves,Passeriformes
4745,7216,Granatina ianthinogaster,Purple Grenadier,Aves,Passeriformes
4746,7217,Grandala coelicolor,Grandala,Aves,Passeriformes
4747,7218,Grantiella picta,Painted Honeyeater,Aves,Passeriformes
4748,7221,Graptopsaltria nigrofuscata,Graptopsaltria nigrofuscata,Insecta,Hemiptera
4749,7223,Graueria vittata,Grauer's Warbler,Aves,Passeriformes
4750,7224,Graydidascalus brachyurus,Short-tailed Parrot,Aves,Psittaciformes
4751,7225,Grus americana,Whooping Crane,Aves,Gruiformes
4752,7226,Grus grus,Common Crane,Aves,Gruiformes
4753,7227,Grus japonensis,Red-crowned Crane,Aves,Gruiformes
4754,7228,Leucogeranus leucogeranus,Siberian Crane,Aves,Gruiformes
4755,7230,Grus monacha,Hooded Crane,Aves,Gruiformes
4756,7231,Grus nigricollis,Black-necked Crane,Aves,Gruiformes
4757,7236,Gryllodes sigillatus,Gryllodes sigillatus,Insecta,Orthoptera
4758,7238,Gryllodinus kerkennensis,Gryllodinus kerkennensis,Insecta,Orthoptera
4759,7241,Gryllotalpa africana,Gryllotalpa africana,Insecta,Orthoptera
4760,7243,Gryllotalpa gryllotalpa,Gryllotalpa gryllotalpa,Insecta,Orthoptera
4761,7248,Gryllotalpa orientalis,Gryllotalpa orientalis,Insecta,Orthoptera
4762,7252,Gryllotalpa vineae,Gryllotalpa vineae,Insecta,Orthoptera
4763,7254,Gryllotalpidae,Mole Crickets,Insecta,Orthoptera
4764,7256,Gryllus assimilis,Gryllus assimilis,Insecta,Orthoptera
4765,7258,Gryllus bimaculatus,Gryllus bimaculatus,Insecta,Orthoptera
4766,7259,Gryllus campestris,Field Cricket,Insecta,Orthoptera
4767,7263,Gryllus firmus,Gryllus firmus,Insecta,Orthoptera
4768,7264,Gryllus fultoni,southern wood cricket ,Insecta,Orthoptera
4769,7270,Gryllus lineaticeps,Gryllus lineaticeps,Insecta,Orthoptera
4770,7272,Gryllus multipulsator,Gryllus multipulsator,Insecta,Orthoptera
4771,7275,Gryllus pennsylvanicus,fall field cricket,Insecta,Orthoptera
4772,7278,Gryllus rubens,southeastern field cricket,Insecta,Orthoptera
4773,7279,Gryllus saxatilis,Gryllus saxatilis,Insecta,Orthoptera
4774,7282,Gryllus texensis,Texas field cricket ,Insecta,Orthoptera
4775,7284,Gryllus veletis,spring field cricket ,Insecta,Orthoptera
4776,7287,Gryllus vocalis,Gryllus vocalis,Insecta,Orthoptera
4777,7290,Guaruba guarouba,Golden Parakeet,Aves,Psittaciformes
4778,7291,Gubernatrix cristata,Yellow Cardinal,Aves,Passeriformes
4779,7292,Gubernetes yetapa,Streamer-tailed Tyrant,Aves,Passeriformes
4780,7293,Guira guira,Guira Cuckoo,Aves,Cuculiformes
4781,7295,Gulosus aristotelis,European Shag,Aves,Suliformes
4782,7297,Guttera edouardi,Southern Crested Guineafowl,Aves,Galliformes
4783,7298,Guttera pucherani,Eastern Crested Guineafowl,Aves,Galliformes
4784,7299,Guttera verreauxi,Western Crested Guineafowl,Aves,Galliformes
4785,7300,Guttera plumifera,Plumed Guineafowl,Aves,Galliformes
4786,7303,Guyalna cuta,Guyalna cuta,Insecta,Hemiptera
4787,7306,Guyramemua affine,Chapada Flycatcher,Aves,Passeriformes
4788,7307,Synallaxis hellmayri,Red-shouldered Spinetail,Aves,Passeriformes
4789,7308,Gygis alba,White Tern,Aves,Charadriiformes
4790,7309,Gymnasio nudipes,Puerto Rican Owl,Aves,Strigiformes
4791,7310,Gymnobucco bonapartei,Grey-throated Barbet,Aves,Piciformes
4792,7311,Gymnobucco calvus,Naked-faced Barbet,Aves,Piciformes
4793,7312,Gymnobucco peli,Bristle-nosed Barbet,Aves,Piciformes
4794,7313,Gymnocichla nudiceps,Bare-crowned Antbird,Aves,Passeriformes
4795,7321,Gymnomystax mexicanus,Oriole Blackbird,Aves,Passeriformes
4796,7322,Gymnomyza aubryana,Crow Honeyeater,Aves,Passeriformes
4797,7323,Gymnomyza brunneirostris,Duetting Giant Honeyeater,Aves,Passeriformes
4798,7324,Gymnomyza samoensis,Mao,Aves,Passeriformes
4799,7325,Gymnomyza viridis,Yellow-billed Giant Honeyeater,Aves,Passeriformes
4800,7329,Gymnopithys bicolor,Bicolored Antbird,Aves,Passeriformes
4801,7330,Gymnopithys leucaspis,White-cheeked Antbird,Aves,Passeriformes
4802,7331,Oneillornis lunulatus,Lunulated Antbird,Aves,Passeriformes
4803,7332,Gymnopithys rufigula,Rufous-throated Antbird,Aves,Passeriformes
4804,7333,Oneillornis salvini,White-throated Antbird,Aves,Passeriformes
4805,7334,Gymnorhina tibicen,Australian Magpie,Aves,Passeriformes
4806,7335,Gymnorhinus cyanocephalus,Pinyon Jay,Aves,Passeriformes
4807,7336,Gymnoris dentata,Sahel Bush Sparrow,Aves,Passeriformes
4808,7337,Gymnoris pyrgita,Yellow-spotted Bush Sparrow,Aves,Passeriformes
4809,7338,Gymnoris superciliaris,Yellow-throated Bush Sparrow,Aves,Passeriformes
4810,7339,Gymnoris xanthocollis,Yellow-throated Sparrow,Aves,Passeriformes
4811,7342,Gymnotympana varicolor,Gymnotympana varicolor,Insecta,Hemiptera
4812,7343,Gypaetus barbatus,Bearded Vulture,Aves,Accipitriformes
4813,7344,Gypohierax angolensis,Palm-nut Vulture,Aves,Accipitriformes
4814,7345,Gyps africanus,White-backed Vulture,Aves,Accipitriformes
4815,7346,Gyps bengalensis,White-rumped Vulture,Aves,Accipitriformes
4816,7348,Gyps fulvus,Griffon Vulture,Aves,Accipitriformes
4817,7349,Gyps himalayensis,Himalayan Vulture,Aves,Accipitriformes
4818,7351,Gyps rueppelli,Rüppell's Vulture,Aves,Accipitriformes
4819,7354,Gypsophila annamensis,Annam Limestone Babbler,Aves,Passeriformes
4820,7355,Gypsophila calcicola,Rufous Limestone Babbler,Aves,Passeriformes
4821,7356,Gypsophila crispifrons,Variable Limestone Babbler,Aves,Passeriformes
4822,7357,Gypsophila brevicaudata,Streaked Wren-Babbler,Aves,Passeriformes
4823,7358,Gypsophila crassa,Mountain Wren-Babbler,Aves,Passeriformes
4824,7359,Gypsophila rufipectus,Rusty-breasted Wren-Babbler,Aves,Passeriformes
4825,7361,Driophlox atrimaxillaris,Black-cheeked Ant Tanager,Aves,Passeriformes
4826,7362,Driophlox cristata,Crested Ant Tanager,Aves,Passeriformes
4827,7363,Driophlox fuscicauda,Red-throated Ant Tanager,Aves,Passeriformes
4828,7364,Driophlox gutturalis,Sooty Ant Tanager,Aves,Passeriformes
4829,7365,Habia rubica,Red-crowned Ant Tanager,Aves,Passeriformes
4830,7373,Hadoa duryi,Hadoa duryi,Insecta,Hemiptera
4831,7374,Hadoa inaudita,Hadoa inaudita,Insecta,Hemiptera
4832,7377,Hadoa texana,Hadoa texana,Insecta,Hemiptera
4833,7380,Haematoderus militaris,Crimson Fruitcrow,Aves,Passeriformes
4834,7381,Haematopus ater,Blackish Oystercatcher,Aves,Charadriiformes
4835,7382,Haematopus bachmani,Black Oystercatcher,Aves,Charadriiformes
4836,7384,Haematopus finschi,South Island Oystercatcher,Aves,Charadriiformes
4837,7385,Haematopus fuliginosus,Sooty Oystercatcher,Aves,Charadriiformes
4838,7386,Haematopus leucopodus,Magellanic Oystercatcher,Aves,Charadriiformes
4839,7387,Haematopus longirostris,Pied Oystercatcher,Aves,Charadriiformes
4840,7388,Haematopus moquini,African Oystercatcher,Aves,Charadriiformes
4841,7389,Haematopus ostralegus,Eurasian Oystercatcher,Aves,Charadriiformes
4842,7390,Haematopus palliatus,American Oystercatcher,Aves,Charadriiformes
4843,7391,Haematopus unicolor,Variable Oystercatcher,Aves,Charadriiformes
4844,7392,Haematortyx sanguiniceps,Crimson-headed Partridge,Aves,Galliformes
4845,7393,Haemopsalta aktites,Haemopsalta aktites,Insecta,Hemiptera
4846,7395,Haemopsalta rubea,Haemopsalta rubea,Insecta,Hemiptera
4847,7396,Haemorhous cassinii,Cassin's Finch,Aves,Passeriformes
4848,7397,Haemorhous mexicanus,House Finch,Aves,Passeriformes
4849,7398,Haemorhous purpureus,Purple Finch,Aves,Passeriformes
4850,7406,Haemulon sciurus,Blue striped grunt,Actinopterygii,Perciformes
4851,7408,Hafferia fortis,Sooty Antbird,Aves,Passeriformes
4852,7409,Hafferia immaculata,Blue-lored Antbird,Aves,Passeriformes
4853,7410,Hafferia zeledoni,Zeledon's Antbird,Aves,Passeriformes
4854,7411,Halcyon albiventris,Brown-hooded Kingfisher,Aves,Coraciiformes
4855,7412,Halcyon badia,Chocolate-backed Kingfisher,Aves,Coraciiformes
4856,7413,Halcyon chelicuti,Striped Kingfisher,Aves,Coraciiformes
4857,7414,Halcyon coromanda,Ruddy Kingfisher,Aves,Coraciiformes
4858,7415,Halcyon cyanoventris,Javan Kingfisher,Aves,Coraciiformes
4859,7416,Halcyon gularis,Brown-breasted Kingfisher,Aves,Coraciiformes
4860,7417,Halcyon leucocephala,Grey-headed Kingfisher,Aves,Coraciiformes
4861,7418,Halcyon malimbica,Blue-breasted Kingfisher,Aves,Coraciiformes
4862,7419,Halcyon pileata,Black-capped Kingfisher,Aves,Coraciiformes
4863,7420,Halcyon senegalensis,Woodland Kingfisher,Aves,Coraciiformes
4864,7421,Halcyon senegaloides,Mangrove Kingfisher,Aves,Coraciiformes
4865,7422,Halcyon smyrnensis,White-throated Kingfisher,Aves,Coraciiformes
4866,7423,Haliaeetus albicilla,White-tailed Eagle,Aves,Accipitriformes
4867,7424,Haliaeetus humilis,Haliaeetus humilis,Aves,Accipitriformes
4868,7425,Haliaeetus ichthyaetus,Haliaeetus ichthyaetus,Aves,Accipitriformes
4869,7426,Haliaeetus leucocephalus,Bald Eagle,Aves,Accipitriformes
4870,7427,Icthyophaga leucogaster,White-bellied Sea Eagle,Aves,Accipitriformes
4871,7429,Haliaeetus leucoryphus,Pallas's Fish Eagle,Aves,Accipitriformes
4872,7430,Haliaeetus pelagicus,Steller's Sea Eagle,Aves,Accipitriformes
4873,7433,Icthyophaga vocifer,African Fish Eagle,Aves,Accipitriformes
4874,7435,Icthyophaga vociferoides,Madagascar Fish Eagle,Aves,Accipitriformes
4875,7436,Haliastur indus,Brahminy Kite,Aves,Accipitriformes
4876,7437,Haliastur sphenurus,Whistling Kite,Aves,Accipitriformes
4877,7439,Halichoerus grypus,Atlantic gray seal,Mammalia,Carnivora
4878,7440,Halobaena caerulea,Blue Petrel,Aves,Procellariiformes
4879,7445,Hamptophryne boliviana,Hamptophryne boliviana,Amphibia,Anura
4880,7447,Hapalemur griseus,bamboo lemur,Mammalia,Primates
4881,7449,Laterallus flaviventer,Yellow-breasted Crake,Aves,Gruiformes
4882,7451,Hapalopsittaca amazonina,Rusty-faced Parrot,Aves,Psittaciformes
4883,7452,Hapalopsittaca fuertesi,Fuertes's Parrot,Aves,Psittaciformes
4884,7453,Hapalopsittaca melanotis,Black-winged Parrot,Aves,Psittaciformes
4885,7454,Hapalopsittaca pyrrhops,Red-faced Parrot,Aves,Psittaciformes
4886,7455,Hapaloptila castanea,White-faced Nunbird,Aves,Piciformes
4887,7459,Hapithus agitator,Restless Bush Cricket,Insecta,Orthoptera
4888,7460,Orocharis gryllodes,Indies bush cricket ,Insecta,Orthoptera
4889,7461,Hapithus luteolira,Hapithus luteolira,Insecta,Orthoptera
4890,7462,Hapithus melodius,musical bush cricket,Insecta,Orthoptera
4891,7465,Hapithus saltator,Hapithus saltator,Insecta,Orthoptera
4892,7469,Orochelidon andecola,Andean Swallow,Aves,Passeriformes
4893,7470,Haplophaedia assimilis,Buff-thighed Puffleg,Aves,Apodiformes
4894,7471,Haplophaedia aureliae,Greenish Puffleg,Aves,Apodiformes
4895,7472,Haplophaedia lugens,Hoary Puffleg,Aves,Apodiformes
4896,7473,Haplospiza rustica,Slaty Finch,Aves,Passeriformes
4897,7475,Haplospiza unicolor,Uniform Finch,Aves,Passeriformes
4898,7477,Harpactes ardens,Philippine Trogon,Aves,Trogoniformes
4899,7478,Harpactes diardii,Diard's Trogon,Aves,Trogoniformes
4900,7479,Harpactes duvaucelii,Scarlet-rumped Trogon,Aves,Trogoniformes
4901,7480,Harpactes erythrocephalus,Red-headed Trogon,Aves,Trogoniformes
4902,7481,Harpactes fasciatus,Malabar Trogon,Aves,Trogoniformes
4903,7482,Harpactes kasumba,Red-naped Trogon,Aves,Trogoniformes
4904,7483,Harpactes oreskios,Orange-breasted Trogon,Aves,Trogoniformes
4905,7484,Harpactes orrhophaeus,Cinnamon-rumped Trogon,Aves,Trogoniformes
4906,7485,Harpactes wardi,Ward's Trogon,Aves,Trogoniformes
4907,7486,Harpactes whiteheadi,Whitehead's Trogon,Aves,Trogoniformes
4908,7487,Harpagus bidentatus,Double-toothed Kite,Aves,Accipitriformes
4909,7488,Harpagus diodon,Rufous-thighed Kite,Aves,Accipitriformes
4910,7489,Harpia harpyja,Harpy Eagle,Aves,Accipitriformes
4911,7490,Harpyopsis novaeguineae,Papuan Eagle,Aves,Accipitriformes
4912,7491,Hartertula flavoviridis,Wedge-tailed Jery,Aves,Passeriformes
4913,7492,Hartlaubius auratus,Madagascar Starling,Aves,Passeriformes
4914,7493,Hecatesia fenestrata,Hecatesia fenestrata,Insecta,Lepidoptera
4915,7494,Hedydipna collaris,Collared Sunbird,Aves,Passeriformes
4916,7495,Hedydipna metallica,Nile Valley Sunbird,Aves,Passeriformes
4917,7496,Hedydipna pallidigaster,Amani Sunbird,Aves,Passeriformes
4918,7497,Hedydipna platura,Pygmy Sunbird,Aves,Passeriformes
4919,7498,Heinrichia calligyna,Great Shortwing,Aves,Passeriformes
4920,7500,Heleia crassirostris,Thick-billed Heleia,Aves,Passeriformes
4921,7501,Heleia dohertyi,Crested White-eye,Aves,Passeriformes
4922,7503,Heleia javanica,Mees's White-eye,Aves,Passeriformes
4923,7504,Heleia muelleri,Spot-breasted Heleia,Aves,Passeriformes
4924,7506,Heleia squamiceps,Streak-headed White-eye,Aves,Passeriformes
4925,7507,Heleia squamifrons,Pygmy White-eye,Aves,Passeriformes
4926,7508,Heleia superciliaris,Cream-browed White-eye,Aves,Passeriformes
4927,7509,Heleia wallacei,Yellow-ringed White-eye,Aves,Passeriformes
4928,7511,Heleioporus australiacus,Heleioporus australiacus,Amphibia,Anura
4929,7512,Heleioporus eyrei,Heleioporus eyrei,Amphibia,Anura
4930,7517,Heleophryne orientalis,Heleophryne orientalis,Amphibia,Anura
4931,7518,Heliactin bilophus,Horned Sungem,Aves,Apodiformes
4932,7519,Heliangelus amethysticollis,Amethyst-throated Sunangel,Aves,Apodiformes
4933,7520,Heliangelus clarisse,Longuemare's Sunangel,Aves,Apodiformes
4934,7521,Heliangelus exortis,Tourmaline Sunangel,Aves,Apodiformes
4935,7522,Heliangelus mavors,Orange-throated Sunangel,Aves,Apodiformes
4936,7523,Heliangelus micraster,Flame-throated Sunangel,Aves,Apodiformes
4937,7524,Heliangelus regalis,Royal Sunangel,Aves,Apodiformes
4938,7525,Heliangelus spencei,Merida Sunangel,Aves,Apodiformes
4939,7526,Heliangelus strophianus,Gorgeted Sunangel,Aves,Apodiformes
4940,7527,Heliangelus viola,Purple-throated Sunangel,Aves,Apodiformes
4941,7529,Helicolestes hamatus,Slender-billed Kite,Aves,Accipitriformes
4942,7530,Heliobletus contaminatus,Sharp-billed Treehunter,Aves,Passeriformes
4943,7531,Heliobletus sp.nov.Lontras,Serra do Lontras Treehunter,Aves,Passeriformes
4944,7534,Heliodoxa aurescens,Gould's Jewelfront,Aves,Apodiformes
4945,7535,Heliodoxa branickii,Rufous-webbed Brilliant,Aves,Apodiformes
4946,7536,Heliodoxa gularis,Pink-throated Brilliant,Aves,Apodiformes
4947,7537,Heliodoxa imperatrix,Empress Brilliant,Aves,Apodiformes
4948,7538,Heliodoxa jacula,Green-crowned Brilliant,Aves,Apodiformes
4949,7539,Heliodoxa leadbeateri,Violet-fronted Brilliant,Aves,Apodiformes
4950,7540,Heliodoxa rubinoides,Fawn-breasted Brilliant,Aves,Apodiformes
4951,7541,Heliodoxa schreibersii,Black-throated Brilliant,Aves,Apodiformes
4952,7542,Heliodoxa xanthogonys,Velvet-browed Brilliant,Aves,Apodiformes
4953,7543,Prinia erythroptera,Red-winged Prinia,Aves,Passeriformes
4954,7544,Heliomaster constantii,Plain-capped Starthroat,Aves,Apodiformes
4955,7545,Heliomaster furcifer,Blue-tufted Starthroat,Aves,Apodiformes
4956,7546,Heliomaster longirostris,Long-billed Starthroat,Aves,Apodiformes
4957,7547,Heliomaster squamosus,Stripe-breasted Starthroat,Aves,Apodiformes
4958,7549,Heliornis fulica,Sungrebe,Aves,Gruiformes
4959,7553,Heliothraupis oneilli,Inti Tanager,Aves,Passeriformes
4960,7554,Heliothryx auritus,Black-eared Fairy,Aves,Apodiformes
4961,7555,Heliothryx barroti,Purple-crowned Fairy,Aves,Apodiformes
4962,7556,Hellmayrea gularis,White-browed Spinetail,Aves,Passeriformes
4963,7557,Helmitheros vermivorum,Worm-eating Warbler,Aves,Passeriformes
4964,7560,Helopsaltes amnicola,Sakhalin Grasshopper Warbler,Aves,Passeriformes
4965,7561,Helopsaltes certhiola,Pallas's Grasshopper Warbler,Aves,Passeriformes
4966,7563,Helopsaltes fasciolatus,Gray's Grasshopper Warbler,Aves,Passeriformes
4967,7564,Helopsaltes ochotensis,Middendorff's Grasshopper Warbler,Aves,Passeriformes
4968,7565,Helopsaltes pleskei,Styan's Grasshopper Warbler,Aves,Passeriformes
4969,7566,Helopsaltes pryeri,Marsh Grassbird,Aves,Passeriformes
4970,7569,Hemicircus canente,Heart-spotted Woodpecker,Aves,Piciformes
4971,7570,Hemicircus concretus,Grey-and-buff Woodpecker,Aves,Piciformes
4972,7571,Hemidactylus frenatus,Hemidactylus frenatus,Reptilia,Squamata
4973,7576,Hemignathus wilsoni,Akiapolaau,Aves,Passeriformes
4974,7577,Hemiphaga chathamensis,Chatham Islands Pigeon,Aves,Columbiformes
4975,7578,Hemiphaga novaeseelandiae,New Zealand Pigeon,Aves,Columbiformes
4976,7579,Hemiprocne comata,Whiskered Treeswift,Aves,Apodiformes
4977,7580,Hemiprocne coronata,Crested Treeswift,Aves,Apodiformes
4978,7581,Hemiprocne longipennis,Grey-rumped Treeswift,Aves,Apodiformes
4979,7582,Hemiprocne mystacea,Moustached Treeswift,Aves,Apodiformes
4980,7583,Hemipus hirundinaceus,Black-winged Flycatcher-shrike,Aves,Passeriformes
4981,7584,Hemipus picatus,Bar-winged Flycatcher-shrike,Aves,Passeriformes
4982,7585,Hemisciera maculipennis,Hemisciera maculipennis,Insecta,Hemiptera
4983,7586,Hemisus guttatus,Hemisus guttatus,Amphibia,Anura
4984,7588,Hemitesia neumanni,Neumann's Warbler,Aves,Passeriformes
4985,7590,Hemitesia pallidipes,Pale-footed Bush Warbler,Aves,Passeriformes
4986,7592,Hemithraupis flavicollis,Yellow-backed Tanager,Aves,Passeriformes
4987,7593,Hemithraupis guira,Guira Tanager,Aves,Passeriformes
4988,7594,Hemithraupis ruficapilla,Rufous-headed Tanager,Aves,Passeriformes
4989,7595,Hemitriccus cinnamomeipectus,Cinnamon-breasted Tody-Tyrant,Aves,Passeriformes
4990,7596,Hemitriccus cohnhafti,Acre Tody-Tyrant,Aves,Passeriformes
4991,7597,Hemitriccus diops,Drab-breasted Bamboo Tyrant,Aves,Passeriformes
4992,7598,Hemitriccus flammulatus,Flammulated Bamboo Tyrant,Aves,Passeriformes
4993,7599,Hemitriccus furcatus,Fork-tailed Tody-Tyrant,Aves,Passeriformes
4994,7600,Hemitriccus granadensis,Black-throated Tody-Tyrant,Aves,Passeriformes
4995,7601,Hemitriccus griseipectus,White-bellied Tody-Tyrant,Aves,Passeriformes
4996,7602,Hemitriccus inornatus,Pelzeln's Tody-Tyrant,Aves,Passeriformes
4997,7603,Hemitriccus iohannis,Johannes's Tody-Tyrant,Aves,Passeriformes
4998,7604,Hemitriccus josephinae,Boat-billed Tody-Tyrant,Aves,Passeriformes
4999,7605,Hemitriccus kaempferi,Kaempfer's Tody-Tyrant,Aves,Passeriformes
5000,7606,Hemitriccus margaritaceiventer,Pearly-vented Tody-Tyrant,Aves,Passeriformes
5001,7607,Hemitriccus minimus,Zimmer's Tody-Tyrant,Aves,Passeriformes
5002,7608,Hemitriccus minor,Snethlage's Tody-Tyrant,Aves,Passeriformes
5003,7609,Hemitriccus mirandae,Buff-breasted Tody-Tyrant,Aves,Passeriformes
5004,7610,Hemitriccus nidipendulus,Hangnest Tody-Tyrant,Aves,Passeriformes
5005,7611,Hemitriccus obsoletus,Brown-breasted Bamboo Tyrant,Aves,Passeriformes
5006,7612,Hemitriccus orbitatus,Eye-ringed Tody-Tyrant,Aves,Passeriformes
5007,7613,Hemitriccus rufigularis,Buff-throated Tody-Tyrant,Aves,Passeriformes
5008,7614,Hemitriccus spodiops,Yungas Tody-Tyrant,Aves,Passeriformes
5009,7615,Hemitriccus striaticollis,Stripe-necked Tody-Tyrant,Aves,Passeriformes
5010,7616,Hemitriccus zosterops,White-eyed Tody-Tyrant,Aves,Passeriformes
5011,7617,Hemixos castanonotus,Chestnut Bulbul,Aves,Passeriformes
5012,7618,Hemixos cinereus,Cinereous Bulbul,Aves,Passeriformes
5013,7619,Hemixos flavala,Ashy Bulbul,Aves,Passeriformes
5014,7621,Henicophaps albifrons,New Guinea Bronzewing,Aves,Columbiformes
5015,7622,Henicopsaltria eydouxii,Razor Grinder,Insecta,Hemiptera
5016,7624,Henicorhina anachoreta,Hermit Wood Wren,Aves,Passeriformes
5017,7625,Henicorhina leucophrys,Grey-breasted Wood Wren,Aves,Passeriformes
5018,7626,Henicorhina leucoptera,Bar-winged Wood Wren,Aves,Passeriformes
5019,7627,Henicorhina leucosticta,White-breasted Wood Wren,Aves,Passeriformes
5020,7628,Henicorhina negreti,Munchique Wood Wren,Aves,Passeriformes
5021,7637,Urva urva,Crab-eating mongoose,Mammalia,Carnivora
5022,7638,Herpetotheres cachinnans,Laughing Falcon,Aves,Falconiformes
5023,7639,Herpsilochmus atricapillus,Black-capped Antwren,Aves,Passeriformes
5024,7640,Herpsilochmus axillaris,Yellow-breasted Antwren,Aves,Passeriformes
5025,7641,Herpsilochmus dorsimaculatus,Spot-backed Antwren,Aves,Passeriformes
5026,7642,Herpsilochmus dugandi,Dugand's Antwren,Aves,Passeriformes
5027,7643,Herpsilochmus frater,Rusty-winged Antwren,Aves,Passeriformes
5028,7644,Herpsilochmus gentryi,Ancient Antwren,Aves,Passeriformes
5029,7645,Herpsilochmus longirostris,Large-billed Antwren,Aves,Passeriformes
5030,7646,Herpsilochmus motacilloides,Creamy-bellied Antwren,Aves,Passeriformes
5031,7647,Herpsilochmus parkeri,Ash-throated Antwren,Aves,Passeriformes
5032,7648,Herpsilochmus pectoralis,Pectoral Antwren,Aves,Passeriformes
5033,7649,Herpsilochmus pileatus,Bahia Antwren,Aves,Passeriformes
5034,7650,Herpsilochmus praedictus,Predicted Antwren,Aves,Passeriformes
5035,7651,Herpsilochmus roraimae,Roraiman Antwren,Aves,Passeriformes
5036,7652,Herpsilochmus rufimarginatus,Rufous-margined Antwren,Aves,Passeriformes
5037,7653,Radinopsyche sellowi,Caatinga Antwren,Aves,Passeriformes
5038,7656,Herpsilochmus stictocephalus,Todd's Antwren,Aves,Passeriformes
5039,7657,Herpsilochmus sticturus,Spot-tailed Antwren,Aves,Passeriformes
5040,7658,Herpsilochmus stotzi,Aripuana Antwren,Aves,Passeriformes
5041,7659,Hesperoburhinus bistriatus,Double-striped Thick-knee,Aves,Charadriiformes
5042,7660,Hesperoburhinus superciliaris,Peruvian Thick-knee,Aves,Charadriiformes
5043,7662,Heterocercus aurantiivertex,Orange-crested Manakin,Aves,Passeriformes
5044,7663,Heterocercus flavivertex,Yellow-crested Manakin,Aves,Passeriformes
5045,7664,Heterocercus linteatus,Flame-crested Manakin,Aves,Passeriformes
5046,7667,Heteromirafra archeri,Archer's Lark,Aves,Passeriformes
5047,7668,Heteromirafra ruddi,Rudd's Lark,Aves,Passeriformes
5048,7670,Heteromyias albispecularis,Ashy Robin,Aves,Passeriformes
5049,7671,Heteromyias armiti,Black-capped Robin,Aves,Passeriformes
5050,7672,Heteromyias cinereifrons,Grey-headed Robin,Aves,Passeriformes
5051,7675,Leioptila annectens,Rufous-backed Sibia,Aves,Passeriformes
5052,7676,Heterophasia auricularis,White-eared Sibia,Aves,Passeriformes
5053,7677,Heterophasia capistrata,Rufous Sibia,Aves,Passeriformes
5054,7678,Heterophasia desgodinsi,Black-headed Sibia,Aves,Passeriformes
5055,7679,Heterophasia gracilis,Grey Sibia,Aves,Passeriformes
5056,7680,Heterophasia melanoleuca,Dark-backed Sibia,Aves,Passeriformes
5057,7681,Heterophasia picaoides,Long-tailed Sibia,Aves,Passeriformes
5058,7682,Heterophasia pulchella,Beautiful Sibia,Aves,Passeriformes
5059,7686,Heterospingus rubrifrons,Sulphur-rumped Tanager,Aves,Passeriformes
5060,7687,Heterospingus xanthopygius,Scarlet-browed Tanager,Aves,Passeriformes
5061,7688,Heterotetrax rueppelii,Rüppell's Korhaan,Aves,Otidiformes
5062,7689,Heteroxenicus stellatus,Gould's Shortwing,Aves,Passeriformes
5063,7690,Heteroxolmis dominicana,Black-and-white Monjita,Aves,Passeriformes
5064,7696,Hexacentrus mundurra,Hexacentrus mundurra,Insecta,Orthoptera
5065,7702,Hieraaetus morphnoides,Little Eagle,Aves,Accipitriformes
5066,7703,Hieraaetus pennatus,Booted Eagle,Aves,Accipitriformes
5067,7704,Hieraaetus wahlbergi,Wahlberg's Eagle,Aves,Accipitriformes
5068,7708,Hilaphura varipes,Hilaphura varipes,Insecta,Hemiptera
5069,7710,Himantopus himantopus,Black-winged Stilt,Aves,Charadriiformes
5070,7711,Himantopus leucocephalus,Pied Stilt,Aves,Charadriiformes
5071,7712,Himantopus melanurus,White-backed Stilt,Aves,Charadriiformes
5072,7713,Himantopus mexicanus,Black-necked Stilt,Aves,Charadriiformes
5073,7714,Himantopus novaezelandiae,Black Stilt,Aves,Charadriiformes
5074,7715,Himantornis haematopus,Nkulengu Rail,Aves,Gruiformes
5075,7716,Himatione sanguinea,Apapane,Aves,Passeriformes
5076,7717,Hippolais icterina,Icterine Warbler,Aves,Passeriformes
5077,7718,Hippolais languida,Upcher's Warbler,Aves,Passeriformes
5078,7719,Hippolais olivetorum,Olive-tree Warbler,Aves,Passeriformes
5079,7720,Hippolais polyglotta,Melodious Warbler,Aves,Passeriformes
5080,7721,Hippopotamus amphibius,Common Hippopotamus,Mammalia,Artiodactyla
5081,7722,Hipposideros armiger,Great roundleaf bat,Mammalia,Chiroptera
5082,7726,Hirundapus caudacutus,White-throated Needletail,Aves,Apodiformes
5083,7729,Hirundapus giganteus,Brown-backed Needletail,Aves,Apodiformes
5084,7730,Hirundinea ferruginea,Cliff Flycatcher,Aves,Passeriformes
5085,7731,Hirundo aethiopica,Ethiopian Swallow,Aves,Passeriformes
5086,7732,Hirundo albigularis,White-throated Swallow,Aves,Passeriformes
5087,7733,Hirundo angolensis,Angola Swallow,Aves,Passeriformes
5088,7734,Hirundo atrocaerulea,Blue Swallow,Aves,Passeriformes
5089,7735,Hirundo dimidiata,Pearl-breasted Swallow,Aves,Passeriformes
5090,7736,Hirundo domicola,Hill Swallow,Aves,Passeriformes
5091,7737,Hirundo javanica,Pacific Swallow,Aves,Passeriformes
5092,7739,Hirundo lucida,Red-chested Swallow,Aves,Passeriformes
5093,7741,Hirundo neoxena,Welcome Swallow,Aves,Passeriformes
5094,7744,Hirundo rustica,Barn Swallow,Aves,Passeriformes
5095,7745,Hirundo smithii,Wire-tailed Swallow,Aves,Passeriformes
5096,7746,Hirundo tahitica,Tahiti Swallow,Aves,Passeriformes
5097,7754,Histrionicus histrionicus,Harlequin Duck,Aves,Anseriformes
5098,7756,Histurgops ruficauda,Rufous-tailed Weaver,Aves,Passeriformes
5099,7757,Luscinia phaenicuroides,White-bellied Redstart,Aves,Passeriformes
5100,7761,Holocentrus adscensionis,Common squirrelfish,Actinopterygii,Beryciformes
5101,7767,Homo sapiens,human,Mammalia,Primates
5102,7772,Hoplobatrachus rugulosus,Hoplobatrachus rugulosus,Amphibia,Anura
5103,7776,Hoplobatrachus tigerinus,Hoplobatrachus tigerinus,Amphibia,Anura
5104,7778,Hoplosphyrum boreale,long-winged scaly cricket,Insecta,Orthoptera
5105,7781,Hoploxypterus cayanus,Pied Plover,Aves,Charadriiformes
5106,7784,Horizocerus albocristatus,Western Long-tailed Hornbill,Aves,Bucerotiformes
5107,7785,Horizocerus cassini,Eastern Long-tailed Hornbill,Aves,Bucerotiformes
5108,7788,Horizocerus hartlaubi,Western Dwarf Hornbill,Aves,Bucerotiformes
5109,7789,Sylvia dohrni,Dohrn's Warbler,Aves,Passeriformes
5110,7790,Horornis annae,Palau Bush Warbler,Aves,Passeriformes
5111,7791,Horornis brunnescens,Hume's Bush Warbler,Aves,Passeriformes
5112,7792,Horornis canturians,Manchurian Bush Warbler,Aves,Passeriformes
5113,7793,Horornis diphone,Japanese Bush Warbler,Aves,Passeriformes
5114,7794,Horornis carolinae,Tanimbar Bush Warbler,Aves,Passeriformes
5115,7795,Horornis flavolivaceus,Aberrant Bush Warbler,Aves,Passeriformes
5116,7796,Horornis fortipes,Brown-flanked Bush Warbler,Aves,Passeriformes
5117,7797,Horornis haddeni,Bougainville Bush Warbler,Aves,Passeriformes
5118,7798,Horornis parens,Shade Bush Warbler,Aves,Passeriformes
5119,7799,Horornis ruficapilla,Fiji Bush Warbler,Aves,Passeriformes
5120,7800,Horornis seebohmi,Philippine Bush Warbler,Aves,Passeriformes
5121,7801,Horornis vulcanius,Horornis vulcanius,Aves,Passeriformes
5122,7802,Houbaropsis bengalensis,Bengal Florican,Aves,Otidiformes
5123,7803,Hubbellia marginifera,pine katydid,Insecta,Orthoptera
5124,7811,Hyalessa maculaticollis,Hyalessa maculaticollis,Insecta,Hemiptera
5125,7818,Hyalinobatrachium colymbiphyllum,Hyalinobatrachium colymbiphyllum,Amphibia,Anura
5126,7820,Hyalinobatrachium fleischmanni,Hyalinobatrachium fleischmanni,Amphibia,Anura
5127,7821,Hyalinobatrachium kawense,Hyalinobatrachium kawense,Amphibia,Anura
5128,7826,Hyalinobatrachium tatayoi,Hyalinobatrachium tatayoi,Amphibia,Anura
5129,7828,Hyalinobatrachium valerioi,Hyalinobatrachium valerioi,Amphibia,Anura
5130,7833,Hydrobates castro,Band-rumped Storm Petrel,Aves,Procellariiformes
5131,7835,Hydrobates furcatus,Fork-tailed Storm Petrel,Aves,Procellariiformes
5132,7836,Hydrobates homochroa,Ashy Storm Petrel,Aves,Procellariiformes
5133,7837,Hydrobates hornbyi,Ringed Storm Petrel,Aves,Procellariiformes
5134,7841,Hydrobates leucorhous,Leach's Storm Petrel,Aves,Procellariiformes
5135,7842,Hydrobates markhami,Markham's Storm Petrel,Aves,Procellariiformes
5136,7843,Hydrobates melania,Black Storm Petrel,Aves,Procellariiformes
5137,7845,Hydrobates monorhis,Swinhoe's Storm Petrel,Aves,Procellariiformes
5138,7847,Hydrobates pelagicus,European Storm Petrel,Aves,Procellariiformes
5139,7849,Hydrobates tristrami,Tristram's Storm Petrel,Aves,Procellariiformes
5140,7850,Hydrochoeris hydrochaeris,Capybara,Mammalia,Rodentia
5141,7851,Hydrochoerus hydrochaeris,Hydrochoerus hydrochaeris,Mammalia,Rodentia
5142,7854,Hydrocoloeus minutus,Little Gull,Aves,Charadriiformes
5143,7856,Hydrophasianus chirurgus,Pheasant-tailed Jacana,Aves,Charadriiformes
5144,7858,Hydropotes inermis,Water deer,Mammalia,Artiodactyla
5145,7859,Hydroprogne caspia,Caspian Tern,Aves,Charadriiformes
5146,7860,Hydropsalis cayennensis,White-tailed Nightjar,Aves,Caprimulgiformes
5147,7861,Hydropsalis climacocerca,Ladder-tailed Nightjar,Aves,Caprimulgiformes
5148,7862,Hydropsalis maculicaudus,Spot-tailed Nightjar,Aves,Caprimulgiformes
5149,7863,Hydropsalis torquata,Scissor-tailed Nightjar,Aves,Caprimulgiformes
5150,7864,Hydrornis baudii,Blue-headed Pitta,Aves,Passeriformes
5151,7865,Hydrornis caeruleus,Giant Pitta,Aves,Passeriformes
5152,7866,Hydrornis cyaneus,Blue Pitta,Aves,Passeriformes
5153,7868,Hydrornis elliotii,Bar-bellied Pitta,Aves,Passeriformes
5154,7869,Hydrornis guajanus,Javan Banded Pitta,Aves,Passeriformes
5155,7871,Hydrornis irena,Malayan Banded Pitta,Aves,Passeriformes
5156,7872,Hydrornis nipalensis,Blue-naped Pitta,Aves,Passeriformes
5157,7873,Hydrornis oatesi,Rusty-naped Pitta,Aves,Passeriformes
5158,7874,Hydrornis schneideri,Schneider's Pitta,Aves,Passeriformes
5159,7875,Hydrornis schwaneri,Bornean Banded Pitta,Aves,Passeriformes
5160,7876,Hydrornis soror,Blue-rumped Pitta,Aves,Passeriformes
5161,7877,Hydrurga leptonyx,Leopard seal,Mammalia,Carnivora
5162,7879,Hygrolycosa rubrofasciata,Hygrolycosa rubrofasciata,Arachnida,Araneae
5163,7880,Hygronemobius alleni,Allen's Ground Cricket,Insecta,Orthoptera
5164,7881,Hyla arborea,Hyla arborea,Amphibia,Anura
5165,7883,Hyla chinensis,Hyla chinensis,Amphibia,Anura
5166,7884,Hyla femoralis,Hyla femoralis,Amphibia,Anura
5167,7886,Hyla intermedia,Hyla intermedia,Amphibia,Anura
5168,7887,Hyla meridionalis,Hyla meridionalis,Amphibia,Anura
5169,7888,Hyla molleri,Hyla molleri,Amphibia,Anura
5170,7889,Hyla orientalis,Hyla orientalis,Amphibia,Anura
5171,7890,Hyla sarda,Hyla sarda,Amphibia,Anura
5172,7891,Hyla savignyi,Hyla savignyi,Amphibia,Anura
5173,7892,Hyla,Hyla,Amphibia,Anura
5174,7893,Hylambates maculatus,Hylambates maculatus,Amphibia,Anura
5175,7894,Hylarana attigua,Hylarana attigua,Amphibia,Anura
5176,7895,Pulchrana baramica,Pulchrana baramica,Amphibia,Anura
5177,7898,Papurana daemeli,Papurana daemeli,Amphibia,Anura
5178,7900,Hylarana erythraea,Hylarana erythraea,Amphibia,Anura
5179,7901,Pulchrana glandulosa,Pulchrana glandulosa,Amphibia,Anura
5180,7903,Sylvirana guentheri,Sylvirana guentheri,Amphibia,Anura
5181,7905,Pulchrana laterimaculata,Pulchrana laterimaculata,Amphibia,Anura
5182,7907,Hylarana latouchii,Hylarana latouchii,Amphibia,Anura
5183,7911,Sylvirana nigrovittata,Sylvirana nigrovittata,Amphibia,Anura
5184,7917,Hylexetastes brigidai,Hylexetastes brigidai,Aves,Passeriformes
5185,7918,Hylexetastes perrotii,Red-billed Woodcreeper,Aves,Passeriformes
5186,7919,Hylexetastes uniformis,Uniform Woodcreeper,Aves,Passeriformes
5187,7920,Hylexetastes stresemanni,Bar-bellied Woodcreeper,Aves,Passeriformes
5188,7921,Hylia prasina,Green Hylia,Aves,Passeriformes
5189,7922,Hylidae,Tree Frogs and Allies,Amphibia,Anura
5190,7923,Hyliola regilla,Pacific Chorus Frog,Amphibia,Anura
5191,7925,Hyliota australis,Southern Hyliota,Aves,Passeriformes
5192,7926,Hyliota flavigaster,Yellow-bellied Hyliota,Aves,Passeriformes
5193,7929,Hylobates agilis,agile gibbon,Mammalia,Primates
5194,7931,Hylobates funereus,Eastern grey gibbon,Mammalia,Primates
5195,7932,Hylobates lar x pileatus,white-handed x pileated gibbon (hybrid),Mammalia,Primates
5196,7933,Hylobates pileatus,pileated gibbon,Mammalia,Primates
5197,7934,Hylobates lar,white-handed gibbon,Mammalia,Primates
5198,7935,Hylobates moloch,silvery gibbon,Mammalia,Primates
5199,7936,Hylobates muelleri,Borneo gibbon,Mammalia,Primates
5200,7938,Hylobatidae,Gibbons,Mammalia,Primates
5201,7939,Hylocharis chrysura,Gilded Sapphire,Aves,Apodiformes
5202,7940,Hylocharis sapphirina,Rufous-throated Sapphire,Aves,Apodiformes
5203,7942,Hylocichla mustelina,Wood Thrush,Aves,Passeriformes
5204,7944,Hylodes asper,Hylodes asper,Amphibia,Anura
5205,7948,Hylodes fredi,Hylodes fredi,Amphibia,Anura
5206,7953,Hylodes phyllodes,Hylodes phyllodes,Amphibia,Anura
5207,7957,Hylomanes momotula,Tody Motmot,Aves,Coraciiformes
5208,7960,Hylopezus auricularis,Masked Antpitta,Aves,Passeriformes
5209,7961,Myrmothera berlepschi,Amazonian Antpitta,Aves,Passeriformes
5210,7963,Myrmothera dives,Thicket Antpitta,Aves,Passeriformes
5211,7965,Myrmothera fulviventris,White-lored Antpitta,Aves,Passeriformes
5212,7967,Hylopezus macularius,Spotted Antpitta,Aves,Passeriformes
5213,7968,Hylopezus paraensis,Snethlage's Antpitta,Aves,Passeriformes
5214,7969,Hylopezus ochroleucus,White-browed Antpitta,Aves,Passeriformes
5215,7970,Hylopezus perspicillatus,Streak-chested Antpitta,Aves,Passeriformes
5216,7971,Hylopezus whittakeri,Alta Floresta Antpitta,Aves,Passeriformes
5217,7972,Hylophilus amaurocephalus,Grey-eyed Greenlet,Aves,Passeriformes
5218,7973,Pachysylvia aurantiifrons,Golden-fronted Greenlet,Aves,Passeriformes
5219,7974,Hylophilus brunneiceps,Brown-headed Greenlet,Aves,Passeriformes
5220,7975,Pachysylvia decurtata,Lesser Greenlet,Aves,Passeriformes
5221,7976,Hylophilus flavipes,Scrub Greenlet,Aves,Passeriformes
5222,7977,Pachysylvia hypoxantha,Dusky-capped Greenlet,Aves,Passeriformes
5223,7978,Pachysylvia muscicapina,Buff-cheeked Greenlet,Aves,Passeriformes
5224,7979,Tunchiornis ochraceiceps,Tawny-crowned Greenlet,Aves,Passeriformes
5225,7980,Hylophilus olivaceus,Olivaceous Greenlet,Aves,Passeriformes
5226,7981,Hylophilus pectoralis,Ashy-headed Greenlet,Aves,Passeriformes
5227,7982,Hylophilus poicilotis,Rufous-crowned Greenlet,Aves,Passeriformes
5228,7983,Vireo sclateri,Tepui Vireo,Aves,Passeriformes
5229,7984,Pachysylvia semibrunnea,Rufous-naped Greenlet,Aves,Passeriformes
5230,7985,Hylophilus semicinereus,Grey-chested Greenlet,Aves,Passeriformes
5231,7986,Hylophilus thoracicus,Lemon-chested Greenlet,Aves,Passeriformes
5232,7987,Hylophylax naevioides,Spotted Antbird,Aves,Passeriformes
5233,7988,Hylophylax naevius,Spot-backed Antbird,Aves,Passeriformes
5234,7989,Hylophylax punctulatus,Dot-backed Antbird,Aves,Passeriformes
5235,7990,Hylopsar cupreocauda,Copper-tailed Starling,Aves,Passeriformes
5236,7991,Hylopsar purpureiceps,Purple-headed Starling,Aves,Passeriformes
5237,7992,Hylorchilus navai,Nava's Wren,Aves,Passeriformes
5238,7993,Hylorchilus sumichrasti,Sumichrast's Wren,Aves,Passeriformes
5239,7994,Hylorina sylvatica,Hylorina sylvatica,Amphibia,Anura
5240,8002,Hyloscirtus phyllognathus,Hyloscirtus phyllognathus,Amphibia,Anura
5241,8019,Hymenolaimus malacorhynchos,Blue Duck,Aves,Anseriformes
5242,8020,Hymenops perspicillatus,Spectacled Tyrant,Aves,Passeriformes
5243,8022,Hypargos margaritatus,Pink-throated Twinspot,Aves,Passeriformes
5244,8023,Hypargos niveoguttatus,Red-throated Twinspot,Aves,Passeriformes
5245,8024,Hypergerus atriceps,Oriole Warbler,Aves,Passeriformes
5246,8032,Hyperolius drewesi,Hyperolius drewesi,Amphibia,Anura
5247,8035,Hyperolius horstockii,Hyperolius horstockii,Amphibia,Anura
5248,8039,Hyperolius kivuensis,Hyperolius kivuensis,Amphibia,Anura
5249,8040,Hyperolius marginatus,Hyperolius marginatus,Amphibia,Anura
5250,8041,Hyperolius marmoratus,Hyperolius marmoratus,Amphibia,Anura
5251,8045,Hyperolius molleri,Hyperolius molleri,Amphibia,Anura
5252,8050,Hyperolius parallelus,Hyperolius parallelus,Amphibia,Anura
5253,8053,Hyperolius pickersgilli,Hyperolius pickersgilli,Amphibia,Anura
5254,8057,Hyperolius pusillus,Hyperolius pusillus,Amphibia,Anura
5255,8058,Hyperolius quinquevittatus,Hyperolius quinquevittatus,Amphibia,Anura
5256,8061,Hyperolius semidiscus,Hyperolius semidiscus,Amphibia,Anura
5257,8065,Hyperolius substriatus,Hyperolius substriatus,Amphibia,Anura
5258,8068,Hyperolius tuberilinguis,Hyperolius tuberilinguis,Amphibia,Anura
5259,8073,Hypnelus bicinctus,Two-banded Puffbird,Aves,Piciformes
5260,8074,Hypnelus ruficollis,Russet-throated Puffbird,Aves,Piciformes
5261,8075,Hypocharmosyna placentis,Red-flanked Lorikeet,Aves,Psittaciformes
5262,8077,Hypocnemis cantator,Guianan Warbling Antbird,Aves,Passeriformes
5263,8078,Hypocnemis flavescens,Imeri Warbling Antbird,Aves,Passeriformes
5264,8079,Hypocnemis hypoxantha,Yellow-browed Antbird,Aves,Passeriformes
5265,8080,Hypocnemis ochrogyna,Rondonia Warbling Antbird,Aves,Passeriformes
5266,8081,Hypocnemis peruviana,Peruvian Warbling Antbird,Aves,Passeriformes
5267,8082,Hypocnemis rondoni,Manicore Warbling Antbird,Aves,Passeriformes
5268,8083,Hypocnemis striata,Spix's Warbling Antbird,Aves,Passeriformes
5269,8084,Hypocnemis subflava,Yellow-breasted Warbling Antbird,Aves,Passeriformes
5270,8085,Hypocnemoides maculicauda,Band-tailed Antbird,Aves,Passeriformes
5271,8086,Hypocnemoides melanopogon,Black-chinned Antbird,Aves,Passeriformes
5272,8087,Hypocolius ampelinus,Grey Hypocolius,Aves,Passeriformes
5273,8088,Hypocryptadius cinnamomeus,Cinnamon Ibon,Aves,Passeriformes
5274,8089,Hypoedaleus guttatus,Spot-backed Antshrike,Aves,Passeriformes
5275,8090,Kurochkinegramma hypogrammicum,Purple-naped Spiderhunter,Aves,Passeriformes
5276,8093,Hypopachus ustus,Sapo-boca angosta huasteco,Amphibia,Anura
5277,8094,Hypopachus variolosus,Northern Sheep Frog,Amphibia,Anura
5278,8097,Hypopyrrhus pyrohypogaster,Red-bellied Grackle,Aves,Passeriformes
5279,8098,Hypositta corallirostris,Nuthatch Vanga,Aves,Passeriformes
5280,8101,Hypothymis azurea,Black-naped Monarch,Aves,Passeriformes
5281,8102,Hypothymis puella,Pale-blue Monarch,Aves,Passeriformes
5282,8103,Hypothymis coelestis,Celestial Monarch,Aves,Passeriformes
5283,8104,Hypothymis helenae,Short-crested Monarch,Aves,Passeriformes
5284,8106,Hypsignathus monstrosus,hammer-headed fruit bat,Mammalia,Chiroptera
5285,8107,Hypsipetes affinis,Seram Golden Bulbul,Aves,Passeriformes
5286,8108,Hypsipetes amaurotis,Brown-eared Bulbul,Aves,Passeriformes
5287,8111,Hypsipetes harterti,Banggai Golden Bulbul,Aves,Passeriformes
5288,8112,Hypsipetes longirostris,Sula Golden Bulbul,Aves,Passeriformes
5289,8113,Hypsipetes lucasi,Obi Golden Bulbul,Aves,Passeriformes
5290,8115,Hypsipetes borbonicus,Reunion Bulbul,Aves,Passeriformes
5291,8116,Hypsipetes catarmanensis,Camiguin Bulbul,Aves,Passeriformes
5292,8117,Hypsipetes crassirostris,Seychelles Bulbul,Aves,Passeriformes
5293,8118,Hypsipetes everetti,Yellowish Bulbul,Aves,Passeriformes
5294,8119,Hypsipetes ganeesa,Square-tailed Bulbul,Aves,Passeriformes
5295,8120,Hypsipetes guimarasensis,Visayan Bulbul,Aves,Passeriformes
5296,8121,Hypsipetes leucocephalus,Black Bulbul,Aves,Passeriformes
5297,8122,Hypsipetes madagascariensis,Malagasy Bulbul,Aves,Passeriformes
5298,8123,Hypsipetes mindorensis,Mindoro Bulbul,Aves,Passeriformes
5299,8125,Hypsipetes mysticalis,Buru Golden Bulbul,Aves,Passeriformes
5300,8127,Hypsipetes olivaceus,Mauritius Bulbul,Aves,Passeriformes
5301,8129,Hypsipetes philippinus,Philippine Bulbul,Aves,Passeriformes
5302,8130,Hypsipetes rufigularis,Zamboanga Bulbul,Aves,Passeriformes
5303,8131,Hypsipetes siquijorensis,Streak-breasted Bulbul,Aves,Passeriformes
5304,8136,Ianthocincla lunulata,Barred Laughingthrush,Aves,Passeriformes
5305,8137,Ibidorhyncha struthersii,Ibisbill,Aves,Charadriiformes
5306,8138,Ibycter americanus,Red-throated Caracara,Aves,Falconiformes
5307,8140,Ichthyaetus audouinii,Audouin's Gull,Aves,Charadriiformes
5308,8141,Ichthyaetus hemprichii,Sooty Gull,Aves,Charadriiformes
5309,8142,Ichthyaetus ichthyaetus,Pallas's Gull,Aves,Charadriiformes
5310,8144,Ichthyaetus leucophthalmus,White-eyed Gull,Aves,Charadriiformes
5311,8145,Ichthyaetus melanocephalus,Mediterranean Gull,Aves,Charadriiformes
5312,8146,Ichthyaetus relictus,Relict Gull,Aves,Charadriiformes
5313,8150,Icteria virens,Yellow-breasted Chat,Aves,Passeriformes
5314,8151,Icterus abeillei,Black-backed Oriole,Aves,Passeriformes
5315,8152,Icterus auratus,Orange Oriole,Aves,Passeriformes
5316,8153,Icterus auricapillus,Orange-crowned Oriole,Aves,Passeriformes
5317,8154,Icterus bonana,Martinique Oriole,Aves,Passeriformes
5318,8155,Icterus bullockii,Bullock's Oriole,Aves,Passeriformes
5319,8156,Icterus cayanensis,Epaulet Oriole,Aves,Passeriformes
5320,8157,Icterus pyrrhopterus,Variable Oriole,Aves,Passeriformes
5321,8158,Icterus chrysater,Yellow-backed Oriole,Aves,Passeriformes
5322,8159,Icterus croconotus,Orange-backed Troupial,Aves,Passeriformes
5323,8160,Icterus icterus,Venezuelan Troupial,Aves,Passeriformes
5324,8161,Icterus jamacaii,Campo Troupial,Aves,Passeriformes
5325,8162,Icterus cucullatus,Hooded Oriole,Aves,Passeriformes
5326,8163,Icterus dominicensis,Hispaniolan Oriole,Aves,Passeriformes
5327,8164,Icterus melanopsis,Cuban Oriole,Aves,Passeriformes
5328,8166,Icterus galbula,Baltimore Oriole,Aves,Passeriformes
5329,8167,Icterus graceannae,White-edged Oriole,Aves,Passeriformes
5330,8168,Icterus graduacauda,Audubon's Oriole,Aves,Passeriformes
5331,8169,Icterus gularis,Altamira Oriole,Aves,Passeriformes
5332,8170,Icterus laudabilis,St. Lucia Oriole,Aves,Passeriformes
5333,8171,Icterus leucopteryx,Jamaican Oriole,Aves,Passeriformes
5334,8172,Icterus maculialatus,Bar-winged Oriole,Aves,Passeriformes
5335,8173,Icterus mesomelas,Yellow-tailed Oriole,Aves,Passeriformes
5336,8174,Icterus nigrogularis,Yellow Oriole,Aves,Passeriformes
5337,8175,Icterus northropi,Bahama Oriole,Aves,Passeriformes
5338,8177,Icterus parisorum,Scott's Oriole,Aves,Passeriformes
5339,8178,Icterus pectoralis,Spot-breasted Oriole,Aves,Passeriformes
5340,8179,Icterus portoricensis,Puerto Rican Oriole,Aves,Passeriformes
5341,8180,Icterus prosthemelas,Black-cowled Oriole,Aves,Passeriformes
5342,8181,Icterus pustulatus,Streak-backed Oriole,Aves,Passeriformes
5343,8182,Icterus spurius,Orchard Oriole,Aves,Passeriformes
5344,8183,Icterus wagleri,Black-vented Oriole,Aves,Passeriformes
5345,8184,Icthyophaga humilis,Lesser Fish Eagle,Aves,Accipitriformes
5346,8185,Icthyophaga ichthyaetus,Grey-headed Fish Eagle,Aves,Accipitriformes
5347,8186,Ictidomys tridecemlineatus,Thirteen-lined ground squirrel,Mammalia,Rodentia
5348,8187,Ictinaetus malaiensis,Black Eagle,Aves,Accipitriformes
5349,8189,Ictinia mississippiensis,Mississippi Kite,Aves,Accipitriformes
5350,8190,Ictinia plumbea,Plumbeous Kite,Aves,Accipitriformes
5351,8195,Idiopsar brachyurus,Boulder Finch,Aves,Passeriformes
5352,8196,Idiopsar dorsalis,Red-backed Sierra Finch,Aves,Passeriformes
5353,8197,Idiopsar erythronotus,White-throated Sierra Finch,Aves,Passeriformes
5354,8198,Idiopsar speculifer,Glacier Finch,Aves,Passeriformes
5355,8199,Idiostatus aequalis,uniform shieldback,Insecta,Orthoptera
5356,8206,Iduna caligata,Booted Warbler,Aves,Passeriformes
5357,8207,Iduna natalensis,African Yellow Warbler,Aves,Passeriformes
5358,8208,Iduna opaca,Western Olivaceous Warbler,Aves,Passeriformes
5359,8209,Iduna pallida,Eastern Olivaceous Warbler,Aves,Passeriformes
5360,8210,Iduna rama,Sykes's Warbler,Aves,Passeriformes
5361,8211,Iduna similis,Mountain Yellow Warbler,Aves,Passeriformes
5362,8212,Ifrita kowaldi,Blue-capped Ifrit,Aves,Passeriformes
5363,8217,Ilicura militaris,Pin-tailed Manakin,Aves,Passeriformes
5364,8218,Illadopsis albipectus,Scaly-breasted Illadopsis,Aves,Passeriformes
5365,8219,Illadopsis cleaveri,Blackcap Illadopsis,Aves,Passeriformes
5366,8220,Illadopsis distans,Tanzanian Illadopsis,Aves,Passeriformes
5367,8221,Illadopsis rufipennis,Pale-breasted Illadopsis,Aves,Passeriformes
5368,8222,Illadopsis fulvescens,Brown Illadopsis,Aves,Passeriformes
5369,8223,Illadopsis puveli,Puvel's Illadopsis,Aves,Passeriformes
5370,8224,Illadopsis pyrrhoptera,Mountain Illadopsis,Aves,Passeriformes
5371,8225,Illadopsis rufescens,Rufous-winged Illadopsis,Aves,Passeriformes
5372,8227,Illyria burkei,Illyria burkei,Insecta,Hemiptera
5373,8234,Incaspiza laeta,Buff-bridled Inca Finch,Aves,Passeriformes
5374,8235,Incaspiza ortizi,Grey-winged Inca Finch,Aves,Passeriformes
5375,8236,Incaspiza personata,Rufous-backed Inca Finch,Aves,Passeriformes
5376,8237,Incaspiza pulchra,Great Inca Finch,Aves,Passeriformes
5377,8238,Incaspiza watkinsi,Little Inca Finch,Aves,Passeriformes
5378,8239,Incertana decorata,Incertana decorata,Insecta,Orthoptera
5379,8242,Incilius alvarius,Colorado River Toad,Amphibia,Anura
5380,8244,Incilius coccifer,Incilius coccifer,Amphibia,Anura
5381,8248,Incilius marmoreus,Incilius marmoreus,Amphibia,Anura
5382,8249,Incilius mazatlanensis,Sapo sinaloense,Amphibia,Anura
5383,8251,Incilius nebulifer,Gulf Coast Toad,Amphibia,Anura
5384,8256,Incilius valliceps,Gulf Coast Toad,Amphibia,Anura
5385,8257,Indicator archipelagicus,Malaysian Honeyguide,Aves,Piciformes
5386,8258,Indicator conirostris,Indicator conirostris,Aves,Piciformes
5387,8259,Indicator exilis,Least Honeyguide,Aves,Piciformes
5388,8260,Indicator indicator,Greater Honeyguide,Aves,Piciformes
5389,8261,Indicator maculatus,Spotted Honeyguide,Aves,Piciformes
5390,8262,Indicator meliphilus,Pallid Honeyguide,Aves,Piciformes
5391,8263,Indicator minor,Lesser Honeyguide,Aves,Piciformes
5392,8264,Indicator pumilio,Dwarf Honeyguide,Aves,Piciformes
5393,8265,Indicator variegatus,Scaly-throated Honeyguide,Aves,Piciformes
5394,8266,Indicator willcocksi,Willcocks's Honeyguide,Aves,Piciformes
5395,8267,Indicator xanthonotus,Yellow-rumped Honeyguide,Aves,Piciformes
5396,8273,Indri indri,indri,Mammalia,Primates
5397,8274,Inezia caudata,Pale-tipped Inezia,Aves,Passeriformes
5398,8275,Inezia inornata,Plain Inezia,Aves,Passeriformes
5399,8276,Inezia subflava,Amazonian Inezia,Aves,Passeriformes
5400,8277,Inezia tenuirostris,Slender-billed Inezia,Aves,Passeriformes
5401,8283,Ingerophrynus quadriporcatus,Ingerophrynus quadriporcatus,Amphibia,Anura
5402,8292,Inscudderia strigata,guinea-cypress katydid,Insecta,Orthoptera
5403,8297,Iodopleura fusca,Dusky Purpletuft,Aves,Passeriformes
5404,8298,Iodopleura isabellae,White-browed Purpletuft,Aves,Passeriformes
5405,8299,Iodopleura pipra,Buff-throated Purpletuft,Aves,Passeriformes
5406,8300,Iole cacharensis,Cachar Bulbul,Aves,Passeriformes
5407,8301,Iole charlottae,Charlotte's Bulbul,Aves,Passeriformes
5408,8302,Iole crypta,Buff-vented Bulbul,Aves,Passeriformes
5409,8303,Iole palawanensis,Sulphur-bellied Bulbul,Aves,Passeriformes
5410,8304,Iole propinqua,Grey-eyed Bulbul,Aves,Passeriformes
5411,8305,Iole viridescens,Olive Bulbul,Aves,Passeriformes
5412,8306,Irania gutturalis,White-throated Robin,Aves,Passeriformes
5413,8307,Irediparra gallinacea,Comb-crested Jacana,Aves,Charadriiformes
5414,8308,Irena cyanogastra,Philippine Fairy-bluebird,Aves,Passeriformes
5415,8309,Irena puella,Asian Fairy-bluebird,Aves,Passeriformes
5416,8310,Irena tweeddalii,Palawan Fairy-bluebird,Aves,Passeriformes
5417,8311,Iridophanes pulcherrimus,Golden-collared Honeycreeper,Aves,Passeriformes
5418,8312,Iridosornis analis,Yellow-throated Tanager,Aves,Passeriformes
5419,8313,Iridosornis jelskii,Golden-collared Tanager,Aves,Passeriformes
5420,8314,Iridosornis porphyrocephalus,Purplish-mantled Tanager,Aves,Passeriformes
5421,8315,Iridosornis reinhardti,Yellow-scarfed Tanager,Aves,Passeriformes
5422,8316,Iridosornis rufivertex,Golden-crowned Tanager,Aves,Passeriformes
5423,8322,Ischnocnema guentheri,Ischnocnema guentheri,Amphibia,Anura
5424,8327,Ischnocnema parva,Ischnocnema parva,Amphibia,Anura
5425,8328,Ischnocnema randorum,Ischnocnema randorum,Amphibia,Anura
5426,8333,Isleria guttata,Rufous-bellied Antwren,Aves,Passeriformes
5427,8334,Isleria hauxwelli,Plain-throated Antwren,Aves,Passeriformes
5428,8351,Isophya modesta,Isophya modesta,Insecta,Orthoptera
5429,8352,Isophya modestior,Isophya modestior,Insecta,Orthoptera
5430,8353,Isophya obtusa,Isophya obtusa,Insecta,Orthoptera
5431,8360,Isophya rhodopensis,Isophya rhodopensis,Insecta,Orthoptera
5432,8368,Isophya stysi,Isophya stysi,Insecta,Orthoptera
5433,8371,Isophya tosevski,Isophya tosevski,Insecta,Orthoptera
5434,8376,Ispidina lecontei,African Dwarf Kingfisher,Aves,Coraciiformes
5435,8377,Ispidina picta,African Pygmy Kingfisher,Aves,Coraciiformes
5436,8385,Isthmohyla rivularis,Isthmohyla rivularis,Amphibia,Anura
5437,8393,Ithaginis cruentus,Blood Pheasant,Aves,Galliformes
5438,8394,Botaurus cinnamomeus,Cinnamon Bittern,Aves,Pelecaniformes
5439,8395,Botaurus dubius,Black-backed Bittern,Aves,Pelecaniformes
5440,8396,Botaurus eurhythmus,Von Schrenck's Bittern,Aves,Pelecaniformes
5441,8397,Botaurus exilis,Least Bittern,Aves,Pelecaniformes
5442,8398,Botaurus involucris,Stripe-backed Bittern,Aves,Pelecaniformes
5443,8399,Botaurus minutus,Little Bittern,Aves,Pelecaniformes
5444,8400,Botaurus sinensis,Yellow Bittern,Aves,Pelecaniformes
5445,8401,Botaurus sturmii,Dwarf Bittern,Aves,Pelecaniformes
5446,8406,Ixonotus guttatus,Spotted Greenbul,Aves,Passeriformes
5447,8407,Ixoreus naevius,Varied Thrush,Aves,Passeriformes
5448,8409,Ixos malaccensis,Streaked Bulbul,Aves,Passeriformes
5449,8410,Ixos mcclellandii,Mountain Bulbul,Aves,Passeriformes
5450,8411,Ixos sumatranus,Sumatran Bulbul,Aves,Passeriformes
5451,8412,Ixos virescens,Javan Bulbul,Aves,Passeriformes
5452,8413,Ixothraupis guttata,Speckled Tanager,Aves,Passeriformes
5453,8414,Ixothraupis punctata,Spotted Tanager,Aves,Passeriformes
5454,8415,Ixothraupis rufigula,Rufous-throated Tanager,Aves,Passeriformes
5455,8416,Ixothraupis varia,Dotted Tanager,Aves,Passeriformes
5456,8417,Ixothraupis xanthogastra,Yellow-bellied Tanager,Aves,Passeriformes
5457,8418,Jabiru mycteria,Jabiru,Aves,Ciconiiformes
5458,8419,Napothera danjoui,Short-tailed Scimitar Babbler,Aves,Passeriformes
5459,8421,Jacamaralcyon tridactyla,Three-toed Jacamar,Aves,Piciformes
5460,8422,Jacamerops aureus,Great Jacamar,Aves,Piciformes
5461,8423,Jacana jacana,Wattled Jacana,Aves,Charadriiformes
5462,8424,Jacana spinosa,Northern Jacana,Aves,Charadriiformes
5463,8432,Junco bairdi,Baird's Junco,Aves,Passeriformes
5464,8433,Junco hyemalis,Dark-eyed Junco,Aves,Passeriformes
5465,8435,Junco phaeonotus,Yellow-eyed Junco,Aves,Passeriformes
5466,8436,Junco vulcani,Volcano Junco,Aves,Passeriformes
5467,8440,Jynx ruficollis,Red-throated Wryneck,Aves,Piciformes
5468,8441,Jynx torquilla,Eurasian Wryneck,Aves,Piciformes
5469,8442,Kakamega poliothorax,Grey-chested Babbler,Aves,Passeriformes
5470,8446,Kalophrynus interlineatus,Kalophrynus interlineatus,Amphibia,Anura
5471,8449,Kaloula baleata,Kaloula baleata,Amphibia,Anura
5472,8450,Kaloula borealis,Kaloula borealis,Amphibia,Anura
5473,8456,Kaloula pulchra,Kaloula pulchra,Amphibia,Anura
5474,8460,Kassina senegalensis,Kassina senegalensis,Amphibia,Anura
5475,8462,Kaupifalco monogrammicus,Lizard Buzzard,Aves,Accipitriformes
5476,8463,Kempiella flavovirescens,Olive Flyrobin,Aves,Passeriformes
5477,8464,Kempiella griseoceps,Yellow-legged Flyrobin,Aves,Passeriformes
5478,8465,Kenopia striata,Striped Wren-Babbler,Aves,Passeriformes
5479,8466,Ketupa coromanda,Dusky Eagle-Owl,Aves,Strigiformes
5480,8467,Ketupa flavipes,Tawny Fish Owl,Aves,Strigiformes
5481,8468,Ketupa ketupu,Buffy Fish Owl,Aves,Strigiformes
5482,8469,Ketupa nipalensis,Spot-bellied Eagle-Owl,Aves,Strigiformes
5483,8470,Ketupa sumatrana,Barred Eagle-Owl,Aves,Strigiformes
5484,8471,Ketupa zeylonensis,Brown Fish Owl,Aves,Strigiformes
5485,8478,Kikihia muta,Kikihia muta,Insecta,Hemiptera
5486,8479,Kikihia ochrina,Kikihia ochrina,Insecta,Hemiptera
5487,8480,Kikihia scutellaris,Kikihia scutellaris,Insecta,Hemiptera
5488,8482,Klais guimeti,Violet-headed Hummingbird,Aves,Apodiformes
5489,8485,Kleinothraupis atropileus,Black-capped Hemispingus,Aves,Passeriformes
5490,8486,Kleinothraupis auricularis,White-browed Hemispingus,Aves,Passeriformes
5491,8487,Kleinothraupis calophrys,Orange-browed Hemispingus,Aves,Passeriformes
5492,8488,Kleinothraupis parodii,Parodi's Hemispingus,Aves,Passeriformes
5493,8489,Kleinothraupis reyi,Grey-capped Hemispingus,Aves,Passeriformes
5494,8490,Knipolegus aterrimus,White-winged Black Tyrant,Aves,Passeriformes
5495,8491,Knipolegus cabanisi,Plumbeous Tyrant,Aves,Passeriformes
5496,8492,Knipolegus cyanirostris,Blue-billed Black Tyrant,Aves,Passeriformes
5497,8494,Knipolegus hudsoni,Hudson's Black Tyrant,Aves,Passeriformes
5498,8495,Knipolegus lophotes,Crested Black Tyrant,Aves,Passeriformes
5499,8496,Knipolegus nigerrimus,Velvety Black Tyrant,Aves,Passeriformes
5500,8497,Knipolegus orenocensis,Riverside Tyrant,Aves,Passeriformes
5501,8498,Knipolegus poecilocercus,Amazonian Black Tyrant,Aves,Passeriformes
5502,8499,Knipolegus poecilurus,Rufous-tailed Tyrant,Aves,Passeriformes
5503,8500,Knipolegus striaticeps,Cinereous Tyrant,Aves,Passeriformes
5504,8506,Kobonga oxleyi,Kobonga oxleyi,Insecta,Hemiptera
5505,8507,Kobonga umbrimargo,Kobonga umbrimargo,Insecta,Hemiptera
5506,8519,Turdoides rufocinctus,Red-collared Babbler,Aves,Passeriformes
5507,8521,Kurixalus banaensis,Kurixalus banaensis,Amphibia,Anura
5508,8522,Kurixalus berylliniris,Kurixalus berylliniris,Amphibia,Anura
5509,8524,Kurixalus eiffingeri,Kurixalus eiffingeri,Amphibia,Anura
5510,8526,Kurixalus idiootocus,Kurixalus idiootocus,Amphibia,Anura
5511,8527,Kurixalus wangi,Kurixalus wangi,Amphibia,Anura
5512,8530,Lacedo pulchella,Banded Kingfisher,Aves,Coraciiformes
5513,8535,Lafresnaya lafresnayi,Mountain Velvetbreast,Aves,Apodiformes
5514,8537,Lagenorhynchus acutus,Atlantic white-sided dolphin,Mammalia,Cetacea
5515,8545,Lagonosticta larvata,Black-faced Firefinch,Aves,Passeriformes
5516,8546,Lagonosticta nitidula,Brown Firefinch,Aves,Passeriformes
5517,8547,Lagonosticta rara,Black-bellied Firefinch,Aves,Passeriformes
5518,8548,Lagonosticta rhodopareia,Jameson's Firefinch,Aves,Passeriformes
5519,8549,Lagonosticta rubricata,African Firefinch,Aves,Passeriformes
5520,8550,Lagonosticta rufopicta,Bar-breasted Firefinch,Aves,Passeriformes
5521,8552,Lagonosticta senegala,Red-billed Firefinch,Aves,Passeriformes
5522,8554,Lagopus lagopus,Willow Ptarmigan,Aves,Galliformes
5523,8555,Lagopus leucura,White-tailed Ptarmigan,Aves,Galliformes
5524,8556,Lagopus muta,Rock Ptarmigan,Aves,Galliformes
5525,8559,Lagothrix lagotricha,Humboldt's woolly monkey,Mammalia,Primates
5526,8562,Lalage atrovirens,Black-browed Triller,Aves,Passeriformes
5527,8564,Lalage aurea,Rufous-bellied Triller,Aves,Passeriformes
5528,8565,Lalage leucomela,Varied Triller,Aves,Passeriformes
5529,8566,Lalage leucopyga,Long-tailed Triller,Aves,Passeriformes
5530,8567,Lalage leucopygialis,White-rumped Triller,Aves,Passeriformes
5531,8568,Lalage maculosa,Polynesian Triller,Aves,Passeriformes
5532,8569,Lalage melanoleuca,Black-and-white Triller,Aves,Passeriformes
5533,8570,Lalage moesta,White-browed Triller,Aves,Passeriformes
5534,8571,Lalage nigra,Pied Triller,Aves,Passeriformes
5535,8572,Lalage sharpei,Samoan Triller,Aves,Passeriformes
5536,8573,Lalage sueurii,White-shouldered Triller,Aves,Passeriformes
5537,8574,Lalage tricolor,White-winged Triller,Aves,Passeriformes
5538,8576,Lama glama,Guanaco,Mammalia,Artiodactyla
5539,8583,Lampornis amethystinus,Amethyst-throated Mountaingem,Aves,Apodiformes
5540,8584,Lampornis calolaemus,Purple-throated Mountaingem,Aves,Apodiformes
5541,8585,Lampornis castaneoventris,White-throated Mountaingem,Aves,Apodiformes
5542,8587,Lampornis clemenciae,Blue-throated Mountaingem,Aves,Apodiformes
5543,8588,Lampornis hemileucus,White-bellied Mountaingem,Aves,Apodiformes
5544,8589,Lampornis sybillae,Green-breasted Mountaingem,Aves,Apodiformes
5545,8590,Lampornis viridipallens,Green-throated Mountaingem,Aves,Apodiformes
5546,8592,Lamprolaima rhami,Garnet-throated Hummingbird,Aves,Apodiformes
5547,8594,Lamprolia victoriae,Taveuni Silktail,Aves,Passeriformes
5548,8597,Lampropsar tanagrinus,Velvet-fronted Grackle,Aves,Passeriformes
5549,8598,Lamprospiza melanoleuca,Red-billed Pied Tanager,Aves,Passeriformes
5550,8599,Lamprotornis acuticaudus,Sharp-tailed Starling,Aves,Passeriformes
5551,8600,Lamprotornis albicapillus,White-crowned Starling,Aves,Passeriformes
5552,8601,Lamprotornis australis,Burchell's Starling,Aves,Passeriformes
5553,8602,Lamprotornis bicolor,Pied Starling,Aves,Passeriformes
5554,8603,Lamprotornis caudatus,Long-tailed Glossy Starling,Aves,Passeriformes
5555,8604,Lamprotornis chalcurus,Bronze-tailed Starling,Aves,Passeriformes
5556,8605,Lamprotornis chalybaeus,Greater Blue-eared Starling,Aves,Passeriformes
5557,8606,Lamprotornis chloropterus,Lesser Blue-eared Starling,Aves,Passeriformes
5558,8607,Lamprotornis elisabeth,Miombo Blue-eared Starling,Aves,Passeriformes
5559,8608,Lamprotornis fischeri,Fischer's Starling,Aves,Passeriformes
5560,8609,Lamprotornis hildebrandti,Hildebrandt's Starling,Aves,Passeriformes
5561,8611,Lamprotornis mevesii,Meves's Starling,Aves,Passeriformes
5562,8612,Lamprotornis nitens,Cape Starling,Aves,Passeriformes
5563,8614,Lamprotornis pulcher,Chestnut-bellied Starling,Aves,Passeriformes
5564,8615,Lamprotornis purpureus,Purple Starling,Aves,Passeriformes
5565,8616,Lamprotornis purpuroptera,Rüppell's Starling,Aves,Passeriformes
5566,8617,Lamprotornis regius,Golden-breasted Starling,Aves,Passeriformes
5567,8618,Lamprotornis shelleyi,Shelley's Starling,Aves,Passeriformes
5568,8619,Lamprotornis splendidus,Splendid Starling,Aves,Passeriformes
5569,8620,Lamprotornis superbus,Superb Starling,Aves,Passeriformes
5570,8621,Lamprotornis unicolor,Ashy Starling,Aves,Passeriformes
5571,8623,Laniarius aethiopicus,Ethiopian Boubou,Aves,Passeriformes
5572,8624,Laniarius amboimensis,Gabela Bushshrike,Aves,Passeriformes
5573,8625,Laniarius atrococcineus,Crimson-breasted Shrike,Aves,Passeriformes
5574,8626,Laniarius atroflavus,Yellow-breasted Boubou,Aves,Passeriformes
5575,8627,Laniarius barbarus,Yellow-crowned Gonolek,Aves,Passeriformes
5576,8628,Laniarius bicolor,Swamp Boubou,Aves,Passeriformes
5577,8629,Laniarius brauni,Braun's Bushshrike,Aves,Passeriformes
5578,8630,Laniarius erythrogaster,Black-headed Gonolek,Aves,Passeriformes
5579,8631,Laniarius ferrugineus,Southern Boubou,Aves,Passeriformes
5580,8632,Laniarius fuelleborni,Fülleborn's Boubou,Aves,Passeriformes
5581,8633,Laniarius funebris,Slate-colored Boubou,Aves,Passeriformes
5582,8634,Laniarius holomelas,Albertine Sooty Boubou,Aves,Passeriformes
5583,8635,Laniarius poensis,Mountain Sooty Boubou,Aves,Passeriformes
5584,8636,Laniarius leucorhynchus,Lowland Sooty Boubou,Aves,Passeriformes
5585,8637,Laniarius luehderi,Lühder's Bushshrike,Aves,Passeriformes
5586,8638,Laniarius major,Tropical Boubou,Aves,Passeriformes
5587,8639,Laniarius mufumbiri,Papyrus Gonolek,Aves,Passeriformes
5588,8641,Laniarius ruficeps,Red-naped Bushshrike,Aves,Passeriformes
5589,8642,Laniarius sublacteus,East Coast Boubou,Aves,Passeriformes
5590,8643,Laniarius turatii,Turati's Boubou,Aves,Passeriformes
5591,8644,Laniarius willardi,Willard's Sooty Boubou,Aves,Passeriformes
5592,8645,Laniisoma buckleyi,Andean Laniisoma,Aves,Passeriformes
5593,8646,Laniisoma elegans,Brazilian Laniisoma,Aves,Passeriformes
5594,8647,Lanio aurantius,Black-throated Shrike-Tanager,Aves,Passeriformes
5595,8648,Lanio fulvus,Fulvous Shrike-Tanager,Aves,Passeriformes
5596,8649,Lanio leucothorax,White-throated Shrike-Tanager,Aves,Passeriformes
5597,8650,Lanio versicolor,White-winged Shrike-Tanager,Aves,Passeriformes
5598,8651,Laniocera hypopyrra,Cinereous Mourner,Aves,Passeriformes
5599,8652,Laniocera rufescens,Speckled Mourner,Aves,Passeriformes
5600,8653,Lanioturdus torquatus,White-tailed Shrike,Aves,Passeriformes
5601,8654,Lanius borealis,Northern Shrike,Aves,Passeriformes
5602,8655,Lanius bucephalus,Bull-headed Shrike,Aves,Passeriformes
5603,8656,Lanius cabanisi,Long-tailed Fiscal,Aves,Passeriformes
5604,8657,Lanius collaris,Southern Fiscal,Aves,Passeriformes
5605,8658,Lanius collurio,Red-backed Shrike,Aves,Passeriformes
5606,8659,Lanius collurioides,Burmese Shrike,Aves,Passeriformes
5607,8660,Lanius cristatus,Brown Shrike,Aves,Passeriformes
5608,8661,Lanius dorsalis,Taita Fiscal,Aves,Passeriformes
5609,8662,Lanius excubitor,Great Grey Shrike,Aves,Passeriformes
5610,8663,Lanius excubitoroides,Grey-backed Fiscal,Aves,Passeriformes
5611,8666,Lanius humeralis,Northern Fiscal,Aves,Passeriformes
5612,8667,Lanius isabellinus,Isabelline Shrike,Aves,Passeriformes
5613,8668,Lanius ludovicianus,Loggerhead Shrike,Aves,Passeriformes
5614,8669,Lanius mackinnoni,Mackinnon's Shrike,Aves,Passeriformes
5615,8670,Urolestes melanoleucus,Magpie Shrike,Aves,Passeriformes
5616,8672,Lanius meridionalis,Iberian Grey Shrike,Aves,Passeriformes
5617,8673,Lanius minor,Lesser Grey Shrike,Aves,Passeriformes
5618,8675,Lanius nubicus,Masked Shrike,Aves,Passeriformes
5619,8676,Lanius phoenicuroides,Red-tailed Shrike,Aves,Passeriformes
5620,8677,Lanius schach,Long-tailed Shrike,Aves,Passeriformes
5621,8678,Lanius senator,Woodchat Shrike,Aves,Passeriformes
5622,8679,Lanius somalicus,Somali Fiscal,Aves,Passeriformes
5623,8680,Lanius souzae,Souza's Shrike,Aves,Passeriformes
5624,8681,Lanius sphenocercus,Chinese Grey Shrike,Aves,Passeriformes
5625,8682,Lanius tephronotus,Grey-backed Shrike,Aves,Passeriformes
5626,8683,Lanius tigrinus,Tiger Shrike,Aves,Passeriformes
5627,8684,Lanius validirostris,Mountain Shrike,Aves,Passeriformes
5628,8685,Lanius vittatus,Bay-backed Shrike,Aves,Passeriformes
5629,8692,Larosterna inca,Inca Tern,Aves,Charadriiformes
5630,8693,Larus argentatus,European Herring Gull,Aves,Charadriiformes
5631,8694,Larus armenicus,Armenian Gull,Aves,Charadriiformes
5632,8695,Larus atlanticus,Olrog's Gull,Aves,Charadriiformes
5633,8696,Larus belcheri,Belcher's Gull,Aves,Charadriiformes
5634,8697,Larus brachyrhynchus,Short-billed Gull,Aves,Charadriiformes
5635,8698,Larus cachinnans,Caspian Gull,Aves,Charadriiformes
5636,8699,Larus californicus,California Gull,Aves,Charadriiformes
5637,8700,Larus canus,Common Gull,Aves,Charadriiformes
5638,8701,Larus crassirostris,Black-tailed Gull,Aves,Charadriiformes
5639,8702,Larus delawarensis,Ring-billed Gull,Aves,Charadriiformes
5640,8703,Larus dominicanus,Kelp Gull,Aves,Charadriiformes
5641,8704,Larus fuscus,Lesser Black-backed Gull,Aves,Charadriiformes
5642,8705,Larus glaucescens,Glaucous-winged Gull,Aves,Charadriiformes
5643,8706,Larus glaucoides,Iceland Gull,Aves,Charadriiformes
5644,8707,Larus heermanni,Heermann's Gull,Aves,Charadriiformes
5645,8708,Larus hyperboreus,Glaucous Gull,Aves,Charadriiformes
5646,8709,Larus livens,Yellow-footed Gull,Aves,Charadriiformes
5647,8710,Larus marinus,Great Black-backed Gull,Aves,Charadriiformes
5648,8711,Larus michahellis,Yellow-legged Gull,Aves,Charadriiformes
5649,8712,Larus mongolicus,Mongolian Gull,Aves,Charadriiformes
5650,8713,Larus occidentalis,Western Gull,Aves,Charadriiformes
5651,8714,Larus pacificus,Pacific Gull,Aves,Charadriiformes
5652,8715,Larus schistisagus,Slaty-backed Gull,Aves,Charadriiformes
5653,8716,Larus smithsonianus,American Herring Gull,Aves,Charadriiformes
5654,8717,Larus vegae,Vega Gull,Aves,Charadriiformes
5655,8718,Larvivora brunnea,Indian Blue Robin,Aves,Passeriformes
5656,8719,Larvivora cyane,Siberian Blue Robin,Aves,Passeriformes
5657,8722,Larvivora sibilans,Rufous-tailed Robin,Aves,Passeriformes
5658,8725,Lasiopodomys brandtii,Brandt's vole,Mammalia,Rodentia
5659,8730,Laterallus albigularis,White-throated Crake,Aves,Gruiformes
5660,8731,Laterallus exilis,Grey-breasted Crake,Aves,Gruiformes
5661,8732,Laterallus jamaicensis,Black Rail,Aves,Gruiformes
5662,8733,Laterallus leucopyrrhus,Red-and-white Crake,Aves,Gruiformes
5663,8734,Laterallus levraudi,Rusty-flanked Crake,Aves,Gruiformes
5664,8735,Laterallus melanophaius,Rufous-sided Crake,Aves,Gruiformes
5665,8737,Laterallus ruber,Ruddy Crake,Aves,Gruiformes
5666,8738,Laterallus spilonota,Galapagos Crake,Aves,Gruiformes
5667,8741,Laterallus spilopterus,Dot-winged Crake,Aves,Gruiformes
5668,8742,Laterallus xenopterus,Rufous-faced Crake,Aves,Gruiformes
5669,8743,Lathamus discolor,Swift Parrot,Aves,Psittaciformes
5670,8744,Lathrotriccus euleri,Euler's Flycatcher,Aves,Passeriformes
5671,8745,Lathrotriccus griseipectus,Grey-breasted Flycatcher,Aves,Passeriformes
5672,8746,Laticilla burnesii,Rufous-vented Grass Babbler,Aves,Passeriformes
5673,8747,Laticilla cinerascens,Swamp Grass Babbler,Aves,Passeriformes
5674,8754,Lea floridensis,Florida true katydid,Insecta,Orthoptera
5675,8755,Legatus leucophaius,Piratic Flycatcher,Aves,Passeriformes
5676,8757,Leiopicus mahrattensis,Yellow-crowned Woodpecker,Aves,Piciformes
5677,8760,Leiothlypis celata,Orange-crowned Warbler,Aves,Passeriformes
5678,8761,Leiothlypis crissalis,Colima Warbler,Aves,Passeriformes
5679,8762,Leiothlypis luciae,Lucy's Warbler,Aves,Passeriformes
5680,8763,Leiothlypis peregrina,Tennessee Warbler,Aves,Passeriformes
5681,8764,Leiothlypis ruficapilla,Nashville Warbler,Aves,Passeriformes
5682,8765,Leiothlypis virginiae,Virginia's Warbler,Aves,Passeriformes
5683,8766,Leiothrix argentauris,Silver-eared Mesia,Aves,Passeriformes
5684,8767,Leiothrix lutea,Red-billed Leiothrix,Aves,Passeriformes
5685,8768,Leipoa ocellata,Malleefowl,Aves,Galliformes
5686,8769,Leistes bellicosus,Peruvian Meadowlark,Aves,Passeriformes
5687,8770,Leistes defilippii,Pampas Meadowlark,Aves,Passeriformes
5688,8771,Leistes loyca,Long-tailed Meadowlark,Aves,Passeriformes
5689,8772,Leistes militaris,Red-breasted Meadowlark,Aves,Passeriformes
5690,8773,Leistes superciliaris,White-browed Meadowlark,Aves,Passeriformes
5691,8775,Lemur catta,ring-tailed lemur,Mammalia,Primates
5692,8777,Lepidopygia nana,Madagascar Mannikin,Aves,Passeriformes
5693,8778,Lemuridae,True Lemurs,Mammalia,Primates
5694,8780,Leonardina woodi,Bagobo Babbler,Aves,Passeriformes
5695,8782,Saguinus fuscicollis,saddlebacked tamarin,Mammalia,Primates
5696,8784,Saguinus nigricollis,black-mantled tamarin,Mammalia,Primates
5697,8785,Saguinus tripartitus,golden-mantled tamarin,Mammalia,Primates
5698,8794,Lepidocolaptes affinis,Spot-crowned Woodcreeper,Aves,Passeriformes
5699,8795,Lepidocolaptes albolineatus,Guianan Woodcreeper,Aves,Passeriformes
5700,8796,Lepidocolaptes fuscicapillus,Dusky-capped Woodcreeper,Aves,Passeriformes
5701,8797,Lepidocolaptes angustirostris,Narrow-billed Woodcreeper,Aves,Passeriformes
5702,8798,Lepidocolaptes duidae,Duida Woodcreeper,Aves,Passeriformes
5703,8799,Lepidocolaptes falcinellus,Scalloped Woodcreeper,Aves,Passeriformes
5704,8800,Lepidocolaptes fatimalimae,Inambari Woodcreeper,Aves,Passeriformes
5705,8801,Lepidocolaptes lacrymiger,Montane Woodcreeper,Aves,Passeriformes
5706,8802,Lepidocolaptes leucogaster,White-striped Woodcreeper,Aves,Passeriformes
5707,8803,Lepidocolaptes souleyetii,Streak-headed Woodcreeper,Aves,Passeriformes
5708,8804,Lepidocolaptes squamatus,Scaled Woodcreeper,Aves,Passeriformes
5709,8809,Lepidothrix coeruleocapilla,Cerulean-capped Manakin,Aves,Passeriformes
5710,8810,Lepidothrix coronata,Blue-capped Manakin,Aves,Passeriformes
5711,8811,Lepidothrix velutina,Velvety Manakin,Aves,Passeriformes
5712,8812,Lepidothrix iris,Opal-crowned Manakin,Aves,Passeriformes
5713,8813,Lepidothrix isidorei,Blue-rumped Manakin,Aves,Passeriformes
5714,8814,Lepidothrix nattereri,Snow-capped Manakin,Aves,Passeriformes
5715,8815,Lepidothrix serena,White-fronted Manakin,Aves,Passeriformes
5716,8816,Lepidothrix suavissima,Orange-bellied Manakin,Aves,Passeriformes
5717,8817,Lepidothrix vilasboasi,Golden-crowned Manakin,Aves,Passeriformes
5718,8825,Leptasthenura aegithaloides,Plain-mantled Tit-Spinetail,Aves,Passeriformes
5719,8826,Leptasthenura andicola,Andean Tit-Spinetail,Aves,Passeriformes
5720,8827,Leptasthenura fuliginiceps,Brown-capped Tit-Spinetail,Aves,Passeriformes
5721,8828,Leptasthenura pileata,Rusty-crowned Tit-Spinetail,Aves,Passeriformes
5722,8829,Leptasthenura platensis,Tufted Tit-Spinetail,Aves,Passeriformes
5723,8830,Leptasthenura setaria,Araucaria Tit-Spinetail,Aves,Passeriformes
5724,8831,Leptasthenura striata,Streak-backed Tit-Spinetail,Aves,Passeriformes
5725,8832,Leptasthenura striolata,Striolated Tit-Spinetail,Aves,Passeriformes
5726,8833,Leptasthenura xenothorax,White-browed Tit-Spinetail,Aves,Passeriformes
5727,8834,Sylviorthorhynchus yanacensis,Tawny Tit-Spinetail,Aves,Passeriformes
5728,8847,Leptocoma aspasia,Black Sunbird,Aves,Passeriformes
5729,8848,Leptocoma brasiliana,Van Hasselt's Sunbird,Aves,Passeriformes
5730,8849,Leptocoma calcostetha,Copper-throated Sunbird,Aves,Passeriformes
5731,8850,Leptocoma minima,Crimson-backed Sunbird,Aves,Passeriformes
5732,8851,Leptocoma sperata,Purple-throated Sunbird,Aves,Passeriformes
5733,8852,Leptocoma zeylonica,Purple-rumped Sunbird,Aves,Passeriformes
5734,8853,Leptodactylidae,Neotropical Frogs,Amphibia,Anura
5735,8854,Leptodactylus albilabris,Caribbean White-lipped Frog,Amphibia,Anura
5736,8856,Leptodactylus bufonius,Leptodactylus bufonius,Amphibia,Anura
5737,8865,Leptodactylus elenae,Leptodactylus elenae,Amphibia,Anura
5738,8866,Leptodactylus fragilis,Mexican White-lipped Frog,Amphibia,Anura
5739,8868,Leptodactylus furnarius,Leptodactylus furnarius,Amphibia,Anura
5740,8869,Leptodactylus fuscus,Leptodactylus fuscus,Amphibia,Anura
5741,8870,Leptodactylus gracilis,Leptodactylus gracilis,Amphibia,Anura
5742,8873,Leptodactylus insularum,Leptodactylus insularum,Amphibia,Anura
5743,8875,Leptodactylus petersii,Leptodactylus petersii,Amphibia,Anura
5744,8877,Leptodactylus knudseni,Leptodactylus knudseni,Amphibia,Anura
5745,8879,Leptodactylus labyrinthicus,Leptodactylus labyrinthicus,Amphibia,Anura
5746,8880,Leptodactylus latinasus,Leptodactylus latinasus,Amphibia,Anura
5747,8881,Leptodactylus latrans,Leptodactylus latrans,Amphibia,Anura
5748,8882,Leptodactylus leptodactyloides,Leptodactylus leptodactyloides,Amphibia,Anura
5749,8884,Leptodactylus longirostris,Leptodactylus longirostris,Amphibia,Anura
5750,8885,Leptodactylus luctator,Leptodactylus luctator,Amphibia,Anura
5751,8888,Leptodactylus melanonotus,Leptodactylus melanonotus,Amphibia,Anura
5752,8890,Leptodactylus mystaceus,Leptodactylus mystaceus,Amphibia,Anura
5753,8891,Leptodactylus mystacinus,Leptodactylus mystacinus,Amphibia,Anura
5754,8892,Leptodactylus natalensis,Leptodactylus natalensis,Amphibia,Anura
5755,8894,Leptodactylus notoaktites,Leptodactylus notoaktites,Amphibia,Anura
5756,8897,Leptodactylus pentadactylus,Leptodactylus pentadactylus,Amphibia,Anura
5757,8898,Leptodactylus plaumanni,Leptodactylus plaumanni,Amphibia,Anura
5758,8899,Leptodactylus podicipinus,Leptodactylus podicipinus,Amphibia,Anura
5759,8900,Leptodactylus poecilochilus,Leptodactylus poecilochilus,Amphibia,Anura
5760,8903,Leptodactylus rhodomystax,Leptodactylus rhodomystax,Amphibia,Anura
5761,8908,Leptodactylus savagei,Leptodactylus savagei,Amphibia,Anura
5762,8910,Leptodactylus stenodema,Leptodactylus stenodema,Amphibia,Anura
5763,8911,Leptodactylus syphax,Leptodactylus syphax,Amphibia,Anura
5764,8912,Leptodactylus troglodytes,Leptodactylus troglodytes,Amphibia,Anura
5765,8913,Leptodactylus validus,Leptodactylus validus,Amphibia,Anura
5766,8915,Leptodactylus wagneri,Leptodactylus wagneri,Amphibia,Anura
5767,8916,Leptodactylus,Leptodactylus,Amphibia,Anura
5768,8917,Leptodon cayanensis,Grey-headed Kite,Aves,Accipitriformes
5769,8918,Leptodon forbesi,White-collared Kite,Aves,Accipitriformes
5770,8924,Leptonychotes weddellii,Weddell Seal,Mammalia,Carnivora
5771,8930,Leptopelis macrotis,Leptopelis macrotis,Amphibia,Anura
5772,8931,Leptopelis mossambicus,Leptopelis mossambicus,Amphibia,Anura
5773,8932,Leptopelis natalensis,Leptopelis natalensis,Amphibia,Anura
5774,8934,Leptopelis spiritusnoctis,Leptopelis spiritusnoctis,Amphibia,Anura
5775,8944,Leptophyes discoidalis,Leptophyes discoidalis,Insecta,Orthoptera
5776,8945,Leptophyes laticauda,Leptophyes laticauda,Insecta,Orthoptera
5777,8948,Leptophyes punctatissima,Leptophyes punctatissima,Insecta,Orthoptera
5778,8951,Leptopoecile sophiae,White-browed Tit-warbler,Aves,Passeriformes
5779,8952,Leptopogon amaurocephalus,Sepia-capped Flycatcher,Aves,Passeriformes
5780,8953,Leptopogon rufipectus,Rufous-breasted Flycatcher,Aves,Passeriformes
5781,8954,Leptopogon superciliaris,Slaty-capped Flycatcher,Aves,Passeriformes
5782,8955,Leptopogon taczanowskii,Inca Flycatcher,Aves,Passeriformes
5783,8957,Leptopterus chabert,Chabert Vanga,Aves,Passeriformes
5784,8958,Leptoptilos crumenifer,Marabou Stork,Aves,Ciconiiformes
5785,8962,Leptosemia sakaii,Leptosemia sakaii,Insecta,Hemiptera
5786,8963,Leptosemia takanonis,Leptosemia takanonis,Insecta,Hemiptera
5787,8964,Leptosittaca branickii,Golden-plumed Parakeet,Aves,Psittaciformes
5788,8965,Leptosomus discolor,Cuckoo-roller,Aves,Leptosomiformes
5789,8966,Leptotila battyi,Azuero Dove,Aves,Columbiformes
5790,8967,Leptotila cassinii,Grey-chested Dove,Aves,Columbiformes
5791,8968,Leptotila conoveri,Tolima Dove,Aves,Columbiformes
5792,8969,Leptotila jamaicensis,Caribbean Dove,Aves,Columbiformes
5793,8970,Leptotila megalura,Yungas Dove,Aves,Columbiformes
5794,8971,Leptotila ochraceiventris,Ochre-bellied Dove,Aves,Columbiformes
5795,8972,Leptotila pallida,Pallid Dove,Aves,Columbiformes
5796,8973,Leptotila plumbeiceps,Grey-headed Dove,Aves,Columbiformes
5797,8974,Leptotila rufaxilla,Grey-fronted Dove,Aves,Columbiformes
5798,8975,Leptotila verreauxi,White-tipped Dove,Aves,Columbiformes
5799,8976,Leptotila wellsi,Grenada Dove,Aves,Columbiformes
5800,8977,Leptotrygon veraguensis,Olive-backed Quail-Dove,Aves,Columbiformes
5801,8985,Lerwa lerwa,Snow Partridge,Aves,Galliformes
5802,8986,Lesbia nuna,Green-tailed Trainbearer,Aves,Apodiformes
5803,8987,Lesbia victoriae,Black-tailed Trainbearer,Aves,Apodiformes
5804,8988,Lessonia oreas,Andean Negrito,Aves,Passeriformes
5805,8989,Lessonia rufa,Austral Negrito,Aves,Passeriformes
5806,8991,Leucippus fallax,Buffy Hummingbird,Aves,Apodiformes
5807,8992,Leucocarbo atriceps,Imperial Shag,Aves,Suliformes
5808,8993,Leucocarbo bransfieldensis,Antarctic Shag,Aves,Suliformes
5809,8999,Leucocarbo magellanicus,Rock Shag,Aves,Suliformes
5810,9003,Leucochloris albicollis,White-throated Hummingbird,Aves,Apodiformes
5811,9004,Ramosomyia violiceps,Violet-crowned Hummingbird,Aves,Apodiformes
5812,9006,Ramosomyia viridifrons,Green-fronted Hummingbird,Aves,Apodiformes
5813,9009,Leucophaeus atricilla,Laughing Gull,Aves,Charadriiformes
5814,9010,Leucophaeus fuliginosus,Lava Gull,Aves,Charadriiformes
5815,9011,Leucophaeus modestus,Grey Gull,Aves,Charadriiformes
5816,9012,Leucophaeus pipixcan,Franklin's Gull,Aves,Charadriiformes
5817,9013,Leucophaeus scoresbii,Dolphin Gull,Aves,Charadriiformes
5818,9015,Leucopsar rothschildi,Bali Myna,Aves,Passeriformes
5819,9016,Pseudastur albicollis,White Hawk,Aves,Accipitriformes
5820,9017,Leucopternis kuhli,White-browed Hawk,Aves,Accipitriformes
5821,9018,Leucopternis melanops,Black-faced Hawk,Aves,Accipitriformes
5822,9019,Pseudastur occidentalis,Grey-backed Hawk,Aves,Accipitriformes
5823,9020,Pseudastur polionotus,Mantled Hawk,Aves,Accipitriformes
5824,9021,Morphnarchus princeps,Barred Hawk,Aves,Accipitriformes
5825,9022,Leucopternis semiplumbeus,Semiplumbeous Hawk,Aves,Accipitriformes
5826,9023,Leucosarcia melanoleuca,Wonga Pigeon,Aves,Columbiformes
5827,9026,Leucosticte arctoa,Asian Rosy Finch,Aves,Passeriformes
5828,9027,Leucosticte atrata,Black Rosy Finch,Aves,Passeriformes
5829,9028,Leucosticte australis,Brown-capped Rosy Finch,Aves,Passeriformes
5830,9029,Leucosticte brandti,Brandt's Mountain Finch,Aves,Passeriformes
5831,9030,Leucosticte nemoricola,Plain Mountain Finch,Aves,Passeriformes
5832,9031,Leucosticte tephrocotis,Grey-crowned Rosy Finch,Aves,Passeriformes
5833,9034,Lewinia pectoralis,Lewin's Rail,Aves,Gruiformes
5834,9038,Lichenostomus cratitius,Purple-gaped Honeyeater,Aves,Passeriformes
5835,9039,Lichenostomus melanops,Yellow-tufted Honeyeater,Aves,Passeriformes
5836,9040,Lichmera alboauricularis,Silver-eared Honeyeater,Aves,Passeriformes
5837,9041,Lichmera argentauris,Olive Honeyeater,Aves,Passeriformes
5838,9043,Lichmera flavicans,Flame-eared Honeyeater,Aves,Passeriformes
5839,9044,Lichmera incana,Grey-eared Honeyeater,Aves,Passeriformes
5840,9045,Lichmera indistincta,Brown Honeyeater,Aves,Passeriformes
5841,9046,Lichmera limbata,Lichmera limbata,Aves,Passeriformes
5842,9050,Lichmera squamata,Scaly-breasted Honeyeater,Aves,Passeriformes
5843,9052,Ligurotettix coquilletti,Ligurotettix coquilletti,Insecta,Orthoptera
5844,9054,Lilioceris lilii,Lilioceris lilii,Insecta,Coleoptera
5845,9058,Limnoctites rectirostris,Straight-billed Reedhaunter,Aves,Passeriformes
5846,9059,Limnodromus griseus,Short-billed Dowitcher,Aves,Charadriiformes
5847,9060,Limnodromus scolopaceus,Long-billed Dowitcher,Aves,Charadriiformes
5848,9061,Limnodromus semipalmatus,Asian Dowitcher,Aves,Charadriiformes
5849,9062,Limnodynastes convexiusculus,Limnodynastes convexiusculus,Amphibia,Anura
5850,9064,Limnodynastes dorsalis,Limnodynastes dorsalis,Amphibia,Anura
5851,9065,Limnodynastes dumerilii,Limnodynastes dumerilii,Amphibia,Anura
5852,9066,Limnodynastes fletcheri,Limnodynastes fletcheri,Amphibia,Anura
5853,9067,Limnodynastes grayi,Limnodynastes grayi,Amphibia,Anura
5854,9069,Limnodynastes peronii,Limnodynastes peronii,Amphibia,Anura
5855,9070,Limnodynastes salmini,Limnodynastes salmini,Amphibia,Anura
5856,9072,Limnodynastes tasmaniensis,Limnodynastes tasmaniensis,Amphibia,Anura
5857,9083,Limnonectes,Limnonectes,Amphibia,Anura
5858,9085,Limnornis curvirostris,Curve-billed Reedhaunter,Aves,Passeriformes
5859,9086,Limnothlypis swainsonii,Swainson's Warbler,Aves,Passeriformes
5860,9088,Limosa fedoa,Marbled Godwit,Aves,Charadriiformes
5861,9089,Limosa haemastica,Hudsonian Godwit,Aves,Charadriiformes
5862,9090,Limosa lapponica,Bar-tailed Godwit,Aves,Charadriiformes
5863,9091,Limosa limosa,Black-tailed Godwit,Aves,Charadriiformes
5864,9095,Linaria yemenensis,Yemen Linnet,Aves,Passeriformes
5865,9097,Linurgus olivaceus,Oriole Finch,Aves,Passeriformes
5866,9098,Liocichla bugunorum,Bugun Liocichla,Aves,Passeriformes
5867,9099,Liocichla omeiensis,Emei Shan Liocichla,Aves,Passeriformes
5868,9100,Liocichla phoenicea,Red-faced Liocichla,Aves,Passeriformes
5869,9101,Liocichla ripponi,Scarlet-faced Liocichla,Aves,Passeriformes
5870,9102,Liocichla steerii,Taiwan Liocichla,Aves,Passeriformes
5871,9103,Lioparus chrysotis,Golden-breasted Fulvetta,Aves,Passeriformes
5872,9104,Sylvia nigricapillus,Bush Blackcap,Aves,Passeriformes
5873,9105,Liosceles thoracicus,Rusty-belted Tapaculo,Aves,Passeriformes
5874,9106,Lipaugus ater,Black-and-gold Cotinga,Aves,Passeriformes
5875,9107,Lipaugus conditus,Grey-winged Cotinga,Aves,Passeriformes
5876,9108,Lipaugus fuscocinereus,Dusky Piha,Aves,Passeriformes
5877,9109,Lipaugus lanioides,Cinnamon-vented Piha,Aves,Passeriformes
5878,9110,Lipaugus streptophorus,Rose-collared Piha,Aves,Passeriformes
5879,9111,Lipaugus unirufus,Rufous Piha,Aves,Passeriformes
5880,9113,Lipaugus vociferans,Screaming Piha,Aves,Passeriformes
5881,9114,Lipaugus weberi,Chestnut-capped Piha,Aves,Passeriformes
5882,9128,Lissotis melanogaster,Black-bellied Bustard,Aves,Otidiformes
5883,9130,Lithobates areolatus,Crawfish Frog,Amphibia,Anura
5884,9131,Lithobates berlandieri,Rio Grande Frog,Amphibia,Anura
5885,9132,Lithobates blairi,Plains Leopard Frog,Amphibia,Anura
5886,9134,Lithobates capito,Gopher Frog,Amphibia,Anura
5887,9135,Lithobates catesbeianus,American Bullfrog,Amphibia,Anura
5888,9137,Lithobates clamitans,Green Frog,Amphibia,Anura
5889,9138,Lithobates grylio,Pig Frog,Amphibia,Anura
5890,9140,Lithobates kauffeldi,Atlantic Coast Leopard Frog,Amphibia,Anura
5891,9145,Lithobates palustris,Pickerel Frog,Amphibia,Anura
5892,9146,Lithobates pipiens,Northern Leopard Frog,Amphibia,Anura
5893,9147,Lithobates septentrionalis,Mink Frog,Amphibia,Anura
5894,9149,Lithobates sphenocephalus,Southern Leopard Frog,Amphibia,Anura
5895,9150,Lithobates sylvaticus,Wood Frog,Amphibia,Anura
5896,9154,Lithobates virgatipes,Carpenter Frog,Amphibia,Anura
5897,9159,Lithodytes lineatus,Lithodytes lineatus,Amphibia,Anura
5898,9162,Litoria adelaidensis,Litoria adelaidensis,Amphibia,Anura
5899,9165,Litoria balatus,Litoria balatus,Amphibia,Anura
5900,9166,Litoria bicolor,Litoria bicolor,Amphibia,Anura
5901,9168,Litoria calliscelis,Litoria calliscelis,Amphibia,Anura
5902,9170,Litoria cooloolensis,Litoria cooloolensis,Amphibia,Anura
5903,9171,Litoria dentata,Litoria dentata,Amphibia,Anura
5904,9173,Litoria ewingii,Litoria ewingii,Amphibia,Anura
5905,9174,Litoria fallax,Eastern Dwarf Treefrog,Amphibia,Anura
5906,9176,Litoria inermis,Litoria inermis,Amphibia,Anura
5907,9177,Litoria jervisiensis,Litoria jervisiensis,Amphibia,Anura
5908,9178,Litoria latopalmata,Litoria latopalmata,Amphibia,Anura
5909,9181,Litoria nasuta,Litoria nasuta,Amphibia,Anura
5910,9186,Litoria peronii,Litoria peronii,Amphibia,Anura
5911,9189,Litoria quiritatus,Litoria quiritatus,Amphibia,Anura
5912,9190,Litoria revelata,Litoria revelata,Amphibia,Anura
5913,9191,Litoria ridibunda,Litoria ridibunda,Amphibia,Anura
5914,9192,Litoria rothii,Litoria rothii,Amphibia,Anura
5915,9193,Litoria rubella,Litoria rubella,Amphibia,Anura
5916,9196,Litoria tyleri,Litoria tyleri,Amphibia,Anura
5917,9197,Litoria verreauxii,Litoria verreauxii,Amphibia,Anura
5918,9206,Lluciapomaresius stalii,Lluciapomaresius stalii,Insecta,Orthoptera
5919,9210,Lochmias nematura,Sharp-tailed Streamcreeper,Aves,Passeriformes
5920,9211,Locusta migratoria,Locusta migratoria,Insecta,Orthoptera
5921,9213,Locustella accentor,Friendly Bush Warbler,Aves,Passeriformes
5922,9214,Locustella alishanensis,Taiwan Bush Warbler,Aves,Passeriformes
5923,9215,Locustella castanea,Sulawesi Bush Warbler,Aves,Passeriformes
5924,9218,Locustella caudata,Long-tailed Bush Warbler,Aves,Passeriformes
5925,9219,Locustella chengi,Sichuan Bush Warbler,Aves,Passeriformes
5926,9220,Locustella davidi,Baikal Bush Warbler,Aves,Passeriformes
5927,9221,Locustella fluviatilis,River Warbler,Aves,Passeriformes
5928,9222,Locustella idonea,Dalat Bush Warbler,Aves,Passeriformes
5929,9223,Locustella mandelli,Russet Bush Warbler,Aves,Passeriformes
5930,9224,Locustella kashmirensis,West Himalayan Bush Warbler,Aves,Passeriformes
5931,9225,Locustella lanceolata,Lanceolated Warbler,Aves,Passeriformes
5932,9226,Locustella luscinioides,Savi's Warbler,Aves,Passeriformes
5933,9227,Locustella luteoventris,Brown Bush Warbler,Aves,Passeriformes
5934,9229,Locustella montis,Javan Bush Warbler,Aves,Passeriformes
5935,9230,Locustella naevia,Common Grasshopper Warbler,Aves,Passeriformes
5936,9231,Locustella portenta,Taliabu Bush Warbler,Aves,Passeriformes
5937,9232,Locustella seebohmi,Benguet Bush Warbler,Aves,Passeriformes
5938,9233,Locustella tacsanowskia,Chinese Bush Warbler,Aves,Passeriformes
5939,9234,Locustella thoracica,Spotted Bush Warbler,Aves,Passeriformes
5940,9235,Loddigesia mirabilis,Marvelous Spatuletail,Aves,Apodiformes
5941,9239,Lonchura atricapilla,Chestnut Munia,Aves,Passeriformes
5942,9240,Spermestes bicolor,Black-and-white Mannikin,Aves,Passeriformes
5943,9242,Lonchura castaneothorax,Chestnut-breasted Mannikin,Aves,Passeriformes
5944,9243,Spermestes cucullata,Bronze Mannikin,Aves,Passeriformes
5945,9248,Spermestes fringilloides,Magpie Mannikin,Aves,Passeriformes
5946,9249,Lonchura fuscans,Dusky Munia,Aves,Passeriformes
5947,9254,Lonchura kelaarti,Black-throated Munia,Aves,Passeriformes
5948,9255,Lonchura leucogastra,White-bellied Munia,Aves,Passeriformes
5949,9256,Lonchura leucogastroides,Javan Munia,Aves,Passeriformes
5950,9257,Lonchura maja,White-headed Munia,Aves,Passeriformes
5951,9258,Lonchura malacca,Tricolored Munia,Aves,Passeriformes
5952,9260,Lonchura molucca,Black-faced Munia,Aves,Passeriformes
5953,9264,Padda oryzivora,Java Sparrow,Aves,Passeriformes
5954,9267,Lonchura punctulata,Scaly-breasted Munia,Aves,Passeriformes
5955,9269,Lonchura spectabilis,Hooded Mannikin,Aves,Passeriformes
5956,9270,Lonchura striata,White-rumped Munia,Aves,Passeriformes
5957,9274,Lonchura vana,Grey-banded Mannikin,Aves,Passeriformes
5958,9277,Lontra canadensis,North American River Otter,Mammalia,Carnivora
5959,9279,Lophaetus occipitalis,Long-crested Eagle,Aves,Accipitriformes
5960,9282,Lophocebus albigena,gray-cheeked mangabey,Mammalia,Primates
5961,9284,Lophoceros alboterminatus,Crowned Hornbill,Aves,Bucerotiformes
5962,9286,Lophoceros bradfieldi,Bradfield's Hornbill,Aves,Bucerotiformes
5963,9287,Lophoceros camurus,Red-billed Dwarf Hornbill,Aves,Bucerotiformes
5964,9288,Lophoceros fasciatus,Congo Pied Hornbill,Aves,Bucerotiformes
5965,9289,Lophoceros semifasciatus,West African Pied Hornbill,Aves,Bucerotiformes
5966,9290,Lophoceros hemprichii,Hemprich's Hornbill,Aves,Bucerotiformes
5967,9291,Lophoceros nasutus,African Grey Hornbill,Aves,Bucerotiformes
5968,9293,Lophoceros pallidirostris,Pale-billed Hornbill,Aves,Bucerotiformes
5969,9294,Lophochroa leadbeateri,Lophochroa leadbeateri,Aves,Psittaciformes
5970,9295,Lophodytes cucullatus,Hooded Merganser,Aves,Anseriformes
5971,9296,Lophoictinia isura,Square-tailed Kite,Aves,Accipitriformes
5972,9297,Lopholaimus antarcticus,Topknot Pigeon,Aves,Columbiformes
5973,9298,Lophonetta specularioides,Crested Duck,Aves,Anseriformes
5974,9299,Lophophanes cristatus,Crested Tit,Aves,Passeriformes
5975,9300,Lophophanes dichrous,Grey-crested Tit,Aves,Passeriformes
5976,9301,Lophophorus impejanus,Himalayan Monal,Aves,Galliformes
5977,9302,Lophophorus lhuysii,Chinese Monal,Aves,Galliformes
5978,9304,Lophorina latipennis,Greater Lophorina,Aves,Passeriformes
5979,9306,Lophorina superba,Vogelkop Lophorina,Aves,Passeriformes
5980,9310,Lophornis chalybeus,Festive Coquette,Aves,Apodiformes
5981,9311,Lophornis delattrei,Rufous-crested Coquette,Aves,Apodiformes
5982,9314,Lophornis magnificus,Frilled Coquette,Aves,Apodiformes
5983,9315,Lophornis ornatus,Tufted Coquette,Aves,Apodiformes
5984,9316,Lophornis stictolophus,Spangled Coquette,Aves,Apodiformes
5985,9317,Lophornis verreauxii,Butterfly Coquette,Aves,Apodiformes
5986,9318,Lophospingus griseocristatus,Grey-crested Finch,Aves,Passeriformes
5987,9319,Lophospingus pusillus,Black-crested Finch,Aves,Passeriformes
5988,9323,Lophostrix cristata,Crested Owl,Aves,Strigiformes
5989,9324,Lophotibis cristata,Madagascar Ibis,Aves,Pelecaniformes
5990,9325,Lophotis gindiana,Buff-crested Bustard,Aves,Otidiformes
5991,9326,Lophotis savilei,Savile's Bustard,Aves,Otidiformes
5992,9327,Lophotriccus eulophotes,Long-crested Pygmy Tyrant,Aves,Passeriformes
5993,9328,Lophotriccus galeatus,Helmeted Pygmy Tyrant,Aves,Passeriformes
5994,9329,Lophotriccus pileatus,Scale-crested Pygmy Tyrant,Aves,Passeriformes
5995,9330,Lophotriccus vitiosus,Double-banded Pygmy Tyrant,Aves,Passeriformes
5996,9331,Lophotriorchis kienerii,Rufous-bellied Eagle,Aves,Accipitriformes
5997,9332,Lophura bulweri,Bulwer's Pheasant,Aves,Galliformes
5998,9333,Lophura diardi,Siamese Fireback,Aves,Galliformes
5999,9337,Lophura ignita,Bornean Crested Fireback,Aves,Galliformes
6000,9338,Lophura rufa,Malayan Crested Fireback,Aves,Galliformes
6001,9340,Lophura leucomelanos,Kalij Pheasant,Aves,Galliformes
6002,9341,Lophura nycthemera,Silver Pheasant,Aves,Galliformes
6003,9342,Lophura swinhoii,Swinhoe's Pheasant,Aves,Galliformes
6004,9343,Loriculus amabilis,Moluccan Hanging Parrot,Aves,Psittaciformes
6005,9345,Loriculus beryllinus,Sri Lanka Hanging Parrot,Aves,Psittaciformes
6006,9351,Loriculus galgulus,Blue-crowned Hanging Parrot,Aves,Psittaciformes
6007,9352,Loriculus philippensis,Philippine Hanging Parrot,Aves,Psittaciformes
6008,9354,Loriculus sclateri,Sula Hanging Parrot,Aves,Psittaciformes
6009,9355,Loriculus stigmatus,Great Hanging Parrot,Aves,Psittaciformes
6010,9356,Loriculus vernalis,Vernal Hanging Parrot,Aves,Psittaciformes
6011,9357,Loriotus cristatus,Flame-crested Tanager,Aves,Passeriformes
6012,9358,Loriotus luctuosus,White-shouldered Tanager,Aves,Passeriformes
6013,9359,Loriotus rufiventer,Yellow-crested Tanager,Aves,Passeriformes
6014,9361,Lorius chlorocercus,Yellow-bibbed Lory,Aves,Psittaciformes
6015,9363,Lorius garrulus,Chattering Lory,Aves,Psittaciformes
6016,9364,Lorius hypoinochrous,Purple-bellied Lory,Aves,Psittaciformes
6017,9365,Lorius lory,Black-capped Lory,Aves,Psittaciformes
6018,9366,Loxia curvirostra,Red Crossbill,Aves,Passeriformes
6019,9367,Loxia leucoptera,Two-barred Crossbill,Aves,Passeriformes
6020,9368,Loxia megaplaga,Hispaniolan Crossbill,Aves,Passeriformes
6021,9369,Loxia pytyopsittacus,Parrot Crossbill,Aves,Passeriformes
6022,9370,Loxia scotica,Scottish Crossbill,Aves,Passeriformes
6023,9371,Loxia sinesciuris,Cassia Crossbill,Aves,Passeriformes
6024,9372,Loxigilla barbadensis,Barbados Bullfinch,Aves,Passeriformes
6025,9373,Loxigilla noctis,Lesser Antillean Bullfinch,Aves,Passeriformes
6026,9374,Loxioides bailleui,Palila,Aves,Passeriformes
6027,9375,Loxipasser anoxanthus,Yellow-shouldered Grassquit,Aves,Passeriformes
6028,9376,Loxoblemmus arietulus,Loxoblemmus arietulus,Insecta,Orthoptera
6029,9378,Loxoblemmus doenitzi,Loxoblemmus doenitzi,Insecta,Orthoptera
6030,9379,Loxoblemmus equestris,Loxoblemmus equestris,Insecta,Orthoptera
6031,9381,Loxoblemmus parabolicus,Loxoblemmus parabolicus,Insecta,Orthoptera
6032,9383,Loxodonta africana,African Bush Elephant,Mammalia,Proboscidea
6033,9385,Loxops caeruleirostris,Akekee,Aves,Passeriformes
6034,9386,Loxops coccineus,Hawaii Akepa,Aves,Passeriformes
6035,9387,Loxops mana,Hawaii Creeper,Aves,Passeriformes
6036,9391,Lullula arborea,Woodlark,Aves,Passeriformes
6037,9396,Lupulella mesomelas,Black-backed jackal,Mammalia,Carnivora
6038,9397,Lurocalis rufiventris,Rufous-bellied Nighthawk,Aves,Caprimulgiformes
6039,9398,Lurocalis semitorquatus,Short-tailed Nighthawk,Aves,Caprimulgiformes
6040,9399,Luscinia luscinia,Thrush Nightingale,Aves,Passeriformes
6041,9400,Luscinia megarhynchos,Common Nightingale,Aves,Passeriformes
6042,9401,Luscinia sibilans,Luscinia sibilans,Aves,Passeriformes
6043,9402,Luscinia svecica,Bluethroat,Aves,Passeriformes
6044,9406,Lutra lutra,Eurasian otter,Mammalia,Carnivora
6045,9409,Pogonornis bidentatus,Double-toothed Barbet,Aves,Piciformes
6046,9411,Lybius chaplini,Chaplin's Barbet,Aves,Piciformes
6047,9412,Pogonornis dubius,Bearded Barbet,Aves,Piciformes
6048,9414,Lybius guifsobalito,Black-billed Barbet,Aves,Piciformes
6049,9415,Lybius leucocephalus,White-headed Barbet,Aves,Piciformes
6050,9416,Pogonornis melanopterus,Brown-breasted Barbet,Aves,Piciformes
6051,9418,Pogonornis minor,Black-backed Barbet,Aves,Piciformes
6052,9420,Lybius rubrifacies,Red-faced Barbet,Aves,Piciformes
6053,9421,Lybius torquatus,Black-collared Barbet,Aves,Piciformes
6054,9423,Lybius vieilloti,Vieillot's Barbet,Aves,Piciformes
6055,9424,Lycalopex culpaeus,Culpeo,Mammalia,Carnivora
6056,9427,Lycalopex gymnocercus,Pampas Fox,Mammalia,Carnivora
6057,9431,Lycocorax obiensis,Obi Paradise-crow,Aves,Passeriformes
6058,9432,Lycocorax pyrrhopterus,Halmahera Paradise-crow,Aves,Passeriformes
6059,9434,Lymnocryptes minimus,Jack Snipe,Aves,Charadriiformes
6060,9435,Lyncornis macrotis,Great Eared Nightjar,Aves,Caprimulgiformes
6061,9436,Lyncornis temminckii,Malaysian Eared Nightjar,Aves,Caprimulgiformes
6062,9437,Lynx canadensis,Canada lynx,Mammalia,Carnivora
6063,9438,Lynx lynx,Eurasian lynx,Mammalia,Carnivora
6064,9439,Lynx rufus,Bobcat,Mammalia,Carnivora
6065,9440,Lyristes gemellus,Lyristes gemellus,Insecta,Hemiptera
6066,9441,Lyristes plebejus,Lyristes plebejus,Insecta,Hemiptera
6067,9443,Lyrurus tetrix,Black Grouse,Aves,Galliformes
6068,9447,Lysapsus limellum,Lysapsus limellum,Amphibia,Anura
6069,9454,Macaca cyclopis,Taiwan macaque,Mammalia,Primates
6070,9455,Macaca fascicularis,Long-tailed Macaque,Mammalia,Primates
6071,9460,Macaca nemestrina,pigtail macaque,Mammalia,Primates
6072,9469,Machaerirhynchus flaviventer,Yellow-breasted Boatbill,Aves,Passeriformes
6073,9470,Machaerirhynchus nigripectus,Black-breasted Boatbill,Aves,Passeriformes
6074,9471,Machaeropterus deliciosus,Club-winged Manakin,Aves,Passeriformes
6075,9472,Machaeropterus eckelberryi,Painted Manakin,Aves,Passeriformes
6076,9473,Machaeropterus pyrocephalus,Fiery-capped Manakin,Aves,Passeriformes
6077,9474,Machaeropterus regulus,Kinglet Manakin,Aves,Passeriformes
6078,9475,Machaeropterus striolatus,Striolated Manakin,Aves,Passeriformes
6079,9476,Macheiramphus alcinus,Bat Hawk,Aves,Accipitriformes
6080,9477,Machetornis rixosa,Cattle Tyrant,Aves,Passeriformes
6081,9478,Machlolophus aplonotus,Indian Black-lored Tit,Aves,Passeriformes
6082,9479,Machlolophus holsti,Yellow Tit,Aves,Passeriformes
6083,9480,Machlolophus nuchalis,White-naped Tit,Aves,Passeriformes
6084,9481,Machlolophus spilonotus,Yellow-cheeked Tit,Aves,Passeriformes
6085,9482,Machlolophus xanthogenys,Himalayan Black-lored Tit,Aves,Passeriformes
6086,9483,Mackenziaena leachii,Large-tailed Antshrike,Aves,Passeriformes
6087,9484,Mackenziaena severa,Tufted Antshrike,Aves,Passeriformes
6088,9485,Macroagelaius imthurni,Golden-tufted Mountain Grackle,Aves,Passeriformes
6089,9486,Macroagelaius subalaris,Colombian Mountain Grackle,Aves,Passeriformes
6090,9487,Macrocephalon maleo,Maleo,Aves,Galliformes
6091,9490,Macronectes giganteus,Southern Giant Petrel,Aves,Procellariiformes
6092,9491,Macronectes halli,Northern Giant Petrel,Aves,Procellariiformes
6093,9492,Mixornis bornensis,Bold-striped Tit-Babbler,Aves,Passeriformes
6094,9493,Mixornis flavicollis,Grey-cheeked Tit-Babbler,Aves,Passeriformes
6095,9495,Mixornis gularis,Pin-striped Tit-Babbler,Aves,Passeriformes
6096,9496,Mixornis kelleyi,Grey-faced Tit-Babbler,Aves,Passeriformes
6097,9497,Macronus ptilosus,Fluffy-backed Tit-Babbler,Aves,Passeriformes
6098,9498,Macronus striaticeps,Brown Tit-Babbler,Aves,Passeriformes
6099,9499,Macronyx ameliae,Rosy-throated Longclaw,Aves,Passeriformes
6100,9500,Macronyx aurantiigula,Pangani Longclaw,Aves,Passeriformes
6101,9501,Macronyx capensis,Cape Longclaw,Aves,Passeriformes
6102,9502,Macronyx croceus,Yellow-throated Longclaw,Aves,Passeriformes
6103,9504,Macronyx fuelleborni,Fülleborn's Longclaw,Aves,Passeriformes
6104,9507,Macronyx sharpei,Sharpe's Longclaw,Aves,Passeriformes
6105,9509,Macropsalis forcipata,Long-trained Nightjar,Aves,Caprimulgiformes
6106,9512,Macropus giganteus,Eastern Grey Kangaroo,Mammalia,Diprotodontia
6107,9517,Macropygia amboinensis,Amboyna Cuckoo-Dove,Aves,Columbiformes
6108,9519,Macropygia doreya,Sultan's Cuckoo-Dove,Aves,Columbiformes
6109,9520,Macropygia emiliana,Ruddy Cuckoo-Dove,Aves,Columbiformes
6110,9521,Macropygia macassariensis,Flores Sea Cuckoo-Dove,Aves,Columbiformes
6111,9522,Macropygia mackinlayi,Spot-breasted Cuckoo-Dove,Aves,Columbiformes
6112,9523,Macropygia magna,Timor Cuckoo-Dove,Aves,Columbiformes
6113,9524,Macropygia modiglianii,Barusan Cuckoo-Dove,Aves,Columbiformes
6114,9525,Macropygia nigrirostris,Bar-tailed Cuckoo-Dove,Aves,Columbiformes
6115,9526,Macropygia phasianella,Brown Cuckoo-Dove,Aves,Columbiformes
6116,9527,Macropygia ruficeps,Little Cuckoo-Dove,Aves,Columbiformes
6117,9528,Macropygia rufipennis,Andaman Cuckoo-Dove,Aves,Columbiformes
6118,9529,Macropygia tenuirostris,Philippine Cuckoo-Dove,Aves,Columbiformes
6119,9530,Macropygia timorlaoensis,Tanimbar Cuckoo-Dove,Aves,Columbiformes
6120,9531,Macropygia unchall,Barred Cuckoo-Dove,Aves,Columbiformes
6121,9534,Macrosemia kareisana,Macrosemia kareisana,Insecta,Hemiptera
6122,9539,Macrosphenus concolor,Grey Longbill,Aves,Passeriformes
6123,9540,Macrosphenus flavicans,Yellow Longbill,Aves,Passeriformes
6124,9541,Macrosphenus kempi,Kemp's Longbill,Aves,Passeriformes
6125,9542,Macrosphenus kretschmeri,Kretschmer's Longbill,Aves,Passeriformes
6126,9543,Macrosphenus pulitzeri,Pulitzer's Longbill,Aves,Passeriformes
6127,9545,Macrotristria angularis,Macrotristria angularis,Insecta,Hemiptera
6128,9550,Macrotristria intersecta,Macrotristria intersecta,Insecta,Hemiptera
6129,9555,Magicicada cassini,Dwarf Periodical Cicada,Insecta,Hemiptera
6130,9557,Magicicada neotredecim,Magicicada neotredecim,Insecta,Hemiptera
6131,9558,Magicicada septendecim,Pharaoh Cicada,Insecta,Hemiptera
6132,9559,Magicicada septendecula,Magicicada septendecula,Insecta,Hemiptera
6133,9560,Magicicada tredecassini,Magicicada tredecassini,Insecta,Hemiptera
6134,9561,Magicicada tredecim,Magicicada tredecim,Insecta,Hemiptera
6135,9562,Magicicada tredecula,Magicicada tredecula,Insecta,Hemiptera
6136,9564,Magumma parva,Anianiau,Aves,Passeriformes
6137,9567,Majeorona bovilla,Majeorona bovilla,Insecta,Hemiptera
6138,9569,Malacocincla abbotti,Abbott's Babbler,Aves,Passeriformes
6139,9570,Pellorneum cinereiceps,Ashy-headed Babbler,Aves,Passeriformes
6140,9572,Malacocincla sepiaria,Horsfield's Babbler,Aves,Passeriformes
6141,9574,Malaconotus blanchoti,Grey-headed Bushshrike,Aves,Passeriformes
6142,9575,Malaconotus cruentus,Fiery-breasted Bushshrike,Aves,Passeriformes
6143,9577,Malaconotus lagdeni,Lagden's Bushshrike,Aves,Passeriformes
6144,9578,Malaconotus monteiri,Monteiro's Bushshrike,Aves,Passeriformes
6145,9579,Malacopteron affine,Sooty-capped Babbler,Aves,Passeriformes
6146,9580,Malacopteron albogulare,Grey-breasted Babbler,Aves,Passeriformes
6147,9581,Malacopteron cinereum,Scaly-crowned Babbler,Aves,Passeriformes
6148,9582,Malacopteron magnirostre,Moustached Babbler,Aves,Passeriformes
6149,9583,Malacopteron magnum,Rufous-crowned Babbler,Aves,Passeriformes
6150,9584,Malacopteron palawanense,Melodious Babbler,Aves,Passeriformes
6151,9585,Malacoptila fulvogularis,Black-streaked Puffbird,Aves,Piciformes
6152,9586,Malacoptila fusca,White-chested Puffbird,Aves,Piciformes
6153,9587,Malacoptila mystacalis,Moustached Puffbird,Aves,Piciformes
6154,9588,Malacoptila panamensis,White-whiskered Puffbird,Aves,Piciformes
6155,9589,Malacoptila rufa,Rufous-necked Puffbird,Aves,Piciformes
6156,9590,Malacoptila semicincta,Semicollared Puffbird,Aves,Piciformes
6157,9591,Malacoptila striata,Crescent-chested Puffbird,Aves,Piciformes
6158,9592,Malacorhynchus membranaceus,Pink-eared Duck,Aves,Anseriformes
6159,9595,Malcorus pectoralis,Rufous-eared Warbler,Aves,Passeriformes
6160,9596,Malia grata,Malia,Aves,Passeriformes
6161,9598,Malimbus cassini,Cassin's Malimbe,Aves,Passeriformes
6162,9601,Malimbus malimbicus,Crested Malimbe,Aves,Passeriformes
6163,9602,Malimbus nitens,Blue-billed Malimbe,Aves,Passeriformes
6164,9604,Malimbus rubricollis,Red-headed Malimbe,Aves,Passeriformes
6165,9605,Malimbus scutatus,Red-vented Malimbe,Aves,Passeriformes
6166,9609,Malurus alboscapulatus,White-shouldered Fairywren,Aves,Passeriformes
6167,9610,Malurus amabilis,Lovely Fairywren,Aves,Passeriformes
6168,9611,Malurus assimilis,Purple-backed Fairywren,Aves,Passeriformes
6169,9612,Malurus coronatus,Purple-crowned Fairywren,Aves,Passeriformes
6170,9613,Malurus cyaneus,Superb Fairywren,Aves,Passeriformes
6171,9614,Malurus cyanocephalus,Emperor Fairywren,Aves,Passeriformes
6172,9615,Malurus elegans,Red-winged Fairywren,Aves,Passeriformes
6173,9616,Malurus lamberti,Variegated Fairywren,Aves,Passeriformes
6174,9617,Malurus leucopterus,White-winged Fairywren,Aves,Passeriformes
6175,9618,Malurus melanocephalus,Red-backed Fairywren,Aves,Passeriformes
6176,9619,Malurus pulcherrimus,Blue-breasted Fairywren,Aves,Passeriformes
6177,9620,Malurus splendens,Splendid Fairywren,Aves,Passeriformes
6178,9623,Manacus aurantiacus,Orange-collared Manakin,Aves,Passeriformes
6179,9624,Manacus candei,White-collared Manakin,Aves,Passeriformes
6180,9625,Manacus manacus,White-bearded Manakin,Aves,Passeriformes
6181,9626,Manacus vitellinus,Golden-collared Manakin,Aves,Passeriformes
6182,9627,Mandingoa nitidula,Green Twinspot,Aves,Passeriformes
6183,9628,Mandrillus sphinx,Mandrill,Mammalia,Primates
6184,9634,Mannophryne trinitatis,Mannophryne trinitatis,Amphibia,Anura
6185,9636,Manorina flavigula,Yellow-throated Miner,Aves,Passeriformes
6186,9637,Manorina melanocephala,Noisy Miner,Aves,Passeriformes
6187,9638,Manorina melanophrys,Bell Miner,Aves,Passeriformes
6188,9639,Manorina melanotis,Black-eared Miner,Aves,Passeriformes
6189,9643,Manucodia ater,Glossy-mantled Manucode,Aves,Passeriformes
6190,9644,Manucodia chalybatus,Crinkle-collared Manucode,Aves,Passeriformes
6191,9645,Manucodia comrii,Curl-crested Manucode,Aves,Passeriformes
6192,9654,Mareca americana,American Wigeon,Aves,Anseriformes
6193,9657,Margarobyas lawrencii,Bare-legged Owl,Aves,Strigiformes
6194,9659,Margarops fuscatus,Pearly-eyed Thrasher,Aves,Passeriformes
6195,9661,Margarornis rubiginosus,Ruddy Treerunner,Aves,Passeriformes
6196,9662,Margarornis squamiger,Pearled Treerunner,Aves,Passeriformes
6197,9663,Margarornis stellatus,Star-chested Treerunner,Aves,Passeriformes
6198,9665,Marmaronetta angustirostris,Marbled Duck,Aves,Anseriformes
6199,9668,Marmota caligata,Hoary Marmot,Mammalia,Rodentia
6200,9669,Marmota flaviventris,yellow-bellied marmot,Mammalia,Rodentia
6201,9671,Marmota marmota,Marmota marmota,Mammalia,Rodentia
6202,9672,Marmota monax,woodchuck,Mammalia,Rodentia
6203,9680,Martes foina,Martes foina,Mammalia,Carnivora
6204,9682,Martes martes,Martes martes,Mammalia,Carnivora
6205,9685,Masius chrysopterus,Golden-winged Manakin,Aves,Passeriformes
6206,9696,Mayrornis lessoni,Slaty Monarch,Aves,Passeriformes
6207,9701,Mazaria propinqua,White-bellied Spinetail,Aves,Passeriformes
6208,9704,Mecocerculus calopterus,Rufous-winged Tyrannulet,Aves,Passeriformes
6209,9705,Mecocerculus hellmayri,Buff-banded Tyrannulet,Aves,Passeriformes
6210,9706,Mecocerculus leucophrys,White-throated Tyrannulet,Aves,Passeriformes
6211,9707,Mecocerculus minor,Sulphur-bellied Tyrannulet,Aves,Passeriformes
6212,9708,Mecocerculus poecilocercus,White-tailed Tyrannulet,Aves,Passeriformes
6213,9709,Mecocerculus stictopterus,White-banded Tyrannulet,Aves,Passeriformes
6214,9710,Meconema meridionale,Meconema meridionale,Insecta,Orthoptera
6215,9711,Meconema thalassinum,Meconema thalassinum,Insecta,Orthoptera
6216,9714,Mecopoda elongata,Mecopoda elongata,Insecta,Orthoptera
6217,9717,Mecopoda niponensis,Mecopoda niponensis,Insecta,Orthoptera
6218,9720,Megabyas flammulatus,African Shrike-flycatcher,Aves,Passeriformes
6219,9721,Megaceryle alcyon,Belted Kingfisher,Aves,Coraciiformes
6220,9722,Megaceryle lugubris,Crested Kingfisher,Aves,Coraciiformes
6221,9723,Megaceryle maxima,Giant Kingfisher,Aves,Coraciiformes
6222,9724,Megaceryle torquata,Ringed Kingfisher,Aves,Coraciiformes
6223,9728,Megadyptes antipodes,Yellow-eyed Penguin,Aves,Sphenisciformes
6224,9729,Psilopogon haemacephalus,Coppersmith Barbet,Aves,Piciformes
6225,9731,Psilopogon virens,Great Barbet,Aves,Piciformes
6226,9733,Psilopogon zeylanicus,Brown-headed Barbet,Aves,Piciformes
6227,9735,Megalampitta gigantea,Greater Melampitta,Aves,Passeriformes
6228,9738,Poodytes carteri,Spinifexbird,Aves,Passeriformes
6229,9739,Poodytes gramineus,Little Grassbird,Aves,Passeriformes
6230,9740,Megalurus palustris,Striated Grassbird,Aves,Passeriformes
6231,9741,Megapodius bernsteinii,Sula Megapode,Aves,Galliformes
6232,9742,Megapodius cumingii,Philippine Megapode,Aves,Galliformes
6233,9743,Megapodius decollatus,New Guinea Scrubfowl,Aves,Galliformes
6234,9744,Megapodius eremita,Melanesian Megapode,Aves,Galliformes
6235,9745,Megapodius freycinet,Dusky Megapode,Aves,Galliformes
6236,9746,Megapodius geelvinkianus,Biak Scrubfowl,Aves,Galliformes
6237,9747,Megapodius laperouse,Micronesian Megapode,Aves,Galliformes
6238,9751,Megapodius reinwardt,Orange-footed Scrubfowl,Aves,Galliformes
6239,9755,Megapomponia merula,Megapomponia merula,Insecta,Hemiptera
6240,9758,Megaptera novaeangliae,Humpback Whale,Mammalia,Cetacea
6241,9760,Megarynchus pitangua,Boat-billed Flycatcher,Aves,Passeriformes
6242,9761,Megascops albogularis,White-throated Screech Owl,Aves,Strigiformes
6243,9762,Megascops asio,Eastern Screech Owl,Aves,Strigiformes
6244,9763,Megascops atricapilla,Black-capped Screech Owl,Aves,Strigiformes
6245,9764,Megascops barbarus,Bearded Screech Owl,Aves,Strigiformes
6246,9765,Megascops centralis,Choco Screech Owl,Aves,Strigiformes
6247,9766,Megascops choliba,Tropical Screech Owl,Aves,Strigiformes
6248,9767,Megascops clarkii,Bare-shanked Screech Owl,Aves,Strigiformes
6249,9768,Megascops cooperi,Pacific Screech Owl,Aves,Strigiformes
6250,9769,Megascops gilesi,Santa Marta Screech Owl,Aves,Strigiformes
6251,9770,Megascops guatemalae,Middle American Screech Owl,Aves,Strigiformes
6252,9771,Megascops hoyi,Yungas Screech Owl,Aves,Strigiformes
6253,9772,Megascops ingens,Rufescent Screech Owl,Aves,Strigiformes
6254,9773,Megascops kennicottii,Western Screech Owl,Aves,Strigiformes
6255,9774,Megascops koepckeae,Koepcke's Screech Owl,Aves,Strigiformes
6256,9775,Megascops marshalli,Cloud-forest Screech Owl,Aves,Strigiformes
6257,9776,Megascops petersoni,Cinnamon Screech Owl,Aves,Strigiformes
6258,9777,Megascops roboratus,West Peruvian Screech Owl,Aves,Strigiformes
6259,9778,Megascops roraimae,Foothill Screech Owl,Aves,Strigiformes
6260,9779,Megascops sanctaecatarinae,Long-tufted Screech Owl,Aves,Strigiformes
6261,9780,Megascops seductus,Balsas Screech Owl,Aves,Strigiformes
6262,9781,Megascops trichopsis,Whiskered Screech Owl,Aves,Strigiformes
6263,9782,Megascops vermiculatus,Megascops vermiculatus,Aves,Strigiformes
6264,9783,Megascops watsonii,Tawny-bellied Screech Owl,Aves,Strigiformes
6265,9785,Megastictus margaritatus,Pearly Antshrike,Aves,Passeriformes
6266,9787,Megatibicen cultriformis,Megatibicen cultriformis,Insecta,Hemiptera
6267,9788,Megatibicen dealbatus,Megatibicen dealbatus,Insecta,Hemiptera
6268,9789,Megatibicen dorsatus,Megatibicen dorsatus,Insecta,Hemiptera
6269,9790,Tibicen figurata,Tibicen figurata,Insecta,Hemiptera
6270,9793,Tibicen marginalis,Tibicen marginalis,Insecta,Hemiptera
6271,9795,Megatibicen resh,Megatibicen resh,Insecta,Hemiptera
6272,9796,Tibicen resonans,Tibicen resonans,Insecta,Hemiptera
6273,9798,Megatibicen tremulus,Megatibicen tremulus,Insecta,Hemiptera
6274,9801,Megaxenops parnaguae,Great Xenops,Aves,Passeriformes
6275,9802,Megazosterops palauensis,Giant White-eye,Aves,Passeriformes
6276,9806,Meiglyptes grammithorax,Buff-rumped Woodpecker,Aves,Piciformes
6277,9807,Meiglyptes tristis,Zebra Woodpecker,Aves,Piciformes
6278,9808,Meiglyptes jugularis,Black-and-buff Woodpecker,Aves,Piciformes
6279,9809,Meiglyptes tukki,Buff-necked Woodpecker,Aves,Piciformes
6280,9811,Meimuna iwasakii,Meimuna iwasakii,Insecta,Hemiptera
6281,9812,Meimuna kuroiwae,Meimuna kuroiwae,Insecta,Hemiptera
6282,9814,Meimuna mongolica,Meimuna mongolica,Insecta,Hemiptera
6283,9815,Meimuna opalifera,Meimuna opalifera,Insecta,Hemiptera
6284,9816,Meimuna oshimensis,Meimuna oshimensis,Insecta,Hemiptera
6285,9817,Meimuna silhetana,Meimuna silhetana,Insecta,Hemiptera
6286,9818,Melaenornis annamarulae,Nimba Flycatcher,Aves,Passeriformes
6287,9819,Melaenornis ardesiacus,Yellow-eyed Black Flycatcher,Aves,Passeriformes
6288,9820,Melaenornis edolioides,Northern Black Flycatcher,Aves,Passeriformes
6289,9821,Melaenornis infuscatus,Melaenornis infuscatus,Aves,Passeriformes
6290,9822,Melaenornis mariquensis,Melaenornis mariquensis,Aves,Passeriformes
6291,9823,Melaenornis microrhynchus,Melaenornis microrhynchus,Aves,Passeriformes
6292,9824,Melaenornis pammelaina,Southern Black Flycatcher,Aves,Passeriformes
6293,9825,Sigelus silens,Fiscal Flycatcher,Aves,Passeriformes
6294,9827,Melampitta lugubris,Lesser Melampitta,Aves,Passeriformes
6295,9831,Melanerpes aurifrons,Golden-fronted Woodpecker,Aves,Piciformes
6296,9832,Melanerpes cactorum,White-fronted Woodpecker,Aves,Piciformes
6297,9833,Melanerpes candidus,White Woodpecker,Aves,Piciformes
6298,9834,Melanerpes carolinus,Red-bellied Woodpecker,Aves,Piciformes
6299,9835,Melanerpes chrysauchen,Golden-naped Woodpecker,Aves,Piciformes
6300,9836,Melanerpes chrysogenys,Golden-cheeked Woodpecker,Aves,Piciformes
6301,9837,Melanerpes cruentatus,Yellow-tufted Woodpecker,Aves,Piciformes
6302,9838,Melanerpes erythrocephalus,Red-headed Woodpecker,Aves,Piciformes
6303,9839,Melanerpes flavifrons,Yellow-fronted Woodpecker,Aves,Piciformes
6304,9840,Melanerpes formicivorus,Acorn Woodpecker,Aves,Piciformes
6305,9841,Melanerpes herminieri,Guadeloupe Woodpecker,Aves,Piciformes
6306,9842,Melanerpes hoffmannii,Hoffmann's Woodpecker,Aves,Piciformes
6307,9843,Melanerpes hypopolius,Grey-breasted Woodpecker,Aves,Piciformes
6308,9844,Melanerpes lewis,Lewis's Woodpecker,Aves,Piciformes
6309,9845,Melanerpes portoricensis,Puerto Rican Woodpecker,Aves,Piciformes
6310,9846,Melanerpes pucherani,Black-cheeked Woodpecker,Aves,Piciformes
6311,9847,Melanerpes pulcher,Beautiful Woodpecker,Aves,Piciformes
6312,9848,Melanerpes pygmaeus,Yucatan Woodpecker,Aves,Piciformes
6313,9849,Melanerpes radiolatus,Jamaican Woodpecker,Aves,Piciformes
6314,9850,Melanerpes rubricapillus,Red-crowned Woodpecker,Aves,Piciformes
6315,9851,Melanerpes santacruzi,Velasquez's Woodpecker,Aves,Piciformes
6316,9852,Melanerpes striatus,Hispaniolan Woodpecker,Aves,Piciformes
6317,9853,Melanerpes superciliaris,West Indian Woodpecker,Aves,Piciformes
6318,9854,Melanerpes uropygialis,Gila Woodpecker,Aves,Piciformes
6319,9855,Melaniparus afer,Grey Tit,Aves,Passeriformes
6320,9857,Melaniparus albiventris,White-bellied Tit,Aves,Passeriformes
6321,9858,Melaniparus carpi,Carp's Tit,Aves,Passeriformes
6322,9859,Melaniparus cinerascens,Ashy Tit,Aves,Passeriformes
6323,9860,Melaniparus fasciiventer,Stripe-breasted Tit,Aves,Passeriformes
6324,9861,Melaniparus fringillinus,Red-throated Tit,Aves,Passeriformes
6325,9862,Melaniparus funereus,Dusky Tit,Aves,Passeriformes
6326,9863,Melaniparus griseiventris,Miombo Tit,Aves,Passeriformes
6327,9864,Melaniparus guineensis,White-shouldered Black Tit,Aves,Passeriformes
6328,9865,Melaniparus leucomelas,White-winged Black Tit,Aves,Passeriformes
6329,9866,Melaniparus leuconotus,White-backed Black Tit,Aves,Passeriformes
6330,9867,Melaniparus niger,Southern Black Tit,Aves,Passeriformes
6331,9869,Melaniparus rufiventris,Rufous-bellied Tit,Aves,Passeriformes
6332,9870,Melaniparus thruppi,Acacia Tit,Aves,Passeriformes
6333,9871,Melanitta americana,Black Scoter,Aves,Anseriformes
6334,9872,Melanitta deglandi,White-winged Scoter,Aves,Anseriformes
6335,9873,Melanitta fusca,Velvet Scoter,Aves,Anseriformes
6336,9874,Melanitta nigra,Common Scoter,Aves,Anseriformes
6337,9875,Melanitta perspicillata,Surf Scoter,Aves,Anseriformes
6338,9877,Melanocharis arfakiana,Obscure Berrypecker,Aves,Passeriformes
6339,9879,Melanocharis longicauda,Mid-mountain Berrypecker,Aves,Passeriformes
6340,9880,Melanocharis nigra,Black Berrypecker,Aves,Passeriformes
6341,9881,Melanocharis versteri,Fan-tailed Berrypecker,Aves,Passeriformes
6342,9882,Melanochlora sultanea,Sultan Tit,Aves,Passeriformes
6343,9883,Melanocichla calva,Bare-headed Laughingthrush,Aves,Passeriformes
6344,9884,Melanocichla lugubris,Black Laughingthrush,Aves,Passeriformes
6345,9885,Melanocorypha bimaculata,Bimaculated Lark,Aves,Passeriformes
6346,9886,Melanocorypha calandra,Calandra Lark,Aves,Passeriformes
6347,9887,Melanocorypha maxima,Tibetan Lark,Aves,Passeriformes
6348,9888,Melanocorypha mongolica,Mongolian Lark,Aves,Passeriformes
6349,9889,Melanocorypha yeltoniensis,Black Lark,Aves,Passeriformes
6350,9890,Melanodera melanodera,White-bridled Finch,Aves,Passeriformes
6351,9891,Melanodera xanthogramma,Yellow-bridled Finch,Aves,Passeriformes
6352,9892,Melanodryas bimaculata,White-rumped Robin,Aves,Passeriformes
6353,9893,Melanodryas cryptoleuca,Smoky Robin,Aves,Passeriformes
6354,9894,Melanodryas cucullata,Hooded Robin,Aves,Passeriformes
6355,9895,Melanodryas cyanus,Slaty Robin,Aves,Passeriformes
6356,9896,Melanodryas pulverulenta,Mangrove Robin,Aves,Passeriformes
6357,9897,Melanodryas sigillata,White-winged Robin,Aves,Passeriformes
6358,9898,Melanodryas vittata,Dusky Robin,Aves,Passeriformes
6359,9899,Melanogryllus desertus,Melanogryllus desertus,Insecta,Orthoptera
6360,9901,Melanopareia torquata,Collared Crescentchest,Aves,Passeriformes
6361,9902,Melanopareia elegans,Elegant Crescentchest,Aves,Passeriformes
6362,9903,Melanopareia maranonica,Maranon Crescentchest,Aves,Passeriformes
6363,9904,Melanopareia maximiliani,Olive-crowned Crescentchest,Aves,Passeriformes
6364,9906,Melanophryniscus diabolicus,Melanophryniscus diabolicus,Amphibia,Anura
6365,9916,Melanoptila glabrirostris,Black Catbird,Aves,Passeriformes
6366,9917,Melanorectes nigrescens,Black Pitohui,Aves,Passeriformes
6367,9918,Melanospiza bicolor,Black-faced Grassquit,Aves,Passeriformes
6368,9919,Melanospiza richardsoni,St. Lucia Black Finch,Aves,Passeriformes
6369,9921,Melanotis caerulescens,Blue Mockingbird,Aves,Passeriformes
6370,9922,Melanotis hypoleucus,Blue-and-white Mockingbird,Aves,Passeriformes
6371,9923,Meleagris gallopavo,Wild Turkey,Aves,Galliformes
6372,9924,Meleagris ocellata,Ocellated Turkey,Aves,Galliformes
6373,9925,Meles meles,Meles meles,Mammalia,Carnivora
6374,9927,Meliarchus sclateri,Makira Honeyeater,Aves,Passeriformes
6375,9928,Melichneutes robustus,Lyre-tailed Honeyguide,Aves,Piciformes
6376,9930,Melidectes belfordi,Belford's Melidectes,Aves,Passeriformes
6377,9932,Melidectes leucostephes,Vogelkop Melidectes,Aves,Passeriformes
6378,9933,Melidectes ochromelas,Cinnamon-browed Melidectes,Aves,Passeriformes
6379,9934,Melidectes rufocrissalis,Yellow-browed Melidectes,Aves,Passeriformes
6380,9935,Melidectes torquatus,Ornate Melidectes,Aves,Passeriformes
6381,9936,Melidora macrorrhina,Hook-billed Kingfisher,Aves,Coraciiformes
6382,9937,Melierax canorus,Pale Chanting Goshawk,Aves,Accipitriformes
6383,9938,Melierax metabates,Dark Chanting Goshawk,Aves,Accipitriformes
6384,9939,Melierax poliopterus,Eastern Chanting Goshawk,Aves,Accipitriformes
6385,9940,Melignomon eisentrauti,Yellow-footed Honeyguide,Aves,Piciformes
6386,9942,Melilestes megarhynchus,Long-billed Honeyeater,Aves,Passeriformes
6387,9945,Meliphacator provocator,Kadavu Honeyeater,Aves,Passeriformes
6388,9946,Meliphaga albilineata,White-lined Honeyeater,Aves,Passeriformes
6389,9950,Meliphaga analoga,Mimic Honeyeater,Aves,Passeriformes
6390,9952,Meliphaga aruensis,Puff-backed Honeyeater,Aves,Passeriformes
6391,9958,Meliphaga fordiana,Kimberley Honeyeater,Aves,Passeriformes
6392,9960,Meliphaga gracilis,Graceful Honeyeater,Aves,Passeriformes
6393,9962,Meliphaga imitatrix,Cryptic Honeyeater,Aves,Passeriformes
6394,9963,Meliphaga lewinii,Lewin's Honeyeater,Aves,Passeriformes
6395,9967,Meliphaga notata,Yellow-spotted Honeyeater,Aves,Passeriformes
6396,9968,Meliphaga orientalis,Mountain Honeyeater,Aves,Passeriformes
6397,9970,Meliphaga reticulata,Streak-breasted Honeyeater,Aves,Passeriformes
6398,9973,Melipotes fumigatus,Common Smoky Honeyeater,Aves,Passeriformes
6399,9975,Melithreptus affinis,Black-headed Honeyeater,Aves,Passeriformes
6400,9976,Melithreptus albogularis,White-throated Honeyeater,Aves,Passeriformes
6401,9977,Melithreptus brevirostris,Brown-headed Honeyeater,Aves,Passeriformes
6402,9978,Melithreptus chloropsis,Gilbert's Honeyeater,Aves,Passeriformes
6403,9979,Melithreptus gularis,Black-chinned Honeyeater,Aves,Passeriformes
6404,9980,Melithreptus lunatus,White-naped Honeyeater,Aves,Passeriformes
6405,9981,Melithreptus validirostris,Strong-billed Honeyeater,Aves,Passeriformes
6406,9983,Mellisuga helenae,Bee Hummingbird,Aves,Apodiformes
6407,9984,Mellisuga minima,Vervain Hummingbird,Aves,Apodiformes
6408,9985,Melloria quoyi,Black Butcherbird,Aves,Passeriformes
6409,9986,Melocichla mentalis,Moustached Grass Warbler,Aves,Passeriformes
6410,9988,Meloimorpha japonica,Meloimorpha japonica,Insecta,Orthoptera
6411,9990,Melopsittacus undulatus,Budgerigar,Aves,Psittaciformes
6412,9991,Melopyrrha nigra,Cuban Bullfinch,Aves,Passeriformes
6413,9992,Melopyrrha taylori,Grand Cayman Bullfinch,Aves,Passeriformes
6414,9993,Melopyrrha portoricensis,Puerto Rican Bullfinch,Aves,Passeriformes
6415,9994,Melopyrrha violacea,Greater Antillean Bullfinch,Aves,Passeriformes
6416,9995,Melospiza georgiana,Swamp Sparrow,Aves,Passeriformes
6417,9996,Melospiza lincolnii,Lincoln's Sparrow,Aves,Passeriformes
6418,9997,Melospiza melodia,Song Sparrow,Aves,Passeriformes
6419,9998,Melozone aberti,Abert's Towhee,Aves,Passeriformes
6420,9999,Melozone albicollis,White-throated Towhee,Aves,Passeriformes
6421,10000,Melozone biarcuata,Prevost's Ground Sparrow,Aves,Passeriformes
6422,10001,Melozone cabanisi,Cabanis's Ground Sparrow,Aves,Passeriformes
6423,10002,Melozone crissalis,California Towhee,Aves,Passeriformes
6424,10003,Melozone fusca,Canyon Towhee,Aves,Passeriformes
6425,10004,Melozone kieneri,Rusty-crowned Ground Sparrow,Aves,Passeriformes
6426,10005,Melozone leucotis,White-eared Ground Sparrow,Aves,Passeriformes
6427,10007,Menelikornis leucotis,White-cheeked Turaco,Aves,Musophagiformes
6428,10009,Menelikornis ruspolii,Ruspoli's Turaco,Aves,Musophagiformes
6429,10010,Menetes berdmorei,Indochinese ground squirrel,Mammalia,Rodentia
6430,10013,Mentocrex kioloides,Madagascar Forest Rail,Aves,Gruiformes
6431,10014,Menura alberti,Albert's Lyrebird,Aves,Passeriformes
6432,10015,Menura novaehollandiae,Superb Lyrebird,Aves,Passeriformes
6433,10019,Merganetta armata,Torrent Duck,Aves,Anseriformes
6434,10020,Mergellus albellus,Smew,Aves,Anseriformes
6435,10021,Mergus merganser,Common Merganser,Aves,Anseriformes
6436,10022,Mergus octosetaceus,Brazilian Merganser,Aves,Anseriformes
6437,10023,Mergus serrator,Red-breasted Merganser,Aves,Anseriformes
6438,10026,Merodon equestris,Merodon equestris,Insecta,Diptera
6439,10028,Meropogon forsteni,Purple-bearded Bee-eater,Aves,Coraciiformes
6440,10029,Merops albicollis,White-throated Bee-eater,Aves,Coraciiformes
6441,10030,Merops americanus,Rufous-crowned Bee-eater,Aves,Coraciiformes
6442,10031,Merops apiaster,European Bee-eater,Aves,Coraciiformes
6443,10032,Merops boehmi,Böhm's Bee-eater,Aves,Coraciiformes
6444,10034,Merops bullockoides,White-fronted Bee-eater,Aves,Coraciiformes
6445,10035,Merops bulocki,Red-throated Bee-eater,Aves,Coraciiformes
6446,10036,Merops cyanophrys,Arabian Green Bee-eater,Aves,Coraciiformes
6447,10037,Merops gularis,Black Bee-eater,Aves,Coraciiformes
6448,10038,Merops hirundineus,Swallow-tailed Bee-eater,Aves,Coraciiformes
6449,10039,Merops lafresnayii,Ethiopian Bee-eater,Aves,Coraciiformes
6450,10040,Merops leschenaulti,Chestnut-headed Bee-eater,Aves,Coraciiformes
6451,10041,Merops malimbicus,Rosy Bee-eater,Aves,Coraciiformes
6452,10042,Merops mentalis,Blue-moustached Bee-eater,Aves,Coraciiformes
6453,10043,Merops muelleri,Blue-headed Bee-eater,Aves,Coraciiformes
6454,10044,Merops nubicoides,Southern Carmine Bee-eater,Aves,Coraciiformes
6455,10045,Merops nubicus,Northern Carmine Bee-eater,Aves,Coraciiformes
6456,10046,Merops oreobates,Cinnamon-chested Bee-eater,Aves,Coraciiformes
6457,10047,Merops orientalis,Asian Green Bee-eater,Aves,Coraciiformes
6458,10048,Merops ornatus,Rainbow Bee-eater,Aves,Coraciiformes
6459,10049,Merops persicus,Blue-cheeked Bee-eater,Aves,Coraciiformes
6460,10050,Merops philippinus,Blue-tailed Bee-eater,Aves,Coraciiformes
6461,10051,Merops pusillus,Little Bee-eater,Aves,Coraciiformes
6462,10053,Merops superciliosus,Olive Bee-eater,Aves,Coraciiformes
6463,10054,Merops variegatus,Blue-breasted Bee-eater,Aves,Coraciiformes
6464,10055,Merops viridis,Blue-throated Bee-eater,Aves,Coraciiformes
6465,10056,Merops viridissimus,African Green Bee-eater,Aves,Coraciiformes
6466,10057,Merulaxis ater,Slaty Bristlefront,Aves,Passeriformes
6467,10058,Merulaxis stresemanni,Stresemann's Bristlefront,Aves,Passeriformes
6468,10060,Mesembrinibis cayennensis,Green Ibis,Aves,Pelecaniformes
6469,10061,Mesitornis unicolor,Brown Mesite,Aves,Mesitornithiformes
6470,10062,Mesitornis variegatus,White-breasted Mesite,Aves,Mesitornithiformes
6471,10067,Metallura aeneocauda,Scaled Metaltail,Aves,Apodiformes
6472,10068,Metallura baroni,Violet-throated Metaltail,Aves,Apodiformes
6473,10069,Metallura eupogon,Fiery-throated Metaltail,Aves,Apodiformes
6474,10070,Metallura iracunda,Perija Metaltail,Aves,Apodiformes
6475,10071,Metallura odomae,Neblina Metaltail,Aves,Apodiformes
6476,10072,Metallura phoebe,Black Metaltail,Aves,Apodiformes
6477,10073,Metallura theresiae,Coppery Metaltail,Aves,Apodiformes
6478,10074,Metallura tyrianthina,Tyrian Metaltail,Aves,Apodiformes
6479,10075,Metallura williami,Viridian Metaltail,Aves,Apodiformes
6480,10077,Metaphrynella sundana,Metaphrynella sundana,Amphibia,Anura
6481,10082,Metopidius indicus,Bronze-winged Jacana,Aves,Charadriiformes
6482,10083,Metopothrix aurantiaca,Orange-fronted Plushcrown,Aves,Passeriformes
6483,10084,Metriopelia aymara,Golden-spotted Ground Dove,Aves,Columbiformes
6484,10085,Metriopelia ceciliae,Bare-faced Ground Dove,Aves,Columbiformes
6485,10086,Metriopelia melanoptera,Black-winged Ground Dove,Aves,Columbiformes
6486,10087,Metriopelia morenoi,Moreno's Ground Dove,Aves,Columbiformes
6487,10088,Metrioptera brachyptera,Metrioptera brachyptera,Insecta,Orthoptera
6488,10098,Micrastur buckleyi,Buckley's Forest Falcon,Aves,Falconiformes
6489,10099,Micrastur gilvicollis,Lined Forest Falcon,Aves,Falconiformes
6490,10100,Micrastur mintoni,Cryptic Forest Falcon,Aves,Falconiformes
6491,10101,Micrastur mirandollei,Slaty-backed Forest Falcon,Aves,Falconiformes
6492,10102,Micrastur plumbeus,Plumbeous Forest Falcon,Aves,Falconiformes
6493,10103,Micrastur ruficollis,Barred Forest Falcon,Aves,Falconiformes
6494,10104,Micrastur semitorquatus,Collared Forest Falcon,Aves,Falconiformes
6495,10105,Micrathene whitneyi,Elf Owl,Aves,Strigiformes
6496,10106,Microbates cinereiventris,Tawny-faced Gnatwren,Aves,Passeriformes
6497,10107,Microbates collaris,Collared Gnatwren,Aves,Passeriformes
6498,10108,Microbatrachella capensis,Microbatrachella capensis,Amphibia,Anura
6499,10109,Microcarbo africanus,Reed Cormorant,Aves,Suliformes
6500,10110,Microcarbo melanoleucos,Little Pied Cormorant,Aves,Suliformes
6501,10111,Microcarbo niger,Little Cormorant,Aves,Suliformes
6502,10112,Microcarbo pygmaeus,Pygmy Cormorant,Aves,Suliformes
6503,10118,Microcentrum retinerve,lesser angle-wing,Insecta,Orthoptera
6504,10119,Microcentrum rhombifolium,greater angle-wing,Insecta,Orthoptera
6505,10121,Microcerculus bambla,Wing-banded Wren,Aves,Passeriformes
6506,10122,Microcerculus marginatus,Southern Nightingale-Wren,Aves,Passeriformes
6507,10123,Microcerculus philomela,Northern Nightingale-Wren,Aves,Passeriformes
6508,10124,Microcerculus ustulatus,Flutist Wren,Aves,Passeriformes
6509,10125,Microchera albocoronata,Snowcap,Aves,Apodiformes
6510,10126,Microchera chionura,White-tailed Emerald,Aves,Apodiformes
6511,10127,Microchera cupreiceps,Coppery-headed Emerald,Aves,Apodiformes
6512,10128,Microdynamis parva,Dwarf Koel,Aves,Cuculiformes
6513,10129,Microeca fascinans,Jacky Winter,Aves,Passeriformes
6514,10130,Microeca flavigaster,Lemon-bellied Flyrobin,Aves,Passeriformes
6515,10131,Microeca hemixantha,Golden-bellied Flyrobin,Aves,Passeriformes
6516,10134,Microhierax erythrogenys,Philippine Falconet,Aves,Falconiformes
6517,10135,Microhierax fringillarius,Black-thighed Falconet,Aves,Falconiformes
6518,10137,Microhierax melanoleucos,Pied Falconet,Aves,Falconiformes
6519,10141,Microhyla berdmorei,Microhyla berdmorei,Amphibia,Anura
6520,10144,Microhyla butleri,Microhyla butleri,Amphibia,Anura
6521,10145,Microhyla fissipes,Microhyla fissipes,Amphibia,Anura
6522,10146,Microhyla heymonsi,Microhyla heymonsi,Amphibia,Anura
6523,10150,Microhyla mukhlesuri,Microhyla mukhlesuri,Amphibia,Anura
6524,10153,Microhyla ornata,Microhyla ornata,Amphibia,Anura
6525,10158,Microkayla wettsteini,Microkayla wettsteini,Amphibia,Anura
6526,10159,Microligea palustris,Green-tailed Warbler,Aves,Passeriformes
6527,10161,Micromonacha lanceolata,Lanceolated Monklet,Aves,Piciformes
6528,10164,Micronisus gabar,Gabar Goshawk,Aves,Accipitriformes
6529,10170,Micropogonias undulatus,Atlantic croaker,Actinopterygii,Perciformes
6530,10171,Micropsitta bruijnii,Red-breasted Pygmy Parrot,Aves,Psittaciformes
6531,10172,Micropsitta finschii,Finsch's Pygmy Parrot,Aves,Psittaciformes
6532,10174,Micropsitta keiensis,Yellow-capped Pygmy Parrot,Aves,Psittaciformes
6533,10176,Micropsitta pusio,Buff-faced Pygmy Parrot,Aves,Psittaciformes
6534,10177,Micropternus brachyurus,Rufous Woodpecker,Aves,Piciformes
6535,10179,Microptilotis imitatrix,Cryptic Honeyeater,Aves,Passeriformes
6536,10182,Microrhopias quixensis,Dot-winged Antwren,Aves,Passeriformes
6537,10188,Microsciurus,Microsciurus,Mammalia,Rodentia
6538,10189,Microspingus alticola,Plain-tailed Warbling Finch,Aves,Passeriformes
6539,10190,Microspingus cabanisi,Grey-throated Warbling Finch,Aves,Passeriformes
6540,10191,Microspingus cinereus,Cinereous Warbling Finch,Aves,Passeriformes
6541,10192,Microspingus erythrophrys,Rusty-browed Warbling Finch,Aves,Passeriformes
6542,10193,Microspingus lateralis,Buff-throated Warbling Finch,Aves,Passeriformes
6543,10194,Microspingus melanoleucus,Black-capped Warbling Finch,Aves,Passeriformes
6544,10195,Microspingus torquatus,Ringed Warbling Finch,Aves,Passeriformes
6545,10196,Microspingus trifasciatus,Three-striped Hemispingus,Aves,Passeriformes
6546,10197,Microstilbon burmeisteri,Slender-tailed Woodstar,Aves,Apodiformes
6547,10198,Microtarsus eutilotus,Puff-backed Bulbul,Aves,Passeriformes
6548,10199,Microtarsus fuscoflavescens,Andaman Bulbul,Aves,Passeriformes
6549,10200,Microtarsus melanocephalos,Black-headed Bulbul,Aves,Passeriformes
6550,10201,Microtarsus melanoleucos,Black-and-white Bulbul,Aves,Passeriformes
6551,10202,Microtarsus priocephalus,Grey-headed Bulbul,Aves,Passeriformes
6552,10203,Microtarsus urostictus,Yellow-wattled Bulbul,Insecta,Hemiptera
6553,10208,Microxenops milleri,Rufous-tailed Xenops,Aves,Passeriformes
6554,10212,Micryletta steinegeri,Micryletta steinegeri,Amphibia,Anura
6555,10216,Milvus aegyptius,Yellow-billed Kite,Aves,Accipitriformes
6556,10217,Milvus migrans,Black Kite,Aves,Accipitriformes
6557,10218,Milvus milvus,Red Kite,Aves,Accipitriformes
6558,10221,Mimus dorsalis,Brown-backed Mockingbird,Aves,Passeriformes
6559,10222,Mimus gilvus,Tropical Mockingbird,Aves,Passeriformes
6560,10223,Mimus graysoni,Socorro Mockingbird,Aves,Passeriformes
6561,10224,Mimus gundlachii,Bahama Mockingbird,Aves,Passeriformes
6562,10225,Mimus longicaudatus,Long-tailed Mockingbird,Aves,Passeriformes
6563,10226,Mimus macdonaldi,Espanola Mockingbird,Aves,Passeriformes
6564,10227,Mimus melanotis,San Cristobal Mockingbird,Aves,Passeriformes
6565,10228,Mimus parvulus,Galapagos Mockingbird,Aves,Passeriformes
6566,10229,Mimus patagonicus,Patagonian Mockingbird,Aves,Passeriformes
6567,10230,Mimus polyglottos,Northern Mockingbird,Aves,Passeriformes
6568,10231,Mimus saturninus,Chalk-browed Mockingbird,Aves,Passeriformes
6569,10232,Mimus thenca,Chilean Mockingbird,Aves,Passeriformes
6570,10234,Mimus triurus,White-banded Mockingbird,Aves,Passeriformes
6571,10244,Minla ignotincta,Red-tailed Minla,Aves,Passeriformes
6572,10245,Mino anais,Golden Myna,Aves,Passeriformes
6573,10246,Mino dumontii,Yellow-faced Myna,Aves,Passeriformes
6574,10247,Mino kreffti,Long-tailed Myna,Aves,Passeriformes
6575,10253,Miogryllus saussurei,Miogryllus saussurei,Insecta,Orthoptera
6576,10255,Miogryllus verticalis,Miogryllus verticalis,Insecta,Orthoptera
6577,10257,Mionectes galbinus,Olive-striped Flycatcher,Aves,Passeriformes
6578,10258,Mionectes macconnelli,McConnell's Flycatcher,Aves,Passeriformes
6579,10259,Mionectes roraimae,Sierra de Lema Flycatcher,Aves,Passeriformes
6580,10260,Mionectes oleagineus,Ochre-bellied Flycatcher,Aves,Passeriformes
6581,10261,Mionectes olivaceus,Olive-streaked Flycatcher,Aves,Passeriformes
6582,10262,Mionectes rufiventris,Grey-hooded Flycatcher,Aves,Passeriformes
6583,10263,Mionectes striaticollis,Streak-necked Flycatcher,Aves,Passeriformes
6584,10266,Plocealauda affinis,Jerdon's Bush Lark,Aves,Passeriformes
6585,10267,Corypha africana,Rufous-naped Lark,Aves,Passeriformes
6586,10268,Mirafra albicauda,White-tailed Lark,Aves,Passeriformes
6587,10269,Amirafra angolensis,Angola Lark,Aves,Passeriformes
6588,10270,Corypha apiata,Cape Clapper Lark,Aves,Passeriformes
6589,10271,Plocealauda assamica,Bengal Bush Lark,Aves,Passeriformes
6590,10272,Mirafra cantillans,Mirafra cantillans,Aves,Passeriformes
6591,10273,Mirafra cheniana,Melodious Lark,Aves,Passeriformes
6592,10275,Plocealauda erythrocephala,Indochinese Bush Lark,Aves,Passeriformes
6593,10276,Plocealauda erythroptera,Indian Bush Lark,Aves,Passeriformes
6594,10277,Corypha fasciolata,Eastern Clapper Lark,Aves,Passeriformes
6595,10278,Corypha hypermetra,Red-winged Lark,Aves,Passeriformes
6596,10279,Mirafra javanica,Singing Bush Lark,Aves,Passeriformes
6597,10280,Plocealauda microptera,Burmese Bush Lark,Aves,Passeriformes
6598,10281,Mirafra passerina,Monotonous Lark,Aves,Passeriformes
6599,10282,Mirafra pulpa,Friedmann's Lark,Aves,Passeriformes
6600,10283,Amirafra rufocinnamomea,Flappet Lark,Aves,Passeriformes
6601,10284,Corypha somalica,Somali Lark,Aves,Passeriformes
6602,10287,Mirounga angustirostris,Northern Elephant Seal,Mammalia,Carnivora
6603,10288,Mirounga leonina,Southern Elephant Seal,Mammalia,Carnivora
6604,10293,Mitrephanes olivaceus,Olive Tufted Flycatcher,Aves,Passeriformes
6605,10294,Mitrephanes phaeocercus,Northern Tufted Flycatcher,Aves,Passeriformes
6606,10295,Mitrospingus cassinii,Dusky-faced Tanager,Aves,Passeriformes
6607,10296,Mitrospingus oleagineus,Olive-backed Tanager,Aves,Passeriformes
6608,10298,Mitu salvini,Salvin's Curassow,Aves,Galliformes
6609,10299,Mitu tomentosum,Crestless Curassow,Aves,Galliformes
6610,10300,Mitu tuberosum,Razor-billed Curassow,Aves,Galliformes
6611,10303,Mixophyes fasciolatus,Mixophyes fasciolatus,Amphibia,Anura
6612,10304,Mixophyes fleayi,Mixophyes fleayi,Amphibia,Anura
6613,10305,Mixophyes iteratus,Mixophyes iteratus,Amphibia,Anura
6614,10307,Mniotilta varia,Black-and-white Warbler,Aves,Passeriformes
6615,10309,Modestana ebneri,Modestana ebneri,Insecta,Orthoptera
6616,10315,Modicogryllus frontalis,Modicogryllus frontalis,Insecta,Orthoptera
6617,10317,Modicogryllus truncatus,Modicogryllus truncatus,Insecta,Orthoptera
6618,10318,Modulatrix stictigula,Spot-throat,Aves,Passeriformes
6619,10319,Mogannia formosana,Mogannia formosana,Insecta,Hemiptera
6620,10320,Mogannia hebes,Mogannia hebes,Insecta,Hemiptera
6621,10323,Moho braccatus,Kauai Oo,Aves,Passeriformes
6622,10324,Mohoua albicilla,Whitehead,Aves,Passeriformes
6623,10325,Mohoua ochrocephala,Yellowhead,Aves,Passeriformes
6624,10332,Molothrus aeneus,Bronzed Cowbird,Aves,Passeriformes
6625,10334,Molothrus ater,Brown-headed Cowbird,Aves,Passeriformes
6626,10335,Molothrus bonariensis,Shiny Cowbird,Aves,Passeriformes
6627,10336,Molothrus oryzivorus,Giant Cowbird,Aves,Passeriformes
6628,10337,Molothrus rufoaxillaris,Screaming Cowbird,Aves,Passeriformes
6629,10338,Momotus aequatorialis,Andean Motmot,Aves,Coraciiformes
6630,10339,Momotus bahamensis,Trinidad Motmot,Aves,Coraciiformes
6631,10340,Momotus coeruliceps,Blue-capped Motmot,Aves,Coraciiformes
6632,10341,Momotus lessonii,Lesson's Motmot,Aves,Coraciiformes
6633,10342,Momotus mexicanus,Russet-crowned Motmot,Aves,Coraciiformes
6634,10343,Momotus momota,Amazonian Motmot,Aves,Coraciiformes
6635,10344,Momotus subrufescens,Whooping Motmot,Aves,Coraciiformes
6636,10345,Monachella muelleriana,Torrent Flyrobin,Aves,Passeriformes
6637,10347,Monarcha castaneiventris,Chestnut-bellied Monarch,Aves,Passeriformes
6638,10348,Monarcha cinerascens,Island Monarch,Aves,Passeriformes
6639,10349,Monarcha erythrostictus,Monarcha erythrostictus,Aves,Passeriformes
6640,10350,Monarcha frater,Black-winged Monarch,Aves,Passeriformes
6641,10351,Monarcha godeffroyi,Yap Monarch,Aves,Passeriformes
6642,10352,Monarcha melanopsis,Black-faced Monarch,Aves,Passeriformes
6643,10353,Monarcha richardsii,White-capped Monarch,Aves,Passeriformes
6644,10354,Monarcha takatsukasae,Tinian Monarch,Aves,Passeriformes
6645,10356,Monasa atra,Black Nunbird,Aves,Piciformes
6646,10357,Monasa flavirostris,Yellow-billed Nunbird,Aves,Piciformes
6647,10358,Monasa morphoeus,White-fronted Nunbird,Aves,Piciformes
6648,10359,Monasa nigrifrons,Black-fronted Nunbird,Aves,Piciformes
6649,10365,Monias benschi,Subdesert Mesite,Aves,Mesitornithiformes
6650,10389,Montecincla cachinnans,Nilgiri Laughingthrush,Aves,Passeriformes
6651,10390,Montecincla jerdoni,Banasura Laughingthrush,Aves,Passeriformes
6652,10391,Montecincla fairbanki,Palani Laughingthrush,Aves,Passeriformes
6653,10392,Montecincla meridionalis,Ashambu Laughingthrush,Aves,Passeriformes
6654,10393,Montezumina modesta,modest katydid,Insecta,Orthoptera
6655,10395,Monticola angolensis,Miombo Rock Thrush,Aves,Passeriformes
6656,10397,Monticola cinclorhyncha,Blue-capped Rock Thrush,Aves,Passeriformes
6657,10398,Monticola explorator,Sentinel Rock Thrush,Aves,Passeriformes
6658,10399,Monticola gularis,White-throated Rock Thrush,Aves,Passeriformes
6659,10400,Monticola imerina,Littoral Rock Thrush,Aves,Passeriformes
6660,10401,Monticola rufiventris,Chestnut-bellied Rock Thrush,Aves,Passeriformes
6661,10402,Monticola rufocinereus,Little Rock Thrush,Aves,Passeriformes
6662,10403,Monticola rupestris,Cape Rock Thrush,Aves,Passeriformes
6663,10404,Monticola saxatilis,Common Rock Thrush,Aves,Passeriformes
6664,10405,Monticola semirufus,White-winged Cliff Chat,Aves,Passeriformes
6665,10406,Monticola sharpei,Forest Rock Thrush,Aves,Passeriformes
6666,10407,Monticola solitarius,Blue Rock Thrush,Aves,Passeriformes
6667,10408,Montifringilla adamsi,Black-winged Snowfinch,Aves,Passeriformes
6668,10409,Pyrgilauda blanfordi,Blanford's Snowfinch,Aves,Passeriformes
6669,10411,Montifringilla henrici,Tibetan Snowfinch,Aves,Passeriformes
6670,10412,Montifringilla nivalis,White-winged Snowfinch,Aves,Passeriformes
6671,10413,Onychostruthus taczanowskii,White-rumped Snowfinch,Aves,Passeriformes
6672,10420,Morococcyx erythropygus,Lesser Ground Cuckoo,Aves,Cuculiformes
6673,10422,Morphnus guianensis,Crested Eagle,Aves,Accipitriformes
6674,10424,Morus bassanus,Northern Gannet,Aves,Suliformes
6675,10425,Morus capensis,Cape Gannet,Aves,Suliformes
6676,10426,Morus serrator,Australasian Gannet,Aves,Suliformes
6677,10427,Motacilla aguimp,African Pied Wagtail,Aves,Passeriformes
6678,10428,Motacilla alba,White Wagtail,Aves,Passeriformes
6679,10429,Motacilla capensis,Cape Wagtail,Aves,Passeriformes
6680,10430,Motacilla cinerea,Grey Wagtail,Aves,Passeriformes
6681,10431,Motacilla citreola,Citrine Wagtail,Aves,Passeriformes
6682,10432,Motacilla clara,Mountain Wagtail,Aves,Passeriformes
6683,10433,Motacilla flava,Western Yellow Wagtail,Aves,Passeriformes
6684,10434,Motacilla flaviventris,Madagascar Wagtail,Aves,Passeriformes
6685,10435,Motacilla grandis,Japanese Wagtail,Aves,Passeriformes
6686,10436,Motacilla maderaspatensis,White-browed Wagtail,Aves,Passeriformes
6687,10437,Motacilla samveasnae,Mekong Wagtail,Aves,Passeriformes
6688,10438,Motacilla tschutschensis,Eastern Yellow Wagtail,Aves,Passeriformes
6689,10439,Moupinia poecilotis,Rufous-tailed Babbler,Aves,Passeriformes
6690,10441,Mugadina marshalli,Mugadina marshalli,Insecta,Hemiptera
6691,10442,Mulleripicus fuliginosus,Southern Sooty Woodpecker,Aves,Piciformes
6692,10443,Mulleripicus fulvus,Ashy Woodpecker,Aves,Piciformes
6693,10444,Mulleripicus funebris,Northern Sooty Woodpecker,Aves,Piciformes
6694,10445,Mulleripicus pulverulentus,Great Slaty Woodpecker,Aves,Piciformes
6695,10449,Muntiacus muntjak,Red muntjac,Mammalia,Artiodactyla
6696,10451,Muntiacus reevesi,Muntiacus reevesi,Mammalia,Artiodactyla
6697,10456,Muscardinus avellanarius,Muscardinus avellanarius,Mammalia,Rodentia
6698,10457,Muscicapa aquatica,Swamp Flycatcher,Aves,Passeriformes
6699,10458,Muscicapa boehmi,Muscicapa boehmi,Aves,Passeriformes
6700,10459,Muscicapa cassini,Cassin's Flycatcher,Aves,Passeriformes
6701,10460,Muscicapa dauurica,Asian Brown Flycatcher,Aves,Passeriformes
6702,10462,Muscicapa ferruginea,Ferruginous Flycatcher,Aves,Passeriformes
6703,10463,Muscicapa gambagae,Gambaga Flycatcher,Aves,Passeriformes
6704,10464,Muscicapa griseisticta,Grey-streaked Flycatcher,Aves,Passeriformes
6705,10466,Muscicapa muttui,Brown-breasted Flycatcher,Aves,Passeriformes
6706,10468,Muscicapa segregata,Sumba Brown Flycatcher,Aves,Passeriformes
6707,10469,Muscicapa sethsmithi,Yellow-footed Flycatcher,Aves,Passeriformes
6708,10470,Muscicapa sibirica,Dark-sided Flycatcher,Aves,Passeriformes
6709,10472,Muscicapa striata,Spotted Flycatcher,Aves,Passeriformes
6710,10473,Muscicapa tessmanni,Muscicapa tessmanni,Aves,Passeriformes
6711,10474,Muscicapa tyrrhenica,Mediterranean Flycatcher,Aves,Passeriformes
6712,10475,Muscicapa ussheri,Muscicapa ussheri,Aves,Passeriformes
6713,10476,Muscicapa williamsoni,Brown-streaked Flycatcher,Aves,Passeriformes
6714,10477,Muscigralla brevicauda,Short-tailed Field Tyrant,Aves,Passeriformes
6715,10478,Muscipipra vetula,Shear-tailed Grey Tyrant,Aves,Passeriformes
6716,10479,Muscisaxicola albifrons,White-fronted Ground Tyrant,Aves,Passeriformes
6717,10480,Muscisaxicola albilora,White-browed Ground Tyrant,Aves,Passeriformes
6718,10481,Muscisaxicola alpinus,Paramo Ground Tyrant,Aves,Passeriformes
6719,10482,Muscisaxicola capistratus,Cinnamon-bellied Ground Tyrant,Aves,Passeriformes
6720,10483,Muscisaxicola cinereus,Cinereous Ground Tyrant,Aves,Passeriformes
6721,10484,Muscisaxicola flavinucha,Ochre-naped Ground Tyrant,Aves,Passeriformes
6722,10485,Muscisaxicola frontalis,Black-fronted Ground Tyrant,Aves,Passeriformes
6723,10487,Muscisaxicola juninensis,Puna Ground Tyrant,Aves,Passeriformes
6724,10488,Muscisaxicola maclovianus,Dark-faced Ground Tyrant,Aves,Passeriformes
6725,10489,Muscisaxicola maculirostris,Spot-billed Ground Tyrant,Aves,Passeriformes
6726,10490,Muscisaxicola rufivertex,Rufous-naped Ground Tyrant,Aves,Passeriformes
6727,10491,Tauraco rossae,Ross's Turaco,Aves,Musophagiformes
6728,10493,Tauraco violaceus,Violet Turaco,Aves,Musophagiformes
6729,10503,Mustelirallus albicollis,Ash-throated Crake,Aves,Gruiformes
6730,10504,Mustelirallus erythrops,Paint-billed Crake,Aves,Gruiformes
6731,10508,Myadestes coloratus,Varied Solitaire,Aves,Passeriformes
6732,10509,Myadestes elisabeth,Cuban Solitaire,Aves,Passeriformes
6733,10510,Myadestes genibarbis,Rufous-throated Solitaire,Aves,Passeriformes
6734,10511,Myadestes melanops,Black-faced Solitaire,Aves,Passeriformes
6735,10512,Myadestes myadestinus,Kamao,Aves,Passeriformes
6736,10513,Myadestes obscurus,Omao,Aves,Passeriformes
6737,10514,Myadestes occidentalis,Brown-backed Solitaire,Aves,Passeriformes
6738,10515,Myadestes palmeri,Puaiohi,Aves,Passeriformes
6739,10516,Myadestes ralloides,Andean Solitaire,Aves,Passeriformes
6740,10517,Myadestes townsendi,Townsend's Solitaire,Aves,Passeriformes
6741,10518,Myadestes unicolor,Slate-colored Solitaire,Aves,Passeriformes
6742,10520,Mycerobas affinis,Collared Grosbeak,Aves,Passeriformes
6743,10521,Mycerobas carnipes,White-winged Grosbeak,Aves,Passeriformes
6744,10522,Mycerobas icterioides,Black-and-yellow Grosbeak,Aves,Passeriformes
6745,10523,Mycerobas melanozanthos,Spot-winged Grosbeak,Aves,Passeriformes
6746,10524,Mycteria americana,Wood Stork,Aves,Ciconiiformes
6747,10527,Mycteria leucocephala,Painted Stork,Aves,Ciconiiformes
6748,10535,Myiagra albiventris,Samoan Flycatcher,Aves,Passeriformes
6749,10536,Myiagra alecto,Shining Flycatcher,Aves,Passeriformes
6750,10537,Myiagra atra,Biak Black Flycatcher,Aves,Passeriformes
6751,10538,Myiagra azureocapilla,Azure-crested Flycatcher,Aves,Passeriformes
6752,10539,Myiagra caledonica,Melanesian Flycatcher,Aves,Passeriformes
6753,10540,Myiagra castaneigularis,Chestnut-throated Flycatcher,Aves,Passeriformes
6754,10541,Myiagra cervinicauda,Makira Flycatcher,Aves,Passeriformes
6755,10542,Myiagra cyanoleuca,Satin Flycatcher,Aves,Passeriformes
6756,10545,Myiagra erythrops,Palau Flycatcher,Aves,Passeriformes
6757,10546,Myiagra ferrocyanea,Steel-blue Flycatcher,Aves,Passeriformes
6758,10548,Myiagra galeata,Moluccan Flycatcher,Aves,Passeriformes
6759,10549,Myiagra inquieta,Restless Flycatcher,Aves,Passeriformes
6760,10550,Myiagra nana,Paperbark Flycatcher,Aves,Passeriformes
6761,10551,Myiagra oceanica,Chuuk Flycatcher,Aves,Passeriformes
6762,10552,Myiagra pluto,Pohnpei Flycatcher,Aves,Passeriformes
6763,10553,Myiagra rubecula,Leaden Flycatcher,Aves,Passeriformes
6764,10554,Myiagra ruficollis,Broad-billed Flycatcher,Aves,Passeriformes
6765,10555,Myiagra vanikorensis,Vanikoro Flycatcher,Aves,Passeriformes
6766,10556,Myiarchus antillarum,Puerto Rican Flycatcher,Aves,Passeriformes
6767,10557,Myiarchus apicalis,Apical Flycatcher,Aves,Passeriformes
6768,10558,Myiarchus barbirostris,Sad Flycatcher,Aves,Passeriformes
6769,10559,Myiarchus cephalotes,Pale-edged Flycatcher,Aves,Passeriformes
6770,10560,Myiarchus cinerascens,Ash-throated Flycatcher,Aves,Passeriformes
6771,10561,Myiarchus crinitus,Great Crested Flycatcher,Aves,Passeriformes
6772,10562,Myiarchus ferox,Short-crested Flycatcher,Aves,Passeriformes
6773,10563,Myiarchus magnirostris,Galapagos Flycatcher,Aves,Passeriformes
6774,10564,Myiarchus nugator,Grenada Flycatcher,Aves,Passeriformes
6775,10565,Myiarchus nuttingi,Nutting's Flycatcher,Aves,Passeriformes
6776,10566,Myiarchus oberi,Lesser Antillean Flycatcher,Aves,Passeriformes
6777,10567,Myiarchus panamensis,Panama Flycatcher,Aves,Passeriformes
6778,10568,Myiarchus phaeocephalus,Sooty-crowned Flycatcher,Aves,Passeriformes
6779,10569,Myiarchus sagrae,La Sagra's Flycatcher,Aves,Passeriformes
6780,10570,Myiarchus semirufus,Rufous Flycatcher,Aves,Passeriformes
6781,10571,Myiarchus stolidus,Stolid Flycatcher,Aves,Passeriformes
6782,10572,Myiarchus swainsoni,Swainson's Flycatcher,Aves,Passeriformes
6783,10573,Myiarchus tuberculifer,Dusky-capped Flycatcher,Aves,Passeriformes
6784,10574,Myiarchus tyrannulus,Brown-crested Flycatcher,Aves,Passeriformes
6785,10575,Myiarchus validus,Rufous-tailed Flycatcher,Aves,Passeriformes
6786,10576,Myiarchus venezuelensis,Venezuelan Flycatcher,Aves,Passeriformes
6787,10577,Myiarchus yucatanensis,Yucatan Flycatcher,Aves,Passeriformes
6788,10578,Myiobius atricaudus,Black-tailed Myiobius,Aves,Passeriformes
6789,10579,Myiobius barbatus,Whiskered Myiobius,Aves,Passeriformes
6790,10580,Myiobius sulphureipygius,Sulphur-rumped Myiobius,Aves,Passeriformes
6791,10581,Myiobius villosus,Tawny-breasted Myiobius,Aves,Passeriformes
6792,10582,Myioborus albifrons,White-fronted Whitestart,Aves,Passeriformes
6793,10583,Myioborus brunniceps,Brown-capped Whitestart,Aves,Passeriformes
6794,10584,Myioborus castaneocapilla,Tepui Whitestart,Aves,Passeriformes
6795,10585,Myioborus flavivertex,Yellow-crowned Whitestart,Aves,Passeriformes
6796,10586,Myioborus melanocephalus,Spectacled Whitestart,Aves,Passeriformes
6797,10587,Myioborus miniatus,Slate-throated Whitestart,Aves,Passeriformes
6798,10588,Myioborus ornatus,Golden-fronted Whitestart,Aves,Passeriformes
6799,10589,Myioborus pariae,Paria Whitestart,Aves,Passeriformes
6800,10590,Myioborus pictus,Painted Whitestart,Aves,Passeriformes
6801,10591,Myioborus torquatus,Collared Whitestart,Aves,Passeriformes
6802,10592,Myiodynastes bairdii,Baird's Flycatcher,Aves,Passeriformes
6803,10593,Myiodynastes chrysocephalus,Golden-crowned Flycatcher,Aves,Passeriformes
6804,10594,Myiodynastes hemichrysus,Golden-bellied Flycatcher,Aves,Passeriformes
6805,10595,Myiodynastes luteiventris,Sulphur-bellied Flycatcher,Aves,Passeriformes
6806,10596,Myiodynastes maculatus,Streaked Flycatcher,Aves,Passeriformes
6807,10597,Sholicola albiventris,White-bellied Blue Robin,Aves,Passeriformes
6808,10598,Myiomela diana,Javan Blue Robin,Aves,Passeriformes
6809,10599,Myiomela leucura,White-tailed Robin,Aves,Passeriformes
6810,10600,Sholicola major,Nilgiri Blue Robin,Aves,Passeriformes
6811,10602,Myiopagis caniceps,Grey-headed Elaenia,Aves,Passeriformes
6812,10603,Myiopagis cinerea,Amazonian Elaenia,Aves,Passeriformes
6813,10604,Myiopagis parambae,Choco Elaenia,Aves,Passeriformes
6814,10605,Myiopagis cotta,Jamaican Elaenia,Aves,Passeriformes
6815,10606,Myiopagis flavivertex,Yellow-crowned Elaenia,Aves,Passeriformes
6816,10607,Myiopagis gaimardii,Forest Elaenia,Aves,Passeriformes
6817,10608,Myiopagis olallai,Foothill Elaenia,Aves,Passeriformes
6818,10609,Myiopagis subplacens,Pacific Elaenia,Aves,Passeriformes
6819,10610,Myiopagis viridicata,Greenish Elaenia,Aves,Passeriformes
6820,10611,Myiophobus crypterythrus,Mouse-grey Flycatcher,Aves,Passeriformes
6821,10612,Myiophobus fasciatus,Bran-colored Flycatcher,Aves,Passeriformes
6822,10613,Myiophobus rufescens,Rufescent Flycatcher,Aves,Passeriformes
6823,10614,Myiophobus cryptoxanthus,Olive-chested Flycatcher,Aves,Passeriformes
6824,10615,Myiophobus flavicans,Flavescent Flycatcher,Aves,Passeriformes
6825,10616,Myiophobus inornatus,Unadorned Flycatcher,Aves,Passeriformes
6826,10617,Nephelomyias lintoni,Orange-banded Flycatcher,Aves,Passeriformes
6827,10618,Nephelomyias ochraceiventris,Ochraceous-breasted Flycatcher,Aves,Passeriformes
6828,10619,Myiophobus phoenicomitra,Orange-crested Flycatcher,Aves,Passeriformes
6829,10620,Nephelomyias pulcher,Handsome Flycatcher,Aves,Passeriformes
6830,10621,Myiophobus roraimae,Roraiman Flycatcher,Aves,Passeriformes
6831,10622,Myiopsitta luchsi,Cliff Parakeet,Aves,Psittaciformes
6832,10623,Myiopsitta monachus,Monk Parakeet,Aves,Psittaciformes
6833,10624,Myiornis albiventris,White-bellied Pygmy Tyrant,Aves,Passeriformes
6834,10625,Myiornis atricapillus,Black-capped Pygmy Tyrant,Aves,Passeriformes
6835,10626,Myiornis auricularis,Eared Pygmy Tyrant,Aves,Passeriformes
6836,10627,Myiornis ecaudatus,Short-tailed Pygmy Tyrant,Aves,Passeriformes
6837,10628,Myiornis sp.nov.Maranhao Piaui,Myiornis sp.nov.Maranhao Piaui,Aves,Passeriformes
6838,10629,Myiotheretes fumigatus,Smoky Bush Tyrant,Aves,Passeriformes
6839,10630,Myiotheretes fuscorufus,Rufous-bellied Bush Tyrant,Aves,Passeriformes
6840,10631,Myiotheretes pernix,Santa Marta Bush Tyrant,Aves,Passeriformes
6841,10632,Myiotheretes striaticollis,Streak-throated Bush Tyrant,Aves,Passeriformes
6842,10633,Myiothlypis bivittata,Two-banded Warbler,Aves,Passeriformes
6843,10634,Myiothlypis roraimae,Roraiman Warbler,Aves,Passeriformes
6844,10635,Myiothlypis chlorophrys,Choco Warbler,Aves,Passeriformes
6845,10636,Myiothlypis chrysogaster,Cuzco Warbler,Aves,Passeriformes
6846,10637,Myiothlypis cinereicollis,Grey-throated Warbler,Aves,Passeriformes
6847,10638,Myiothlypis conspicillata,White-lored Warbler,Aves,Passeriformes
6848,10639,Myiothlypis coronata,Russet-crowned Warbler,Aves,Passeriformes
6849,10640,Myiothlypis flaveola,Flavescent Warbler,Aves,Passeriformes
6850,10641,Myiothlypis fraseri,Grey-and-gold Warbler,Aves,Passeriformes
6851,10642,Myiothlypis fulvicauda,Buff-rumped Warbler,Aves,Passeriformes
6852,10643,Myiothlypis griseiceps,Grey-headed Warbler,Aves,Passeriformes
6853,10644,Myiothlypis leucoblephara,White-rimmed Warbler,Aves,Passeriformes
6854,10645,Myiothlypis leucophrys,White-striped Warbler,Aves,Passeriformes
6855,10646,Myiothlypis luteoviridis,Citrine Warbler,Aves,Passeriformes
6856,10647,Myiothlypis nigrocristata,Black-crested Warbler,Aves,Passeriformes
6857,10648,Myiothlypis rivularis,Riverbank Warbler,Aves,Passeriformes
6858,10649,Myiothlypis signata,Pale-legged Warbler,Aves,Passeriformes
6859,10650,Myiotriccus ornatus,Ornate Flycatcher,Aves,Passeriformes
6860,10651,Myiozetetes cayanensis,Rusty-margined Flycatcher,Aves,Passeriformes
6861,10652,Myiozetetes granadensis,Grey-capped Flycatcher,Aves,Passeriformes
6862,10653,Myiozetetes luteiventris,Dusky-chested Flycatcher,Aves,Passeriformes
6863,10654,Myiozetetes similis,Social Flycatcher,Aves,Passeriformes
6864,10655,Myocastor coypus,nutria,Mammalia,Rodentia
6865,10657,Myophonus blighi,Sri Lanka Whistling Thrush,Aves,Passeriformes
6866,10658,Myophonus borneensis,Bornean Whistling Thrush,Aves,Passeriformes
6867,10659,Myophonus caeruleus,Blue Whistling Thrush,Aves,Passeriformes
6868,10660,Myophonus castaneus,Brown-winged Whistling Thrush,Aves,Passeriformes
6869,10661,Myophonus glaucinus,Javan Whistling Thrush,Aves,Passeriformes
6870,10662,Myophonus horsfieldii,Malabar Whistling Thrush,Aves,Passeriformes
6871,10663,Myophonus insularis,Taiwan Whistling Thrush,Aves,Passeriformes
6872,10664,Myophonus melanurus,Shiny Whistling Thrush,Aves,Passeriformes
6873,10665,Myophonus robinsoni,Malayan Whistling Thrush,Aves,Passeriformes
6874,10672,Myopsalta bisonabilis,Myopsalta bisonabilis,Insecta,Hemiptera
6875,10677,Myopsalta mackinlayi,Myopsalta mackinlayi,Insecta,Hemiptera
6876,10681,Myopsalta waterhousei,Myopsalta waterhousei,Insecta,Hemiptera
6877,10684,Myornis senilis,Ash-colored Tapaculo,Aves,Passeriformes
6878,10688,Myotis austroriparius,Myotis austroriparius,Mammalia,Chiroptera
6879,10696,Myotis dasycneme,Myotis dasycneme,Mammalia,Chiroptera
6880,10703,Myotis formosus,Myotis formosus,Mammalia,Chiroptera
6881,10711,Myotis nattereri,Myotis nattereri,Mammalia,Chiroptera
6882,10732,Myrmophylax atrothorax,Black-throated Antbird,Aves,Passeriformes
6883,10733,Poliocrania exsul,Chestnut-backed Antbird,Aves,Passeriformes
6884,10734,Myrmoderus ferrugineus,Ferruginous-backed Antbird,Aves,Passeriformes
6885,10735,Sciaphylax hemimelaena,Southern Chestnut-tailed Antbird,Aves,Passeriformes
6886,10736,Myrmelastes hyperythrus,Plumbeous Antbird,Aves,Passeriformes
6887,10737,Myrmeciza longipes,White-bellied Antbird,Aves,Passeriformes
6888,10738,Myrmoderus loricatus,White-bibbed Antbird,Aves,Passeriformes
6889,10739,Myrmoderus ruficauda,Scalloped Antbird,Aves,Passeriformes
6890,10740,Myrmoderus squamosus,Squamate Antbird,Aves,Passeriformes
6891,10741,Myrmecocichla aethiops,Anteater Chat,Aves,Passeriformes
6892,10742,Myrmecocichla arnotti,Arnot's Chat,Aves,Passeriformes
6893,10744,Myrmecocichla formicivora,Ant-eating Chat,Aves,Passeriformes
6894,10745,Myrmecocichla melaena,Rüppell's Black Chat,Aves,Passeriformes
6895,10746,Myrmecocichla monticola,Mountain Chat,Aves,Passeriformes
6896,10747,Myrmecocichla nigra,Sooty Chat,Aves,Passeriformes
6897,10750,Myrmelastes brunneiceps,Brownish-headed Antbird,Aves,Passeriformes
6898,10751,Myrmelastes caurensis,Caura Antbird,Aves,Passeriformes
6899,10752,Myrmelastes humaythae,Humaita Antbird,Aves,Passeriformes
6900,10753,Myrmelastes leucostigma,Spot-winged Antbird,Aves,Passeriformes
6901,10754,Myrmelastes rufifacies,Rufous-faced Antbird,Aves,Passeriformes
6902,10755,Myrmelastes saturatus,Roraiman Antbird,Aves,Passeriformes
6903,10756,Myrmelastes schistaceus,Slate-colored Antbird,Aves,Passeriformes
6904,10757,Myrmeleotettix maculatus,Myrmeleotettix maculatus,Insecta,Orthoptera
6905,10759,Myrmia micrura,Short-tailed Woodstar,Aves,Apodiformes
6906,10760,Myrmoborus leucophrys,White-browed Antbird,Aves,Passeriformes
6907,10761,Myrmoborus lophotes,White-lined Antbird,Aves,Passeriformes
6908,10762,Myrmoborus lugubris,Ash-breasted Antbird,Aves,Passeriformes
6909,10763,Myrmoborus melanurus,Black-tailed Antbird,Aves,Passeriformes
6910,10764,Myrmoborus myotherinus,Black-faced Antbird,Aves,Passeriformes
6911,10765,Myrmochanes hemileucus,Black-and-white Antbird,Aves,Passeriformes
6912,10766,Myrmoderus eowilsoni,Cordillera Azul Antbird,Aves,Passeriformes
6913,10767,Myrmorchilus strigilatus,Stripe-backed Antbird,Aves,Passeriformes
6914,10768,Myrmornis torquata,Wing-banded Antbird,Aves,Passeriformes
6915,10769,Myrmothera campanisona,Thrush-like Antpitta,Aves,Passeriformes
6916,10770,Myrmothera simplex,Tepui Antpitta,Aves,Passeriformes
6917,10771,Myrmothera subcanescens,Tapajos Antpitta,Aves,Passeriformes
6918,10772,Myrmotherula ambigua,Yellow-throated Antwren,Aves,Passeriformes
6919,10773,Myrmotherula assimilis,Leaden Antwren,Aves,Passeriformes
6920,10774,Myrmotherula axillaris,White-flanked Antwren,Aves,Passeriformes
6921,10775,Myrmotherula behni,Plain-winged Antwren,Aves,Passeriformes
6922,10776,Myrmotherula brachyura,Pygmy Antwren,Aves,Passeriformes
6923,10777,Myrmotherula cherriei,Cherrie's Antwren,Aves,Passeriformes
6924,10778,Myrmotherula grisea,Yungas Antwren,Aves,Passeriformes
6925,10779,Myrmotherula ignota,Moustached Antwren,Aves,Passeriformes
6926,10780,Myrmotherula iheringi,Ihering's Antwren,Aves,Passeriformes
6927,10781,Myrmotherula klagesi,Klages's Antwren,Aves,Passeriformes
6928,10782,Myrmotherula longicauda,Stripe-chested Antwren,Aves,Passeriformes
6929,10783,Myrmotherula longipennis,Long-winged Antwren,Aves,Passeriformes
6930,10784,Myrmotherula luctuosa,Silvery-flanked Antwren,Aves,Passeriformes
6931,10785,Myrmotherula menetriesii,Grey Antwren,Aves,Passeriformes
6932,10786,Myrmotherula minor,Salvadori's Antwren,Aves,Passeriformes
6933,10787,Myrmotherula multostriata,Amazonian Streaked Antwren,Aves,Passeriformes
6934,10788,Myrmotherula pacifica,Pacific Antwren,Aves,Passeriformes
6935,10789,Myrmotherula schisticolor,Slaty Antwren,Aves,Passeriformes
6936,10790,Myrmotherula sclateri,Sclater's Antwren,Aves,Passeriformes
6937,10791,Myrmotherula snowi,Alagoas Antwren,Aves,Passeriformes
6938,10792,Myrmotherula sunensis,Rio Suno Antwren,Aves,Passeriformes
6939,10793,Myrmotherula surinamensis,Guianan Streaked Antwren,Aves,Passeriformes
6940,10794,Myrmotherula unicolor,Unicolored Antwren,Aves,Passeriformes
6941,10795,Myrmotherula urosticta,Band-tailed Antwren,Aves,Passeriformes
6942,10796,Myrtis fanny,Purple-collared Woodstar,Aves,Apodiformes
6943,10797,Mystacornis crossleyi,Crossley's Vanga,Aves,Passeriformes
6944,10798,Myza celebensis,Dark-eared Myza,Aves,Passeriformes
6945,10799,Myza sarasinorum,White-eared Myza,Aves,Passeriformes
6946,10800,Myzomela adolphinae,Mountain Myzomela,Aves,Passeriformes
6947,10803,Myzomela boiei,Banda Myzomela,Aves,Passeriformes
6948,10804,Myzomela caledonica,New Caledonian Myzomela,Aves,Passeriformes
6949,10805,Myzomela cardinalis,Cardinal Myzomela,Aves,Passeriformes
6950,10806,Myzomela nigriventris,Samoan Myzomela,Aves,Passeriformes
6951,10808,Myzomela chloroptera,Sulawesi Myzomela,Aves,Passeriformes
6952,10810,Myzomela cruentata,Red Myzomela,Aves,Passeriformes
6953,10811,Myzomela dammermani,Sumba Myzomela,Aves,Passeriformes
6954,10813,Myzomela erythrocephala,Red-headed Myzomela,Aves,Passeriformes
6955,10815,Myzomela jugularis,Sulphur-breasted Myzomela,Aves,Passeriformes
6956,10817,Myzomela lafargei,Red-capped Myzomela,Aves,Passeriformes
6957,10821,Myzomela obscura,Dusky Myzomela,Aves,Passeriformes
6958,10823,Myzomela prawiradilagae,Alor Myzomela,Aves,Passeriformes
6959,10824,Myzomela rosenbergii,Red-collared Myzomela,Aves,Passeriformes
6960,10825,Myzomela rubratra,Micronesian Myzomela,Aves,Passeriformes
6961,10826,Myzomela sanguinolenta,Scarlet Myzomela,Aves,Passeriformes
6962,10827,Myzomela sclateri,Sclater's Myzomela,Aves,Passeriformes
6963,10832,Myzornis pyrrhoura,Fire-tailed Myzornis,Aves,Passeriformes
6964,10837,Namibornis herero,Herero Chat,Aves,Passeriformes
6965,10843,Nannopsittaca dachilleae,Manu Parrotlet,Aves,Psittaciformes
6966,10844,Nannopsittaca panychlora,Tepui Parrotlet,Aves,Psittaciformes
6967,10845,Nannopsittacus melanogenia,Dusky-cheeked Fig-Parrot,Aves,Psittaciformes
6968,10846,Nannopterum auritum,Double-crested Cormorant,Aves,Suliformes
6969,10847,Nannopterum brasilianum,Neotropic Cormorant,Aves,Suliformes
6970,10851,Napothera albostriata,Sumatran Wren-Babbler,Aves,Passeriformes
6971,10852,Turdinus atrigularis,Black-throated Wren-Babbler,Aves,Passeriformes
6972,10853,Napothera epilepidota,Eyebrowed Wren-Babbler,Aves,Passeriformes
6973,10854,Turdinus macrodactylus,Large Wren-Babbler,Aves,Passeriformes
6974,10855,Napothera malacoptila,Long-billed Wren-Babbler,Aves,Passeriformes
6975,10856,Turdinus marmoratus,Marbled Wren-Babbler,Aves,Passeriformes
6976,10857,Napothera pasquieri,White-throated Wren-Babbler,Aves,Passeriformes
6977,10858,Nasalis larvatus,Nasalis larvatus,Mammalia,Primates
6978,10859,Nasica longirostris,Long-billed Woodcreeper,Aves,Passeriformes
6979,10862,Nasua narica,White-nosed Coati,Mammalia,Carnivora
6980,10863,Nasua nasua,coati,Mammalia,Carnivora
6981,10866,Natula averni,Natula averni,Insecta,Orthoptera
6982,10868,Natula matsuurai,Natula matsuurai,Insecta,Orthoptera
6983,10874,Nectarinia famosa,Malachite Sunbird,Aves,Passeriformes
6984,10875,Nectarinia johnstoni,Scarlet-tufted Sunbird,Aves,Passeriformes
6985,10876,Nectarinia kilimensis,Bronze Sunbird,Aves,Passeriformes
6986,10878,Nectarinia tacazze,Tacazze Sunbird,Aves,Passeriformes
6987,10895,Neduba steindachneri,Neduba steindachneri,Insecta,Orthoptera
6988,10898,Nemobius sylvestris,Nemobius sylvestris,Insecta,Orthoptera
6989,10899,Nemosia pileata,Hooded Tanager,Aves,Passeriformes
6990,10900,Nemosia rourei,Cherry-throated Tanager,Aves,Passeriformes
6991,10901,Nengetus cinereus,Grey Monjita,Aves,Passeriformes
6992,10904,Neobarrettia victoriae,lesser arid-land katydid,Insecta,Orthoptera
6993,10908,Neobatrachus sudelli,Neobatrachus sudelli,Amphibia,Anura
6994,10912,Neocallicrania selligera,Neocallicrania selligera,Insecta,Orthoptera
6995,10914,Neochmia phaeton,Crimson Finch,Aves,Passeriformes
6996,10915,Neochmia temporalis,Red-browed Finch,Aves,Passeriformes
6997,10918,Neocicada hieroglyphica,Neocicada hieroglyphica,Insecta,Hemiptera
6998,10920,Neoconocephalus affinis,rattler conehead,Insecta,Orthoptera
6999,10921,Neoconocephalus bivocatus,false robust conehead,Insecta,Orthoptera
7000,10923,Neoconocephalus caudellianus,Caudell's Conehead,Insecta,Orthoptera
7001,10924,Neoconocephalus ensiger,sword-bearing conehead,Insecta,Orthoptera
7002,10925,Neoconocephalus exiliscanorus,Slightly Musical Conehead,Insecta,Orthoptera
7003,10927,Neoconocephalus maxillosus,Caribbean conehead,Insecta,Orthoptera
7004,10928,Neoconocephalus melanorhinus,Black-nosed Conehead,Insecta,Orthoptera
7005,10929,Neoconocephalus nebrascensis,Nebraska Conehead,Insecta,Orthoptera
7006,10937,Neoconocephalus retusus,Round-tipped Conehead,Insecta,Orthoptera
7007,10938,Neoconocephalus robustus,Robust Conehead,Insecta,Orthoptera
7008,10942,Neoconocephalus triops,Broad-tipped Conehead,Insecta,Orthoptera
7009,10943,Neoconocephalus velox,Swift Conehead,Insecta,Orthoptera
7010,10946,Stizorhina finschi,Finsch's Rufous Thrush,Aves,Passeriformes
7011,10948,Stizorhina fraseri,Fraser's Rufous Thrush,Aves,Passeriformes
7012,10950,Neocossyphus poensis,White-tailed Ant Thrush,Aves,Passeriformes
7013,10951,Neocossyphus rufus,Red-tailed Ant Thrush,Aves,Passeriformes
7014,10953,Neoctantes niger,Black Bushbird,Aves,Passeriformes
7015,10954,Neocurtilla hexadactyla,northern mole cricket,Insecta,Orthoptera
7016,10955,Neodrepanis coruscans,Common Sunbird-Asity,Aves,Passeriformes
7017,10956,Neodrepanis hypoxantha,Yellow-bellied Sunbird-Asity,Aves,Passeriformes
7018,10960,Neogale vison,Neogale vison,Mammalia,Carnivora
7019,10961,Neohierax insignis,White-rumped Falcon,Aves,Falconiformes
7020,10963,Neolalage banksiana,Buff-bellied Monarch,Aves,Passeriformes
7021,10964,Neolestes torquatus,Black-collared Bulbul,Aves,Passeriformes
7022,10965,Neomixis striatigula,Stripe-throated Jery,Aves,Passeriformes
7023,10966,Neomixis tenella,Common Jery,Aves,Passeriformes
7024,10967,Neomixis viridis,Green Jery,Aves,Passeriformes
7025,10968,Neomorphus geoffroyi,Rufous-vented Ground Cuckoo,Aves,Cuculiformes
7026,10969,Neomorphus pucheranii,Red-billed Ground Cuckoo,Aves,Cuculiformes
7027,10970,Neomorphus radiolosus,Banded Ground Cuckoo,Aves,Cuculiformes
7028,10971,Neomorphus rufipennis,Rufous-winged Ground Cuckoo,Aves,Cuculiformes
7029,10972,Neomorphus squamiger,Scaled Ground Cuckoo,Aves,Cuculiformes
7030,10974,Neonemobius cubensis,Cuban Ground Cricket,Insecta,Orthoptera
7031,10975,Neonemobius mormonius,collared ground cricket,Insecta,Orthoptera
7032,10976,Neonemobius palustris,Neonemobius palustris,Insecta,Orthoptera
7033,10978,Neonemobius,Neonemobius,Insecta,Orthoptera
7034,10980,Neopelma aurifrons,Wied's Tyrant-Manakin,Aves,Passeriformes
7035,10981,Neopelma chrysocephalum,Saffron-crested Tyrant-Manakin,Aves,Passeriformes
7036,10982,Neopelma chrysolophum,Serra do Mar Tyrant-Manakin,Aves,Passeriformes
7037,10983,Neopelma pallescens,Pale-bellied Tyrant-Manakin,Aves,Passeriformes
7038,10984,Neopelma sulphureiventer,Sulphur-bellied Tyrant-Manakin,Aves,Passeriformes
7039,10985,Neophedina cincta,Banded Martin,Aves,Passeriformes
7040,10986,Neophema chrysogaster,Orange-bellied Parrot,Aves,Psittaciformes
7041,10987,Neophema chrysostoma,Blue-winged Parrot,Aves,Psittaciformes
7042,10988,Neophema elegans,Elegant Parrot,Aves,Psittaciformes
7043,10989,Neophema petrophila,Rock Parrot,Aves,Psittaciformes
7044,10990,Neophema pulchella,Turquoise Parrot,Aves,Psittaciformes
7045,10991,Neophema splendida,Scarlet-chested Parrot,Aves,Psittaciformes
7046,10998,Neophron percnopterus,Egyptian Vulture,Aves,Accipitriformes
7047,10999,Neopipo cinnamomea,Cinnamon Neopipo,Aves,Passeriformes
7048,11000,Neoplatypedia ampliata,Neoplatypedia ampliata,Insecta,Hemiptera
7049,11003,Neopsephotus bourkii,Bourke's Parrot,Aves,Psittaciformes
7050,11004,Neopsittacus musschenbroekii,Yellow-billed Lorikeet,Aves,Psittaciformes
7051,11005,Neopsittacus pullicauda,Orange-billed Lorikeet,Aves,Psittaciformes
7052,11007,Scapteriscus borellii,southern mole cricket ,Insecta,Orthoptera
7053,11011,Scapteriscus vicinus,tawny mole cricket,Insecta,Orthoptera
7054,11013,Neosericornis citreogularis,Yellow-throated Scrubwren,Aves,Passeriformes
7055,11015,Suthora davidiana,Short-tailed Parrotbill,Aves,Passeriformes
7056,11019,Tamias dorsalis,Cliff Chipmunk,Mammalia,Rodentia
7057,11021,Neotamias merriami,Neotamias merriami,Mammalia,Rodentia
7058,11022,Tamias minimus,least chipmunk,Mammalia,Rodentia
7059,11025,Neotamias sonomae,Neotamias sonomae,Mammalia,Rodentia
7060,11027,Tamias townsendii,Townsend's chipmunk,Mammalia,Rodentia
7061,11031,Neothraupis fasciata,Shrike-like Tanager,Aves,Passeriformes
7062,11032,Neotibicen auriferus,Neotibicen auriferus,Insecta,Hemiptera
7063,11033,Neotibicen canicularis,Northern Dog-day Cicada,Insecta,Hemiptera
7064,11034,Tibicen davisi,Tibicen davisi,Insecta,Hemiptera
7065,11036,Neotibicen latifasciatus,Neotibicen latifasciatus,Insecta,Hemiptera
7066,11037,Neotibicen linnei,Linne's Cicada,Insecta,Hemiptera
7067,11038,Neotibicen lyricen,Lyric Cicada,Insecta,Hemiptera
7068,11039,Tibicen pruinosa,scissor-grinder cicada,Insecta,Hemiptera
7069,11041,Neotibicen robinsonianus,Robinson's Annual Cicada,Insecta,Hemiptera
7070,11042,Neotibicen similaris,Neotibicen similaris,Insecta,Hemiptera
7071,11043,Neotibicen superbus,Neotibicen superbus,Insecta,Hemiptera
7072,11044,Tibicen chloromera,Tibicen chloromera,Insecta,Hemiptera
7073,11046,Neotibicen winnemanna,Neotibicen winnemanna,Insecta,Hemiptera
7074,11051,Neoxabea bipunctata,Two-spotted Tree Cricket,Insecta,Orthoptera
7075,11055,Neoxolmis coronatus,Black-crowned Monjita,Aves,Passeriformes
7076,11057,Neoxolmis rufiventris,Chocolate-vented Tyrant,Aves,Passeriformes
7077,11058,Neoxolmis salinarum,Salinas Monjita,Aves,Passeriformes
7078,11059,Nephelornis oneilli,Pardusco,Aves,Passeriformes
7079,11064,Nesillas lantzii,Subdesert Brush Warbler,Aves,Passeriformes
7080,11067,Nesillas typica,Malagasy Brush Warbler,Aves,Passeriformes
7081,11069,Nesocharis shelleyi,Shelley's Oliveback,Aves,Passeriformes
7082,11073,Nesoctites micromegas,Antillean Piculet,Aves,Piciformes
7083,11074,Nesoenas mayeri,Pink Pigeon,Aves,Columbiformes
7084,11075,Nesoenas picturatus,Malagasy Turtle Dove,Aves,Columbiformes
7085,11077,Nesophlox evelynae,Bahama Woodstar,Aves,Apodiformes
7086,11079,Nesopsar nigerrimus,Jamaican Blackbird,Aves,Passeriformes
7087,11080,Nesoptilotis flavicollis,Yellow-throated Honeyeater,Aves,Passeriformes
7088,11081,Nesoptilotis leucotis,White-eared Honeyeater,Aves,Passeriformes
7089,11082,Nesospingus speculiferus,Puerto Rican Tanager,Aves,Passeriformes
7090,11085,Nesotriccus maranonicus,Maranon Tyrannulet,Aves,Passeriformes
7091,11086,Nesotriccus murinus,Southern Mouse-colored Tyrannulet,Aves,Passeriformes
7092,11087,Nesotriccus tumbezanus,Tumbesian Tyrannulet,Aves,Passeriformes
7093,11088,Phaeomyias murina,Phaeomyias murina,Aves,Passeriformes
7094,11090,Nesotriccus ridgwayi,Cocos Tyrannulet,Aves,Passeriformes
7095,11091,Nestor meridionalis,New Zealand Kaka,Aves,Psittaciformes
7096,11092,Nestor notabilis,Kea,Aves,Psittaciformes
7097,11093,Netta erythrophthalma,Southern Pochard,Aves,Anseriformes
7098,11094,Netta peposaca,Rosy-billed Pochard,Aves,Anseriformes
7099,11095,Netta rufina,Red-crested Pochard,Aves,Anseriformes
7100,11096,Nettapus auritus,African Pygmy Goose,Aves,Anseriformes
7101,11097,Nettapus coromandelianus,Cotton Pygmy Goose,Aves,Anseriformes
7102,11098,Nettapus pulchellus,Green Pygmy Goose,Aves,Anseriformes
7103,11099,Newtonia amphichroa,Dark Newtonia,Aves,Passeriformes
7104,11100,Newtonia archboldi,Archbold's Newtonia,Aves,Passeriformes
7105,11101,Newtonia brunneicauda,Common Newtonia,Aves,Passeriformes
7106,11102,Newtonia fanovanae,Red-tailed Newtonia,Aves,Passeriformes
7107,11104,Nicator chloris,Western Nicator,Aves,Passeriformes
7108,11105,Nicator gularis,Eastern Nicator,Aves,Passeriformes
7109,11106,Nicator vireo,Yellow-throated Nicator,Aves,Passeriformes
7110,11113,Nidirana okinavana,Nidirana okinavana,Amphibia,Anura
7111,11115,Nigrita bicolor,Chestnut-breasted Nigrita,Aves,Passeriformes
7112,11116,Nigrita canicapillus,Grey-headed Nigrita,Aves,Passeriformes
7113,11117,Nigrita fusconotus,White-breasted Nigrita,Aves,Passeriformes
7114,11120,Nilaus afer,Brubru,Aves,Passeriformes
7115,11121,Niltava davidi,Fujian Niltava,Aves,Passeriformes
7116,11122,Niltava grandis,Large Niltava,Aves,Passeriformes
7117,11123,Niltava macgrigoriae,Small Niltava,Aves,Passeriformes
7118,11125,Niltava sumatrana,Rufous-vented Niltava,Aves,Passeriformes
7119,11126,Niltava sundara,Rufous-bellied Niltava,Aves,Passeriformes
7120,11127,Niltava vivida,Taiwan Vivid Niltava,Aves,Passeriformes
7121,11128,Ninox affinis,Andaman Boobook,Aves,Strigiformes
7122,11129,Ninox boobook,Australian Boobook,Aves,Strigiformes
7123,11130,Ninox fusca,Timor Boobook,Aves,Strigiformes
7124,11131,Ninox burhani,Togian Boobook,Aves,Strigiformes
7125,11132,Ninox connivens,Barking Owl,Aves,Strigiformes
7126,11133,Ninox forbesi,Tanimbar Boobook,Aves,Strigiformes
7127,11135,Ninox squamipila,Seram Boobook,Aves,Strigiformes
7128,11136,Ninox hypogramma,Halmahera Boobook,Aves,Strigiformes
7129,11137,Ninox ios,Cinnabar Boobook,Aves,Strigiformes
7130,11138,Ninox japonica,Northern Boobook,Aves,Strigiformes
7131,11139,Ninox leucopsis,Tasmanian Boobook,Aves,Strigiformes
7132,11140,Ninox novaeseelandiae,Morepork,Aves,Strigiformes
7133,11143,Ninox mindorensis,Mindoro Boobook,Aves,Strigiformes
7134,11144,Ninox natalis,Christmas Boobook,Aves,Strigiformes
7135,11145,Ninox obscura,Hume's Boobook,Aves,Strigiformes
7136,11146,Ninox ochracea,Ochre-bellied Boobook,Aves,Strigiformes
7137,11148,Ninox philippensis,Luzon Boobook,Aves,Strigiformes
7138,11149,Ninox plesseni,Alor Boobook,Aves,Strigiformes
7139,11150,Ninox punctulata,Speckled Boobook,Aves,Strigiformes
7140,11151,Ninox randi,Chocolate Boobook,Aves,Strigiformes
7141,11152,Ninox reyi,Sulu Boobook,Aves,Strigiformes
7142,11153,Ninox rotiensis,Rote Boobook,Aves,Strigiformes
7143,11154,Ninox rudolfi,Sumba Boobook,Aves,Strigiformes
7144,11155,Ninox rufa,Rufous Owl,Aves,Strigiformes
7145,11156,Ninox rumseyi,Cebu Boobook,Aves,Strigiformes
7146,11157,Ninox scutulata,Brown Boobook,Aves,Strigiformes
7147,11158,Ninox spilocephala,Mindanao Boobook,Aves,Strigiformes
7148,11159,Ninox spilonotus,Romblon Boobook,Aves,Strigiformes
7149,11160,Ninox strenua,Powerful Owl,Aves,Strigiformes
7150,11161,Ninox sumbaensis,Least Boobook,Aves,Strigiformes
7151,11162,Ninox theomacha,Papuan Boobook,Aves,Strigiformes
7152,11164,Nipponia nippon,Crested Ibis,Aves,Pelecaniformes
7153,11165,Nisaetus alboniger,Blyth's Hawk-Eagle,Aves,Accipitriformes
7154,11166,Nisaetus bartelsi,Javan Hawk-Eagle,Aves,Accipitriformes
7155,11167,Nisaetus cirrhatus,Changeable Hawk-Eagle,Aves,Accipitriformes
7156,11168,Nisaetus floris,Flores Hawk-Eagle,Aves,Accipitriformes
7157,11169,Nisaetus kelaarti,Legge's Hawk-Eagle,Aves,Accipitriformes
7158,11170,Nisaetus lanceolatus,Sulawesi Hawk-Eagle,Aves,Accipitriformes
7159,11171,Nisaetus nanus,Wallace's Hawk-Eagle,Aves,Accipitriformes
7160,11172,Nisaetus nipalensis,Mountain Hawk-Eagle,Aves,Accipitriformes
7161,11173,Nisaetus philippensis,Philippine Hawk-Eagle,Aves,Accipitriformes
7162,11182,Nok hualon,Bare-faced Bulbul,Aves,Passeriformes
7163,11184,Nomascus gabriellae,Red-cheeked Gibbon,Mammalia,Primates
7164,11185,Nomonyx dominicus,Masked Duck,Aves,Anseriformes
7165,11187,Nonnula brunnea,Brown Nunlet,Aves,Piciformes
7166,11188,Nonnula frontalis,Grey-cheeked Nunlet,Aves,Piciformes
7167,11189,Nonnula rubecula,Rusty-breasted Nunlet,Aves,Piciformes
7168,11190,Nonnula ruficapilla,Rufous-capped Nunlet,Aves,Piciformes
7169,11191,Nonnula sclateri,Fulvous-chinned Nunlet,Aves,Piciformes
7170,11192,Northiella haematogaster,Eastern Bluebonnet,Aves,Psittaciformes
7171,11196,Notharchus hyperrhynchus,White-necked Puffbird,Aves,Piciformes
7172,11197,Notharchus macrorhynchos,Guianan Puffbird,Aves,Piciformes
7173,11198,Notharchus ordii,Brown-banded Puffbird,Aves,Piciformes
7174,11199,Notharchus pectoralis,Black-breasted Puffbird,Aves,Piciformes
7175,11200,Notharchus swainsoni,Buff-bellied Puffbird,Aves,Piciformes
7176,11201,Notharchus tectus,Pied Puffbird,Aves,Piciformes
7177,11202,Nothocercus bonapartei,Highland Tinamou,Aves,Tinamiformes
7178,11203,Nothocercus julius,Tawny-breasted Tinamou,Aves,Tinamiformes
7179,11204,Nothocercus nigrocapillus,Hooded Tinamou,Aves,Tinamiformes
7180,11205,Nothocrax urumutum,Nocturnal Curassow,Aves,Galliformes
7181,11208,Nothoprocta cinerascens,Brushland Tinamou,Aves,Tinamiformes
7182,11209,Nothoprocta curvirostris,Curve-billed Tinamou,Aves,Tinamiformes
7183,11210,Nothoprocta ornata,Ornate Tinamou,Aves,Tinamiformes
7184,11211,Nothoprocta pentlandii,Andean Tinamou,Aves,Tinamiformes
7185,11212,Nothoprocta perdicaria,Chilean Tinamou,Aves,Tinamiformes
7186,11213,Nothoprocta taczanowskii,Taczanowski's Tinamou,Aves,Tinamiformes
7187,11214,Nothura boraquira,White-bellied Nothura,Aves,Tinamiformes
7188,11215,Nothura darwinii,Darwin's Nothura,Aves,Tinamiformes
7189,11216,Nothura maculosa,Spotted Nothura,Aves,Tinamiformes
7190,11217,Nothura minor,Lesser Nothura,Aves,Tinamiformes
7191,11218,Pygochelidon cyanoleuca,Blue-and-white Swallow,Aves,Passeriformes
7192,11219,Orochelidon flavipes,Pale-footed Swallow,Aves,Passeriformes
7193,11220,Orochelidon murina,Brown-bellied Swallow,Aves,Passeriformes
7194,11221,Notiomystis cincta,Stitchbird,Aves,Passeriformes
7195,11222,Notopholia corusca,Black-bellied Starling,Aves,Passeriformes
7196,11224,Notopsalta sericea,Notopsalta sericea,Insecta,Hemiptera
7197,11225,Nucifraga caryocatactes,Northern Nutcracker,Aves,Passeriformes
7198,11226,Nucifraga columbiana,Clark's Nutcracker,Aves,Passeriformes
7199,11227,Nucifraga hemispila,Southern Nutcracker,Aves,Passeriformes
7200,11228,Nucifraga multipunctata,Kashmir Nutcracker,Aves,Passeriformes
7201,11229,Numenius americanus,Long-billed Curlew,Aves,Charadriiformes
7202,11230,Numenius arquata,Eurasian Curlew,Aves,Charadriiformes
7203,11231,Numenius hudsonicus,Hudsonian Whimbrel,Aves,Charadriiformes
7204,11232,Numenius madagascariensis,Far Eastern Curlew,Aves,Charadriiformes
7205,11233,Numenius minutus,Little Curlew,Aves,Charadriiformes
7206,11234,Numenius phaeopus,Eurasian Whimbrel,Aves,Charadriiformes
7207,11235,Numenius tahitiensis,Bristle-thighed Curlew,Aves,Charadriiformes
7208,11237,Numida meleagris,Helmeted Guineafowl,Aves,Galliformes
7209,11239,Nyctalus aviator,Nyctalus aviator,Mammalia,Chiroptera
7210,11241,Nyctalus lasiopterus,Nyctalus lasiopterus,Mammalia,Chiroptera
7211,11245,Nyctanassa violacea,Yellow-crowned Night Heron,Aves,Pelecaniformes
7212,11255,Nyctibius aethereus,Long-tailed Potoo,Aves,Nyctibiiformes
7213,11256,Phyllaemulor bracteatus,Rufous Potoo,Aves,Nyctibiiformes
7214,11258,Nyctibius grandis,Great Potoo,Aves,Nyctibiiformes
7215,11259,Nyctibius griseus,Common Potoo,Aves,Nyctibiiformes
7216,11260,Nyctibius jamaicensis,Northern Potoo,Aves,Nyctibiiformes
7217,11261,Nyctibius leucopterus,White-winged Potoo,Aves,Nyctibiiformes
7218,11262,Nyctibius maculosus,Andean Potoo,Aves,Nyctibiiformes
7219,11265,Nycticorax caledonicus,Nankeen Night Heron,Aves,Pelecaniformes
7220,11266,Nycticorax nycticorax,Black-crowned Night Heron,Aves,Pelecaniformes
7221,11267,Nycticryphes semicollaris,South American Painted-snipe,Aves,Charadriiformes
7222,11268,Nyctidromus albicollis,Pauraque,Aves,Caprimulgiformes
7223,11269,Nyctidromus anthonyi,Anthony's Nightjar,Aves,Caprimulgiformes
7224,11274,Nyctimystes infrafrenatus,Nyctimystes infrafrenatus,Amphibia,Anura
7225,11280,Nyctiphrynus mcleodii,Eared Poorwill,Aves,Caprimulgiformes
7226,11281,Nyctiphrynus ocellatus,Ocellated Poorwill,Aves,Caprimulgiformes
7227,11282,Nyctiphrynus rosenbergi,Choco Poorwill,Aves,Caprimulgiformes
7228,11283,Nyctiphrynus yucatanicus,Yucatan Poorwill,Aves,Caprimulgiformes
7229,11284,Nyctipolus hirundinaceus,Pygmy Nightjar,Aves,Caprimulgiformes
7230,11285,Nyctipolus nigrescens,Blackish Nightjar,Aves,Caprimulgiformes
7231,11286,Nyctiprogne leucopyga,Band-tailed Nighthawk,Aves,Caprimulgiformes
7232,11287,Nyctiprogne vielliardi,Plain-tailed Nighthawk,Aves,Caprimulgiformes
7233,11292,Nyctyornis amictus,Red-bearded Bee-eater,Aves,Coraciiformes
7234,11293,Nyctyornis athertoni,Blue-bearded Bee-eater,Aves,Coraciiformes
7235,11301,Nymphicus hollandicus,Cockatiel,Aves,Psittaciformes
7236,11304,Nystalus chacuru,White-eared Puffbird,Aves,Piciformes
7237,11305,Nystalus maculatus,Caatinga Puffbird,Aves,Piciformes
7238,11306,Nystalus obamai,Western Striolated Puffbird,Aves,Piciformes
7239,11307,Nystalus radiatus,Barred Puffbird,Aves,Piciformes
7240,11308,Nystalus striatipectus,Chaco Puffbird,Aves,Piciformes
7241,11309,Nystalus striolatus,Eastern Striolated Puffbird,Aves,Piciformes
7242,11314,Occidozyga lima,Occidozyga lima,Amphibia,Anura
7243,11317,Occidozyga martensii,Occidozyga martensii,Amphibia,Anura
7244,11320,Oceanites gracilis,Elliot's Storm Petrel,Aves,Procellariiformes
7245,11321,Oceanites oceanicus,Wilson's Storm Petrel,Aves,Procellariiformes
7246,11322,Oceanites pincoyae,Pincoya Storm Petrel,Aves,Procellariiformes
7247,11323,Ochetorhynchus andaecola,Rock Earthcreeper,Aves,Passeriformes
7248,11324,Ochetorhynchus ruficaudus,Straight-billed Earthcreeper,Aves,Passeriformes
7249,11326,Ochotona collaris,Ochotona collaris,Mammalia,Lagomorpha
7250,11330,Ochotona princeps,American Pika,Mammalia,Lagomorpha
7251,11331,Ochotona pusilla,Ochotona pusilla,Mammalia,Lagomorpha
7252,11337,Ochthoeca cinnamomeiventris,Slaty-backed Chat-Tyrant,Aves,Passeriformes
7253,11338,Silvicultrix diadema,Yellow-bellied Chat-Tyrant,Aves,Passeriformes
7254,11340,Silvicultrix frontalis,Crowned Chat-Tyrant,Aves,Passeriformes
7255,11342,Silvicultrix spodionota,Kalinowski's Chat-Tyrant,Aves,Passeriformes
7256,11343,Ochthoeca fumicolor,Brown-backed Chat-Tyrant,Aves,Passeriformes
7257,11344,Silvicultrix jelskii,Jelski's Chat-Tyrant,Aves,Passeriformes
7258,11346,Ochthoeca leucophrys,White-browed Chat-Tyrant,Aves,Passeriformes
7259,11348,Ochthoeca oenanthoides,D'Orbigny's Chat-Tyrant,Aves,Passeriformes
7260,11349,Ochthoeca piurae,Piura Chat-Tyrant,Aves,Passeriformes
7261,11350,Silvicultrix pulchella,Golden-browed Chat-Tyrant,Aves,Passeriformes
7262,11352,Ochthoeca rufipectoralis,Rufous-breasted Chat-Tyrant,Aves,Passeriformes
7263,11353,Ochthoeca salvini,Tumbes Tyrant,Aves,Passeriformes
7264,11355,Ochthoeca superciliosa,Rufous-browed Chat-Tyrant,Aves,Passeriformes
7265,11356,Ochthoeca thoracica,Maroon-belted Chat-Tyrant,Aves,Passeriformes
7266,11357,Ochthornis littoralis,Drab Water Tyrant,Aves,Passeriformes
7267,11358,Ocreatus addae,Rufous-booted Racket-tail,Aves,Apodiformes
7268,11359,Ocreatus peruanus,Peruvian Racket-tail,Aves,Apodiformes
7269,11360,Ocreatus underwoodii,White-booted Racket-tail,Aves,Apodiformes
7270,11363,Ocyceros birostris,Indian Grey Hornbill,Aves,Bucerotiformes
7271,11364,Ocyceros gingalensis,Sri Lanka Grey Hornbill,Aves,Bucerotiformes
7272,11365,Ocyceros griseus,Malabar Grey Hornbill,Aves,Bucerotiformes
7273,11366,Ocyphaps lophotes,Crested Pigeon,Aves,Columbiformes
7274,11369,Odobenus rosmarus,Walrus,Mammalia,Carnivora
7275,11370,Odocoileus hemionus,Mule Deer,Mammalia,Artiodactyla
7276,11371,Odocoileus virginianus,White-tailed Deer,Mammalia,Artiodactyla
7277,11375,Odontophorus atrifrons,Black-fronted Wood Quail,Aves,Galliformes
7278,11376,Odontophorus balliviani,Stripe-faced Wood Quail,Aves,Galliformes
7279,11377,Odontophorus capueira,Spot-winged Wood Quail,Aves,Galliformes
7280,11378,Odontophorus columbianus,Venezuelan Wood Quail,Aves,Galliformes
7281,11379,Odontophorus dialeucos,Tacarcuna Wood Quail,Aves,Galliformes
7282,11380,Odontophorus erythrops,Rufous-fronted Wood Quail,Aves,Galliformes
7283,11381,Odontophorus gujanensis,Marbled Wood Quail,Aves,Galliformes
7284,11382,Odontophorus guttatus,Spotted Wood Quail,Aves,Galliformes
7285,11383,Odontophorus hyperythrus,Chestnut Wood Quail,Aves,Galliformes
7286,11384,Odontophorus leucolaemus,Black-breasted Wood Quail,Aves,Galliformes
7287,11385,Odontophorus melanonotus,Dark-backed Wood Quail,Aves,Galliformes
7288,11386,Odontophorus melanotis,Black-eared Wood Quail,Aves,Galliformes
7289,11387,Odontophorus speciosus,Rufous-breasted Wood Quail,Aves,Galliformes
7290,11388,Odontophorus stellatus,Starred Wood Quail,Aves,Galliformes
7291,11389,Odontophorus strophium,Gorgeted Wood Quail,Aves,Galliformes
7292,11391,Odontophrynus asper,Odontophrynus asper,Amphibia,Anura
7293,11394,Odontorchilus branickii,Grey-mantled Wren,Aves,Passeriformes
7294,11395,Odontorchilus cinereus,Tooth-billed Wren,Aves,Passeriformes
7295,11396,Spermestes griseicapilla,Grey-headed Silverbill,Aves,Passeriformes
7296,11397,Odontotaenius disjunctus,Odontotaenius disjunctus,Insecta,Coleoptera
7297,11399,Odontoxiphidium apterum,Wingless Meadow Katydid,Insecta,Orthoptera
7298,11410,Odorrana swinhoana,Odorrana swinhoana,Amphibia,Anura
7299,11412,Oecanthus alexanderi,Oecanthus alexanderi,Insecta,Orthoptera
7300,11413,Oecanthus allardi,Oecanthus allardi,Insecta,Orthoptera
7301,11415,Oecanthus argentinus,prairie tree cricket,Insecta,Orthoptera
7302,11418,Oecanthus californicus,Oecanthus californicus,Insecta,Orthoptera
7303,11420,Oecanthus celerinictus,fast-calling tree cricket ,Insecta,Orthoptera
7304,11421,Oecanthus dulcisonans,Oecanthus dulcisonans,Insecta,Orthoptera
7305,11422,Oecanthus euryelytra,Oecanthus euryelytra,Insecta,Orthoptera
7306,11423,Oecanthus exclamationis,Davis's Tree Cricket,Insecta,Orthoptera
7307,11425,Oecanthus forbesi,Forbes's tree cricket,Insecta,Orthoptera
7308,11426,Oecanthus fultoni,snowy tree cricket,Insecta,Orthoptera
7309,11428,Oecanthus indicus,Oecanthus indicus,Insecta,Orthoptera
7310,11430,Oecanthus latipennis,Broad-winged Tree Cricket,Insecta,Orthoptera
7311,11432,Oecanthus longicauda,Oecanthus longicauda,Insecta,Orthoptera
7312,11435,Oecanthus nigricornis,blackhorned tree cricket,Insecta,Orthoptera
7313,11436,Oecanthus niveus,narrow-winged tree cricket,Insecta,Orthoptera
7314,11437,Oecanthus pellucens,Oecanthus pellucens,Insecta,Orthoptera
7315,11438,Oecanthus pini,Pine Tree Cricket,Insecta,Orthoptera
7316,11439,Oecanthus quadripunctatus,four-spotted tree cricket,Insecta,Orthoptera
7317,11440,Oecanthus rileyi,Riley's tree cricket,Insecta,Orthoptera
7318,11442,Oecanthus rufescens,Oecanthus rufescens,Insecta,Orthoptera
7319,11444,Oecanthus texensis,Oecanthus texensis,Insecta,Orthoptera
7320,11446,Oecanthus varicornis,different-horned tree cricket,Insecta,Orthoptera
7321,11449,Oedipoda caerulescens,Oedipoda caerulescens,Insecta,Orthoptera
7322,11451,Oedistoma iliolophus,Spectacled Longbill,Aves,Passeriformes
7323,11452,Oedistoma pygmaeum,Pygmy Longbill,Aves,Passeriformes
7324,11454,Oena capensis,Namaqua Dove,Aves,Columbiformes
7325,11455,Oenanthe albifrons,White-fronted Black Chat,Aves,Passeriformes
7326,11456,Oenanthe albonigra,Hume's Wheatear,Aves,Passeriformes
7327,11457,Oenanthe bottae,Buff-breasted Wheatear,Aves,Passeriformes
7328,11458,Oenanthe frenata,Rusty-breasted Wheatear,Aves,Passeriformes
7329,11459,Oenanthe chrysopygia,Red-tailed Wheatear,Aves,Passeriformes
7330,11460,Oenanthe cypriaca,Cyprus Wheatear,Aves,Passeriformes
7331,11461,Oenanthe deserti,Desert Wheatear,Aves,Passeriformes
7332,11462,Oenanthe dubia,Sombre Rock Chat,Aves,Passeriformes
7333,11463,Oenanthe familiaris,Familiar Chat,Aves,Passeriformes
7334,11464,Oenanthe finschii,Finsch's Wheatear,Aves,Passeriformes
7335,11465,Oenanthe fusca,Brown Rock Chat,Aves,Passeriformes
7336,11467,Oenanthe lugens,Mourning Wheatear,Aves,Passeriformes
7337,11469,Oenanthe hispanica,Western Black-eared Wheatear,Aves,Passeriformes
7338,11470,Oenanthe melanoleuca,Eastern Black-eared Wheatear,Aves,Passeriformes
7339,11471,Oenanthe isabellina,Isabelline Wheatear,Aves,Passeriformes
7340,11472,Oenanthe leucopyga,White-crowned Wheatear,Aves,Passeriformes
7341,11473,Oenanthe leucura,Black Wheatear,Aves,Passeriformes
7342,11474,Oenanthe lugentoides,Arabian Wheatear,Aves,Passeriformes
7343,11475,Oenanthe lugubris,Abyssinian Wheatear,Aves,Passeriformes
7344,11476,Oenanthe melanura,Blackstart,Aves,Passeriformes
7345,11477,Oenanthe moesta,Red-rumped Wheatear,Aves,Passeriformes
7346,11478,Oenanthe monacha,Hooded Wheatear,Aves,Passeriformes
7347,11479,Oenanthe oenanthe,Northern Wheatear,Aves,Passeriformes
7348,11480,Oenanthe seebohmi,Atlas Wheatear,Aves,Passeriformes
7349,11482,Oenanthe picata,Variable Wheatear,Aves,Passeriformes
7350,11483,Oenanthe pileata,Capped Wheatear,Aves,Passeriformes
7351,11484,Oenanthe pleschanka,Pied Wheatear,Aves,Passeriformes
7352,11485,Oenanthe scotocerca,Brown-tailed Rock Chat,Aves,Passeriformes
7353,11488,Ognorhynchus icterotis,Yellow-eared Parrot,Aves,Psittaciformes
7354,11490,Okanagana arboraria,Okanagana arboraria,Insecta,Hemiptera
7355,11491,Okanagana arctostaphylae,Okanagana arctostaphylae,Insecta,Hemiptera
7356,11493,Okanagana balli,Okanagana balli,Insecta,Hemiptera
7357,11494,Okanagana bella,Okanagana bella,Insecta,Hemiptera
7358,11496,Okanagana canescens,Okanagana canescens,Insecta,Hemiptera
7359,11501,Okanagana fumipennis,Okanagana fumipennis,Insecta,Hemiptera
7360,11502,Okanagana gibbera,Okanagana gibbera,Insecta,Hemiptera
7361,11503,Tibicinoides hesperia,Tibicinoides hesperia,Insecta,Hemiptera
7362,11504,Okanagana luteobasalis,Okanagana luteobasalis,Insecta,Hemiptera
7363,11505,Okanagana magnifica,Okanagana magnifica,Insecta,Hemiptera
7364,11506,Okanagana mariposa,Okanagana mariposa,Insecta,Hemiptera
7365,11507,Okanagana nigrodorsata,Okanagana nigrodorsata,Insecta,Hemiptera
7366,11508,Okanagana noveboracensis,Okanagana noveboracensis,Insecta,Hemiptera
7367,11509,Okanagana occidentalis,Okanagana occidentalis,Insecta,Hemiptera
7368,11511,Okanagana oregona,Okanagana oregona,Insecta,Hemiptera
7369,11514,Okanagana rimosa,Okanagana rimosa,Insecta,Hemiptera
7370,11515,Okanagana rubrobasalis,Okanagana rubrobasalis,Insecta,Hemiptera
7371,11516,Okanagana tristis,Okanagana tristis,Insecta,Hemiptera
7372,11518,Okanagana sequoiae,Okanagana sequoiae,Insecta,Hemiptera
7373,11520,Okanagana synodica,Okanagana synodica,Insecta,Hemiptera
7374,11521,Okanagana triangulata,Okanagana triangulata,Insecta,Hemiptera
7375,11524,Okanagana vocalis,Okanagana vocalis,Insecta,Hemiptera
7376,11525,Okanagana wymorei,Okanagana wymorei,Insecta,Hemiptera
7377,11526,Okanagodes gracilis,Okanagodes gracilis,Insecta,Hemiptera
7378,11531,Oligoglena carayoni,Oligoglena carayoni,Insecta,Hemiptera
7379,11534,Oligoglena tibialis,Oligoglena tibialis,Insecta,Hemiptera
7380,11540,Ololygon berthae,Ololygon berthae,Amphibia,Anura
7381,11557,Omocestus haemorrhoidalis,Omocestus haemorrhoidalis,Insecta,Orthoptera
7382,11563,Omocestus raymondi,Omocestus raymondi,Insecta,Orthoptera
7383,11564,Omocestus rufipes,Omocestus rufipes,Insecta,Orthoptera
7384,11567,Omocestus viridulus,Omocestus viridulus,Insecta,Orthoptera
7385,11571,Oncostoma cinereigulare,Northern Bentbill,Aves,Passeriformes
7386,11572,Oncostoma olivaceum,Southern Bentbill,Aves,Passeriformes
7387,11573,Ondatra zibethicus,muskrat,Mammalia,Rodentia
7388,11577,Onychognathus albirostris,White-billed Starling,Aves,Passeriformes
7389,11578,Onychognathus blythii,Somali Starling,Aves,Passeriformes
7390,11580,Onychognathus fulgidus,Chestnut-winged Starling,Aves,Passeriformes
7391,11581,Onychognathus morio,Red-winged Starling,Aves,Passeriformes
7392,11582,Onychognathus nabouroup,Pale-winged Starling,Aves,Passeriformes
7393,11583,Onychognathus neumanni,Neumann's Starling,Aves,Passeriformes
7394,11584,Onychognathus salvadorii,Bristle-crowned Starling,Aves,Passeriformes
7395,11585,Onychognathus tenuirostris,Slender-billed Starling,Aves,Passeriformes
7396,11586,Onychognathus tristramii,Tristram's Starling,Aves,Passeriformes
7397,11587,Onychognathus walleri,Waller's Starling,Aves,Passeriformes
7398,11589,Onychoprion aleuticus,Aleutian Tern,Aves,Charadriiformes
7399,11590,Onychoprion anaethetus,Bridled Tern,Aves,Charadriiformes
7400,11591,Onychoprion fuscatus,Sooty Tern,Aves,Charadriiformes
7401,11592,Onychoprion lunatus,Spectacled Tern,Aves,Charadriiformes
7402,11593,Onychorhynchus coronatus,Tropical Royal Flycatcher,Aves,Passeriformes
7403,11595,Onychorhynchus swainsoni,Atlantic Royal Flycatcher,Aves,Passeriformes
7404,11596,Onychorhynchus mexicanus,Onychorhynchus mexicanus,Aves,Passeriformes
7405,11599,Oophaga histrionica,Oophaga histrionica,Amphibia,Anura
7406,11600,Oophaga pumilio,Oophaga pumilio,Amphibia,Anura
7407,11602,Oophaga sylvatica,Oophaga sylvatica,Amphibia,Anura
7408,11605,Opisthocomus hoazin,Hoatzin,Aves,Opisthocomiformes
7409,11607,Opisthoprora euryptera,Mountain Avocetbill,Aves,Apodiformes
7410,11610,Oporornis agilis,Connecticut Warbler,Aves,Passeriformes
7411,11614,Opsanus tau,Oyster toadfish,Actinopterygii,Batrachoidiformes
7412,11618,Orchelimum agile,agile meadow katydid,Insecta,Orthoptera
7413,11621,Orchelimum bullatum,Texas meadow katydid,Insecta,Orthoptera
7414,11624,Orchelimum concinnum,stripe-faced meadow katydid,Insecta,Orthoptera
7415,11626,Orchelimum erythrocephalum,Red-headed Meadow Katydid,Insecta,Orthoptera
7416,11627,Orchelimum fidicinium,seaside meadow katydid,Insecta,Orthoptera
7417,11628,Orchelimum gladiator,Gladiator Meadow Katydid,Insecta,Orthoptera
7418,11629,Orchelimum militare,Military Meadow Katydid,Insecta,Orthoptera
7419,11630,Orchelimum minor,lesser pine katydid,Insecta,Orthoptera
7420,11631,Orchelimum nigripes,Black-legged Meadow Katydid,Insecta,Orthoptera
7421,11632,Orchelimum pulchellum,Handsome Meadow Katydid,Insecta,Orthoptera
7422,11633,Orchelimum silvaticum,long-spurred meadow katydid,Insecta,Orthoptera
7423,11635,Orchelimum unispina,Orchelimum unispina,Insecta,Orthoptera
7424,11637,Orchelimum vulgare,Common Meadow Katydid,Insecta,Orthoptera
7425,11638,Orchesticus abeillei,Brown Tanager,Aves,Passeriformes
7426,11639,Orcinus orca,killer whale,Mammalia,Cetacea
7427,11644,Oreobates cruralis,Oreobates cruralis,Amphibia,Anura
7428,11646,Oreocharis arfaki,Tit Berrypecker,Aves,Passeriformes
7429,11648,Oreoica gutturalis,Crested Bellbird,Aves,Passeriformes
7430,11649,Oreolais pulcher,Black-collared Apalis,Aves,Passeriformes
7431,11650,Oreolais ruwenzorii,Rwenzori Apalis,Aves,Passeriformes
7432,11651,Oreomystis bairdi,Akikiki,Aves,Passeriformes
7433,11652,Oreonympha nobilis,Bearded Mountaineer,Aves,Apodiformes
7434,11653,Oreophasis derbianus,Horned Guan,Aves,Galliformes
7435,11654,Oreophilais robertsi,Roberts's Warbler,Aves,Passeriformes
7436,11655,Oreopholus ruficollis,Tawny-throated Dotterel,Aves,Charadriiformes
7437,11660,Oreopsittacus arfaki,Plum-faced Lorikeet,Aves,Psittaciformes
7438,11662,Oreortyx pictus,Mountain Quail,Aves,Galliformes
7439,11663,Oreoscoptes montanus,Sage Thrasher,Aves,Passeriformes
7440,11664,Oreoscopus gutturalis,Fernwren,Aves,Passeriformes
7441,11665,Oreostruthus fuliginosus,Mountain Firetail,Aves,Passeriformes
7442,11666,Oreothlypis gutturalis,Flame-throated Warbler,Aves,Passeriformes
7443,11667,Oreothlypis superciliosa,Crescent-chested Warbler,Aves,Passeriformes
7444,11668,Oreothraupis arremonops,Tanager Finch,Aves,Passeriformes
7445,11670,Oreotrochilus adela,Wedge-tailed Hillstar,Aves,Apodiformes
7446,11671,Oreotrochilus chimborazo,Ecuadorian Hillstar,Aves,Apodiformes
7447,11672,Oreotrochilus cyanolaemus,Blue-throated Hillstar,Aves,Apodiformes
7448,11673,Oreotrochilus estella,Andean Hillstar,Aves,Apodiformes
7449,11674,Oreotrochilus leucopleurus,White-sided Hillstar,Aves,Apodiformes
7450,11676,Oreotrochilus stolzmanni,Green-headed Hillstar,Aves,Apodiformes
7451,11677,Oressochen jubatus,Orinoco Goose,Aves,Anseriformes
7452,11681,Origma solitaria,Rockwarbler,Aves,Passeriformes
7453,11682,Oriolia bernieri,Bernier's Vanga,Aves,Passeriformes
7454,11683,Oriolus albiloris,White-lored Oriole,Aves,Passeriformes
7455,11684,Oriolus auratus,African Golden Oriole,Aves,Passeriformes
7456,11686,Oriolus brachyrynchus,Western Oriole,Aves,Passeriformes
7457,11687,Oriolus chinensis,Black-naped Oriole,Aves,Passeriformes
7458,11688,Oriolus chlorocephalus,Green-headed Oriole,Aves,Passeriformes
7459,11689,Oriolus consanguineus,Black-and-crimson Oriole,Aves,Passeriformes
7460,11690,Oriolus cruentus,Javan Oriole,Aves,Passeriformes
7461,11691,Oriolus consobrinus,Ventriloquial Oriole,Aves,Passeriformes
7462,11692,Oriolus crassirostris,Sao Tome Oriole,Aves,Passeriformes
7463,11693,Oriolus decipiens,Tanimbar Oriole,Aves,Passeriformes
7464,11694,Oriolus finschi,Wetar Oriole,Aves,Passeriformes
7465,11695,Oriolus flavocinctus,Green Oriole,Aves,Passeriformes
7466,11696,Oriolus forsteni,Grey-collared Oriole,Aves,Passeriformes
7467,11699,Oriolus kundoo,Indian Golden Oriole,Aves,Passeriformes
7468,11700,Oriolus larvatus,Black-headed Oriole,Aves,Passeriformes
7469,11701,Oriolus melanotis,Timor Oriole,Aves,Passeriformes
7470,11703,Oriolus monacha,Ethiopian Oriole,Aves,Passeriformes
7471,11704,Oriolus nigripennis,Black-winged Oriole,Aves,Passeriformes
7472,11705,Oriolus oriolus,Eurasian Golden Oriole,Aves,Passeriformes
7473,11706,Oriolus percivali,Mountain Oriole,Aves,Passeriformes
7474,11707,Oriolus phaeochromus,Dusky-brown Oriole,Aves,Passeriformes
7475,11708,Oriolus sagittatus,Olive-backed Oriole,Aves,Passeriformes
7476,11709,Oriolus steerii,Philippine Oriole,Aves,Passeriformes
7477,11710,Oriolus szalayi,Brown Oriole,Aves,Passeriformes
7478,11711,Oriolus tenuirostris,Slender-billed Oriole,Aves,Passeriformes
7479,11712,Oriolus traillii,Maroon Oriole,Aves,Passeriformes
7480,11713,Oriolus xanthonotus,Dark-throated Oriole,Aves,Passeriformes
7481,11714,Oriolus xanthornus,Black-hooded Oriole,Aves,Passeriformes
7482,11715,Oriturus superciliosus,Striped Sparrow,Aves,Passeriformes
7483,11716,Ornebius aperta,Ornebius aperta,Insecta,Orthoptera
7484,11721,Ornebius kanetataki,Ornebius kanetataki,Insecta,Orthoptera
7485,11727,Ornithion brunneicapillus,Brown-capped Tyrannulet,Aves,Passeriformes
7486,11728,Ornithion inerme,White-lored Tyrannulet,Aves,Passeriformes
7487,11729,Ornithion semiflavum,Yellow-bellied Tyrannulet,Aves,Passeriformes
7488,11731,Ornorectes cristatus,Piping Bellbird,Aves,Passeriformes
7489,11737,Orocharis luteolira,false jumping bush cricket,Insecta,Orthoptera
7490,11738,Orocharis nigrifrons,black-faced bush cricket,Insecta,Orthoptera
7491,11740,Orocharis saltator,Jumping Bush Cricket,Insecta,Orthoptera
7492,11741,Orocharis tricornis,three-horned bush cricket,Insecta,Orthoptera
7493,11744,Orocharis,Orocharis,Insecta,Orthoptera
7494,11745,Ortalis araucuan,East Brazilian Chachalaca,Aves,Galliformes
7495,11746,Ortalis canicollis,Chaco Chachalaca,Aves,Galliformes
7496,11747,Ortalis cinereiceps,Grey-headed Chachalaca,Aves,Galliformes
7497,11748,Ortalis columbiana,Colombian Chachalaca,Aves,Galliformes
7498,11749,Ortalis erythroptera,Rufous-headed Chachalaca,Aves,Galliformes
7499,11750,Ortalis garrula,Chestnut-winged Chachalaca,Aves,Galliformes
7500,11751,Ortalis guttata,Speckled Chachalaca,Aves,Galliformes
7501,11752,Ortalis leucogastra,White-bellied Chachalaca,Aves,Galliformes
7502,11753,Ortalis motmot,Little Chachalaca,Aves,Galliformes
7503,11754,Ortalis poliocephala,West Mexican Chachalaca,Aves,Galliformes
7504,11755,Ortalis ruficauda,Rufous-vented Chachalaca,Aves,Galliformes
7505,11756,Ortalis ruficeps,Chestnut-headed Chachalaca,Aves,Galliformes
7506,11757,Ortalis squamata,Scaled Chachalaca,Aves,Galliformes
7507,11758,Ortalis superciliaris,Buff-browed Chachalaca,Aves,Galliformes
7508,11759,Ortalis vetula,Plain Chachalaca,Aves,Galliformes
7509,11760,Ortalis wagleri,Rufous-bellied Chachalaca,Aves,Galliformes
7510,11762,Orthogonys chloricterus,Olive-green Tanager,Aves,Passeriformes
7511,11763,Orthonyx novaeguineae,Papuan Logrunner,Aves,Passeriformes
7512,11764,Orthonyx spaldingii,Chowchilla,Aves,Passeriformes
7513,11765,Orthonyx temminckii,Australian Logrunner,Aves,Passeriformes
7514,11767,Orthopsittaca manilatus,Red-bellied Macaw,Aves,Psittaciformes
7515,11770,Orthorhyncus cristatus,Antillean Crested Hummingbird,Aves,Apodiformes
7516,11772,Orthotomus atrogularis,Dark-necked Tailorbird,Aves,Passeriformes
7517,11773,Orthotomus castaneiceps,Philippine Tailorbird,Aves,Passeriformes
7518,11774,Orthotomus chaktomuk,Cambodian Tailorbird,Aves,Passeriformes
7519,11775,Orthotomus chloronotus,Trilling Tailorbird,Aves,Passeriformes
7520,11776,Orthotomus cinereiceps,White-eared Tailorbird,Aves,Passeriformes
7521,11777,Orthotomus derbianus,Grey-backed Tailorbird,Aves,Passeriformes
7522,11778,Orthotomus frontalis,Rufous-fronted Tailorbird,Aves,Passeriformes
7523,11779,Orthotomus nigriceps,Black-headed Tailorbird,Aves,Passeriformes
7524,11780,Orthotomus ruficeps,Ashy Tailorbird,Aves,Passeriformes
7525,11781,Orthotomus samarensis,Yellow-breasted Tailorbird,Aves,Passeriformes
7526,11782,Orthotomus sepium,Olive-backed Tailorbird,Aves,Passeriformes
7527,11783,Orthotomus sericeus,Rufous-tailed Tailorbird,Aves,Passeriformes
7528,11784,Orthotomus sutorius,Common Tailorbird,Aves,Passeriformes
7529,11785,Ortygornis gularis,Swamp Francolin,Aves,Galliformes
7530,11786,Ortygornis pondicerianus,Grey Francolin,Aves,Galliformes
7531,11787,Ortygornis sephaena,Crested Francolin,Aves,Galliformes
7532,11788,Ortygospiza atricollis,Quailfinch,Aves,Passeriformes
7533,11796,Osmia cornuta,Osmia cornuta,Insecta,Hymenoptera
7534,11800,Osteocephalus leprieurii,Osteocephalus leprieurii,Amphibia,Anura
7535,11801,Osteocephalus oophagus,Osteocephalus oophagus,Amphibia,Anura
7536,11803,Osteocephalus taurinus,Osteocephalus taurinus,Amphibia,Anura
7537,11805,Osteocephalus,Osteocephalus,Amphibia,Anura
7538,11807,Osteopilus dominicensis,Osteopilus dominicensis,Amphibia,Anura
7539,11809,Osteopilus ocellatus,Osteopilus ocellatus,Amphibia,Anura
7540,11810,Osteopilus septentrionalis,Cuban Treefrog,Amphibia,Anura
7541,11816,Otidiphaps nobilis,Pheasant Pigeon,Aves,Columbiformes
7542,11817,Otis tarda,Great Bustard,Aves,Otidiformes
7543,11818,Turdus mupinensis,Chinese Thrush,Aves,Passeriformes
7544,11821,Otolemur crassicaudatus,Brown Greater Galago,Mammalia,Primates
7545,11822,Otolemur garnettii,small-eared galago,Mammalia,Primates
7546,11823,Otophryne pyburni,Otophryne pyburni,Amphibia,Anura
7547,11824,Otophryne robusta,Otophryne robusta,Amphibia,Anura
7548,11826,Spermophilus beecheyi,California ground squirrel,Mammalia,Rodentia
7549,11828,Otospermophilus douglasii,Otospermophilus douglasii,Mammalia,Rodentia
7550,11829,Spermophilus variegatus,rock squirrel,Mammalia,Rodentia
7551,11831,Otus alfredi,Flores Scops Owl,Aves,Strigiformes
7552,11832,Otus alius,Nicobar Scops Owl,Aves,Strigiformes
7553,11833,Otus angelinae,Javan Scops Owl,Aves,Strigiformes
7554,11834,Otus bakkamoena,Indian Scops Owl,Aves,Strigiformes
7555,11835,Otus balli,Andaman Scops Owl,Aves,Strigiformes
7556,11836,Otus beccarii,Biak Scops Owl,Aves,Strigiformes
7557,11837,Otus bikegila,Principe Scops Owl,Aves,Strigiformes
7558,11838,Otus brookii,Rajah Scops Owl,Aves,Strigiformes
7559,11839,Otus brucei,Pallid Scops Owl,Aves,Strigiformes
7560,11840,Otus capnodes,Anjouan Scops Owl,Aves,Strigiformes
7561,11841,Otus collari,Sangihe Scops Owl,Aves,Strigiformes
7562,11842,Otus cyprius,Cyprus Scops Owl,Aves,Strigiformes
7563,11843,Otus elegans,Ryukyu Scops Owl,Aves,Strigiformes
7564,11845,Otus everetti,Everett's Scops Owl,Aves,Strigiformes
7565,11847,Otus senegalensis,African Scops Owl,Aves,Strigiformes
7566,11848,Otus fuliginosus,Palawan Scops Owl,Aves,Strigiformes
7567,11849,Otus gurneyi,Giant Scops Owl,Aves,Strigiformes
7568,11850,Otus hartlaubi,Sao Tome Scops Owl,Aves,Strigiformes
7569,11851,Otus icterorhynchus,Sandy Scops Owl,Aves,Strigiformes
7570,11852,Otus insularis,Seychelles Scops Owl,Aves,Strigiformes
7571,11853,Otus ireneae,Sokoke Scops Owl,Aves,Strigiformes
7572,11854,Otus jolandae,Rinjani Scops Owl,Aves,Strigiformes
7573,11855,Otus lempiji,Sunda Scops Owl,Aves,Strigiformes
7574,11856,Otus lettia,Collared Scops Owl,Aves,Strigiformes
7575,11857,Otus longicornis,Luzon Scops Owl,Aves,Strigiformes
7576,11858,Otus madagascariensis,Torotoroka Scops Owl,Aves,Strigiformes
7577,11859,Otus magicus,Moluccan Scops Owl,Aves,Strigiformes
7578,11861,Otus manadensis,Sulawesi Scops Owl,Aves,Strigiformes
7579,11862,Otus mantananensis,Mantanani Scops Owl,Aves,Strigiformes
7580,11864,Otus megalotis,Philippine Scops Owl,Aves,Strigiformes
7581,11865,Otus mendeni,Banggai Scops Owl,Aves,Strigiformes
7582,11866,Otus mentawi,Mentawai Scops Owl,Aves,Strigiformes
7583,11868,Otus mirus,Mindanao Scops Owl,Aves,Strigiformes
7584,11870,Otus nigrorum,Negros Scops Owl,Aves,Strigiformes
7585,11871,Otus pamelae,Arabian Scops Owl,Aves,Strigiformes
7586,11872,Otus pauliani,Karthala Scops Owl,Aves,Strigiformes
7587,11873,Otus pembaensis,Pemba Scops Owl,Aves,Strigiformes
7588,11874,Otus podarginus,Palau Scops Owl,Aves,Strigiformes
7589,11875,Otus rufescens,Reddish Scops Owl,Aves,Strigiformes
7590,11876,Otus rutilus,Rainforest Scops Owl,Aves,Strigiformes
7591,11877,Otus sagittatus,White-fronted Scops Owl,Aves,Strigiformes
7592,11878,Otus scops,Eurasian Scops Owl,Aves,Strigiformes
7593,11879,Otus semitorques,Japanese Scops Owl,Aves,Strigiformes
7594,11880,Otus silvicola,Wallace's Scops Owl,Aves,Strigiformes
7595,11881,Otus socotranus,Socotra Scops Owl,Aves,Strigiformes
7596,11882,Otus spilocephalus,Mountain Scops Owl,Aves,Strigiformes
7597,11883,Otus sulaensis,Sula Scops Owl,Aves,Strigiformes
7598,11884,Otus sunia,Oriental Scops Owl,Aves,Strigiformes
7599,11885,Otus thilohoffmanni,Serendib Scops Owl,Aves,Strigiformes
7600,11886,Otus umbra,Simeulue Scops Owl,Aves,Strigiformes
7601,11889,Ovis aries,Sheep,Mammalia,Artiodactyla
7602,11896,Oxylabes madagascariensis,White-throated Oxylabes,Aves,Passeriformes
7603,11898,Oxypogon guerinii,Green-bearded Helmetcrest,Aves,Apodiformes
7604,11899,Oxypogon lindenii,White-bearded Helmetcrest,Aves,Apodiformes
7605,11900,Oxypogon stuebelii,Buffy Helmetcrest,Aves,Apodiformes
7606,11901,Oxyruncus cristatus,Sharpbill,Aves,Passeriformes
7607,11904,Oxyura ferruginea,Andean Duck,Aves,Anseriformes
7608,11905,Oxyura jamaicensis,Ruddy Duck,Aves,Anseriformes
7609,11906,Oxyura leucocephala,White-headed Duck,Aves,Anseriformes
7610,11908,Oxyura vittata,Lake Duck,Aves,Anseriformes
7611,11912,Pacarina puella,Pacarina puella,Insecta,Hemiptera
7612,11914,Pacarina shoemakeri,Pacarina shoemakeri,Insecta,Hemiptera
7613,11916,Pachycare flavogriseum,Goldenface,Aves,Passeriformes
7614,11917,Pachycephala albiventris,Green-backed Whistler,Aves,Passeriformes
7615,11918,Pachycephala arctitorquis,Wallacean Whistler,Aves,Passeriformes
7616,11920,Pachycephala balim,Baliem Whistler,Aves,Passeriformes
7617,11921,Pachycephala caledonica,New Caledonian Whistler,Aves,Passeriformes
7618,11923,Pachycephala chlorura,Melanesian Whistler,Aves,Passeriformes
7619,11924,Pachycephala cinerea,Mangrove Whistler,Aves,Passeriformes
7620,11925,Pachycephala citreogaster,Bismarck Whistler,Aves,Passeriformes
7621,11927,Pachycephala feminina,Rennell Whistler,Aves,Passeriformes
7622,11928,Pachycephala flavifrons,Samoan Whistler,Aves,Passeriformes
7623,11929,Pachycephala fuliginosa,Western Whistler,Aves,Passeriformes
7624,11930,Pachycephala calliope,Rusty-breasted Whistler,Aves,Passeriformes
7625,11931,Pachycephala graeffii,Yellow-throated Fiji Whistler,Aves,Passeriformes
7626,11932,Pachycephala griseonota,Drab Whistler,Aves,Passeriformes
7627,11933,Pachycephala homeyeri,White-vented Whistler,Aves,Passeriformes
7628,11934,Pachycephala hyperythra,Rusty Whistler,Aves,Passeriformes
7629,11935,Pachycephala hypoxantha,Bornean Whistler,Aves,Passeriformes
7630,11937,Pachycephala inornata,Gilbert's Whistler,Aves,Passeriformes
7631,11938,Pachycephala jacquinoti,Tongan Whistler,Aves,Passeriformes
7632,11940,Pachycephala lanioides,White-breasted Whistler,Aves,Passeriformes
7633,11941,Pachycephala leucogastra,White-bellied Whistler,Aves,Passeriformes
7634,11942,Pachycephala lorentzi,Lorentz's Whistler,Aves,Passeriformes
7635,11943,Pachycephala macrorhyncha,Yellow-throated Whistler,Aves,Passeriformes
7636,11944,Pachycephala melanura,Mangrove Golden Whistler,Aves,Passeriformes
7637,11945,Pachycephala mentalis,Black-chinned Whistler,Aves,Passeriformes
7638,11947,Pachycephala modesta,Brown-backed Whistler,Aves,Passeriformes
7639,11948,Pachycephala monacha,Black-headed Whistler,Aves,Passeriformes
7640,11949,Pachycephala nudigula,Bare-throated Whistler,Aves,Passeriformes
7641,11950,Pachycephala olivacea,Olive Whistler,Aves,Passeriformes
7642,11951,Pachycephala orioloides,Oriole Whistler,Aves,Passeriformes
7643,11953,Pachycephala orpheus,Fawn-breasted Whistler,Aves,Passeriformes
7644,11954,Pachycephala pectoralis,Australian Golden Whistler,Aves,Passeriformes
7645,11956,Pachycephala philippinensis,Yellow-bellied Whistler,Aves,Passeriformes
7646,11958,Pachycephala rufiventris,Rufous Whistler,Aves,Passeriformes
7647,11959,Pachycephala rufogularis,Red-lored Whistler,Aves,Passeriformes
7648,11960,Pachycephala schlegelii,Regent Whistler,Aves,Passeriformes
7649,11961,Pachycephala simplex,Grey Whistler,Aves,Passeriformes
7650,11962,Pachycephala soror,Sclater's Whistler,Aves,Passeriformes
7651,11963,Pachycephala sulfuriventer,Sulphur-vented Whistler,Aves,Passeriformes
7652,11964,Pachycephala tenebrosa,Morningbird,Aves,Passeriformes
7653,11967,Pachycephala vitiensis,White-throated Fiji Whistler,Aves,Passeriformes
7654,11968,Pachycephalopsis hattamensis,Green-backed Robin,Aves,Passeriformes
7655,11969,Pachycephalopsis poliosoma,White-eyed Robin,Aves,Passeriformes
7656,11970,Pachycoccyx audeberti,Thick-billed Cuckoo,Aves,Cuculiformes
7657,11973,Pachyglossa agilis,Thick-billed Flowerpecker,Aves,Passeriformes
7658,11974,Pachyglossa chrysorrhea,Yellow-vented Flowerpecker,Aves,Passeriformes
7659,11975,Pachyglossa melanozantha,Yellow-bellied Flowerpecker,Aves,Passeriformes
7660,11978,Pachyglossa vincens,White-throated Flowerpecker,Aves,Passeriformes
7661,11980,Pachyphantes superciliosus,Compact Weaver,Aves,Passeriformes
7662,11982,Pachyptila belcheri,Slender-billed Prion,Aves,Procellariiformes
7663,11984,Pachyptila desolata,Antarctic Prion,Aves,Procellariiformes
7664,11986,Pachyptila turtur,Fairy Prion,Aves,Procellariiformes
7665,11987,Pachyptila vittata,Broad-billed Prion,Aves,Procellariiformes
7666,11988,Pachyramphus aglaiae,Rose-throated Becard,Aves,Passeriformes
7667,11989,Pachyramphus albogriseus,Black-and-white Becard,Aves,Passeriformes
7668,11990,Pachyramphus castaneus,Chestnut-crowned Becard,Aves,Passeriformes
7669,11991,Pachyramphus cinnamomeus,Cinnamon Becard,Aves,Passeriformes
7670,11992,Pachyramphus homochrous,One-colored Becard,Aves,Passeriformes
7671,11993,Pachyramphus major,Grey-collared Becard,Aves,Passeriformes
7672,11994,Pachyramphus marginatus,Black-capped Becard,Aves,Passeriformes
7673,11995,Pachyramphus minor,Pink-throated Becard,Aves,Passeriformes
7674,11996,Pachyramphus niger,Jamaican Becard,Aves,Passeriformes
7675,11997,Pachyramphus polychopterus,White-winged Becard,Aves,Passeriformes
7676,11998,Pachyramphus rufus,Cinereous Becard,Aves,Passeriformes
7677,11999,Pachyramphus salvini,Cryptic Becard,Aves,Passeriformes
7678,12000,Pachyramphus spodiurus,Slaty Becard,Aves,Passeriformes
7679,12001,Pachyramphus surinamus,Glossy-backed Becard,Aves,Passeriformes
7680,12002,Pachyramphus validus,Crested Becard,Aves,Passeriformes
7681,12003,Pachyramphus versicolor,Barred Becard,Aves,Passeriformes
7682,12004,Pachyramphus viridis,Green-backed Becard,Aves,Passeriformes
7683,12005,Pachyramphus xanthogenys,Yellow-cheeked Becard,Aves,Passeriformes
7684,12010,Pachytrachis striolatus,Pachytrachis striolatus,Insecta,Orthoptera
7685,12015,Pagodroma nivea,Snow Petrel,Aves,Procellariiformes
7686,12016,Pagophila eburnea,Ivory Gull,Aves,Charadriiformes
7687,12017,Pagophilus groenlandicus,Harp Seal,Mammalia,Carnivora
7688,12021,Palapsalta circumdata,Palapsalta circumdata,Insecta,Hemiptera
7689,12025,Palmeria dolei,Akohekohe,Aves,Passeriformes
7690,12026,Paludipasser locustella,Locust Finch,Aves,Passeriformes
7691,12027,Pampa curvipennis,Curve-winged Sabrewing,Aves,Apodiformes
7692,12028,Pampa excellens,Pampa excellens,Aves,Apodiformes
7693,12029,Pampa pampa,Wedge-tailed Sabrewing,Aves,Apodiformes
7694,12030,Pampa rufa,Rufous Sabrewing,Aves,Apodiformes
7695,12032,Pampusana beccarii,Bronze Ground Dove,Aves,Columbiformes
7696,12035,Pampusana hoedtii,Wetar Ground Dove,Aves,Columbiformes
7697,12038,Pampusana stairi,Shy Ground Dove,Aves,Columbiformes
7698,12039,Pampusana xanthonura,White-throated Ground Dove,Aves,Columbiformes
7699,12041,Pan troglodytes,chimpanzee,Mammalia,Primates
7700,12044,Pandion cristatus,Pandion cristatus,Aves,Accipitriformes
7701,12045,Pandion haliaetus,Osprey,Aves,Accipitriformes
7702,12047,Panterpe insignis,Fiery-throated Hummingbird,Aves,Apodiformes
7703,12048,Panthera leo,Lion,Mammalia,Carnivora
7704,12049,Panthera onca,Jaguar,Mammalia,Carnivora
7705,12058,Panurus biarmicus,Bearded Reedling,Aves,Passeriformes
7706,12059,Panyptila cayennensis,Lesser Swallow-tailed Swift,Aves,Apodiformes
7707,12060,Panyptila sanctihieronymi,Great Swallow-tailed Swift,Aves,Apodiformes
7708,12067,Papio anubis,Olive Baboon,Mammalia,Primates
7709,12069,Papio hamadryas,hamadryas baboon,Mammalia,Primates
7710,12071,Papio ursinus,Chacma Baboon,Mammalia,Primates
7711,12075,Parabuteo leucorrhous,White-rumped Hawk,Aves,Accipitriformes
7712,12076,Parabuteo unicinctus,Harris's Hawk,Aves,Accipitriformes
7713,12078,Paracrinia haswelli,Paracrinia haswelli,Amphibia,Anura
7714,12080,Paracyrtophyllus robustus,Paracyrtophyllus robustus,Insecta,Orthoptera
7715,12082,Paradisaea apoda,Greater Bird-of-paradise,Aves,Passeriformes
7716,12084,Paradisaea guilielmi,Emperor Bird-of-paradise,Aves,Passeriformes
7717,12085,Paradisaea minor,Lesser Bird-of-paradise,Aves,Passeriformes
7718,12086,Paradisaea raggiana,Raggiana Bird-of-paradise,Aves,Passeriformes
7719,12087,Paradisaea rubra,Red Bird-of-paradise,Aves,Passeriformes
7720,12088,Paradisornis rudolphi,Blue Bird-of-paradise,Aves,Passeriformes
7721,12090,Paradoxornis bakeri,Rufous-headed Parrotbill,Aves,Passeriformes
7722,12092,Paradoxornis flavirostris,Black-breasted Parrotbill,Aves,Passeriformes
7723,12093,Paradoxornis gularis,Grey-headed Parrotbill,Aves,Passeriformes
7724,12095,Paradoxornis guttaticollis,Spot-breasted Parrotbill,Aves,Passeriformes
7725,12097,Paradoxornis margaritae,Black-headed Parrotbill,Aves,Passeriformes
7726,12099,Paradoxornis ruficeps,White-breasted Parrotbill,Aves,Passeriformes
7727,12102,Sinosuthora webbiana,Sinosuthora webbiana,Aves,Passeriformes
7728,12103,Suthora webbiana,Vinous-throated Parrotbill,Aves,Passeriformes
7729,12111,Paramythia montium,Eastern Crested Berrypecker,Aves,Passeriformes
7730,12119,Parasteropleurus martorellii,Parasteropleurus martorellii,Insecta,Orthoptera
7731,12125,Paraxerus cepapi,Paraxerus cepapi,Mammalia,Rodentia
7732,12129,Parayuhina diademata,White-collared Yuhina,Aves,Passeriformes
7733,12130,Periparus amabilis,Palawan Tit,Aves,Passeriformes
7734,12132,Periparus elegans,Elegant Tit,Aves,Passeriformes
7735,12134,Periparus venustulus,Yellow-bellied Tit,Aves,Passeriformes
7736,12136,Pardalotus punctatus,Spotted Pardalote,Aves,Passeriformes
7737,12137,Pardalotus quadragintus,Forty-spotted Pardalote,Aves,Passeriformes
7738,12138,Pardalotus rubricatus,Red-browed Pardalote,Aves,Passeriformes
7739,12139,Pardalotus striatus,Striated Pardalote,Aves,Passeriformes
7740,12140,Pardipicus caroli,Brown-eared Woodpecker,Aves,Piciformes
7741,12141,Pardipicus nivosus,Buff-spotted Woodpecker,Aves,Piciformes
7742,12142,Pardirallus maculatus,Spotted Rail,Aves,Gruiformes
7743,12143,Pardirallus nigricans,Blackish Rail,Aves,Gruiformes
7744,12144,Pardirallus sanguinolentus,Plumbeous Rail,Aves,Gruiformes
7745,12146,Parkerthraustes humeralis,Yellow-shouldered Grosbeak,Aves,Passeriformes
7746,12147,Parkesia motacilla,Louisiana Waterthrush,Aves,Passeriformes
7747,12148,Parkesia noveboracensis,Northern Waterthrush,Aves,Passeriformes
7748,12149,Parmoptila jamesoni,Jameson's Antpecker,Aves,Passeriformes
7749,12150,Parmoptila rubrifrons,Red-fronted Antpecker,Aves,Passeriformes
7750,12167,Paroaria baeri,Crimson-fronted Cardinal,Aves,Passeriformes
7751,12168,Paroaria capitata,Yellow-billed Cardinal,Aves,Passeriformes
7752,12169,Paroaria coronata,Red-crested Cardinal,Aves,Passeriformes
7753,12170,Paroaria dominicana,Red-cowled Cardinal,Aves,Passeriformes
7754,12171,Paroaria gularis,Red-capped Cardinal,Aves,Passeriformes
7755,12172,Paroaria nigrogenis,Masked Cardinal,Aves,Passeriformes
7756,12175,Sylvia galinieri,Abyssinian Catbird,Aves,Passeriformes
7757,12179,Paroreomyza montana,Maui Alauahio,Aves,Passeriformes
7758,12181,Parotia carolae,Queen Carola's Parotia,Aves,Passeriformes
7759,12182,Parotia helenae,Eastern Parotia,Aves,Passeriformes
7760,12183,Parotia lawesii,Lawes's Parotia,Aves,Passeriformes
7761,12184,Parotia sefilata,Western Parotia,Aves,Passeriformes
7762,12185,Parotia wahnesi,Wahnes's Parotia,Aves,Passeriformes
7763,12186,Parus cinereus,Cinereous Tit,Aves,Passeriformes
7764,12187,Parus major,Great Tit,Aves,Passeriformes
7765,12188,Parus minor,Parus minor,Aves,Passeriformes
7766,12189,Parus monticolus,Green-backed Tit,Aves,Passeriformes
7767,12190,Sittiparus semilarvatus,White-fronted Tit,Aves,Passeriformes
7768,12191,Parvipsitta porphyrocephala,Purple-crowned Lorikeet,Aves,Psittaciformes
7769,12192,Parvipsitta pusilla,Little Lorikeet,Aves,Psittaciformes
7770,12194,Passer ammodendri,Saxaul Sparrow,Aves,Passeriformes
7771,12196,Passer cinnamomeus,Russet Sparrow,Aves,Passeriformes
7772,12197,Passer diffusus,Southern Grey-headed Sparrow,Aves,Passeriformes
7773,12198,Passer domesticus,House Sparrow,Aves,Passeriformes
7774,12199,Passer eminibey,Chestnut Sparrow,Aves,Passeriformes
7775,12200,Passer euchlorus,Arabian Golden Sparrow,Aves,Passeriformes
7776,12201,Passer flaveolus,Plain-backed Sparrow,Aves,Passeriformes
7777,12202,Passer gongonensis,Parrot-billed Sparrow,Aves,Passeriformes
7778,12203,Passer griseus,Northern Grey-headed Sparrow,Aves,Passeriformes
7779,12204,Passer hispaniolensis,Spanish Sparrow,Aves,Passeriformes
7780,12205,Passer iagoensis,Iago Sparrow,Aves,Passeriformes
7781,12206,Passer insularis,Socotra Sparrow,Aves,Passeriformes
7782,12207,Passer italiae,Italian Sparrow,Aves,Passeriformes
7783,12208,Passer luteus,Sudan Golden Sparrow,Aves,Passeriformes
7784,12209,Passer melanurus,Cape Sparrow,Aves,Passeriformes
7785,12210,Passer moabiticus,Dead Sea Sparrow,Aves,Passeriformes
7786,12211,Passer montanus,Eurasian Tree Sparrow,Aves,Passeriformes
7787,12212,Passer motitensis,Great Sparrow,Aves,Passeriformes
7788,12213,Passer pyrrhonotus,Sind Sparrow,Aves,Passeriformes
7789,12214,Passer rufocinctus,Kenya Sparrow,Aves,Passeriformes
7790,12215,Passer shelleyi,Shelley's Sparrow,Aves,Passeriformes
7791,12216,Passer simplex,Desert Sparrow,Aves,Passeriformes
7792,12217,Passer suahelicus,Swahili Sparrow,Aves,Passeriformes
7793,12218,Passer swainsonii,Swainson's Sparrow,Aves,Passeriformes
7794,12219,Passerculus sandwichensis,Savannah Sparrow,Aves,Passeriformes
7795,12220,Passerella iliaca,Red Fox Sparrow,Aves,Passeriformes
7796,12221,Passerella megarhyncha,Thick-billed Fox Sparrow,Aves,Passeriformes
7797,12222,Passerella schistacea,Slate-colored Fox Sparrow,Aves,Passeriformes
7798,12223,Passerella unalaschcensis,Sooty Fox Sparrow,Aves,Passeriformes
7799,12224,Passerina amoena,Lazuli Bunting,Aves,Passeriformes
7800,12225,Passerina caerulea,Blue Grosbeak,Aves,Passeriformes
7801,12226,Passerina ciris,Painted Bunting,Aves,Passeriformes
7802,12227,Passerina cyanea,Indigo Bunting,Aves,Passeriformes
7803,12228,Passerina leclancherii,Orange-breasted Bunting,Aves,Passeriformes
7804,12229,Passerina rositae,Rose-bellied Bunting,Aves,Passeriformes
7805,12230,Passerina versicolor,Varied Bunting,Aves,Passeriformes
7806,12231,Pastor roseus,Rosy Starling,Aves,Passeriformes
7807,12232,Patagioenas araucana,Chilean Pigeon,Aves,Columbiformes
7808,12233,Patagioenas caribaea,Ring-tailed Pigeon,Aves,Columbiformes
7809,12234,Patagioenas cayennensis,Pale-vented Pigeon,Aves,Columbiformes
7810,12235,Patagioenas corensis,Bare-eyed Pigeon,Aves,Columbiformes
7811,12236,Patagioenas fasciata,Band-tailed Pigeon,Aves,Columbiformes
7812,12237,Patagioenas flavirostris,Red-billed Pigeon,Aves,Columbiformes
7813,12238,Patagioenas goodsoni,Dusky Pigeon,Aves,Columbiformes
7814,12239,Patagioenas inornata,Plain Pigeon,Aves,Columbiformes
7815,12240,Patagioenas leucocephala,White-crowned Pigeon,Aves,Columbiformes
7816,12241,Patagioenas maculosa,Spot-winged Pigeon,Aves,Columbiformes
7817,12242,Patagioenas nigrirostris,Short-billed Pigeon,Aves,Columbiformes
7818,12243,Patagioenas oenops,Maranon Pigeon,Aves,Columbiformes
7819,12244,Patagioenas picazuro,Picazuro Pigeon,Aves,Columbiformes
7820,12245,Patagioenas plumbea,Plumbeous Pigeon,Aves,Columbiformes
7821,12246,Patagioenas speciosa,Scaled Pigeon,Aves,Columbiformes
7822,12247,Patagioenas squamosa,Scaly-naped Pigeon,Aves,Columbiformes
7823,12248,Patagioenas subvinacea,Ruddy Pigeon,Aves,Columbiformes
7824,12249,Patagona gigas,Giant Hummingbird,Aves,Apodiformes
7825,12253,Pauropsalta castanea,Pauropsalta castanea,Insecta,Hemiptera
7826,12255,Pauropsalta contigua,Pauropsalta contigua,Insecta,Hemiptera
7827,12259,Pauropsalta infuscata,Pauropsalta infuscata,Insecta,Hemiptera
7828,12261,Pauropsalta melanopygia,Pauropsalta melanopygia,Insecta,Hemiptera
7829,12262,Pauropsalta mneme,Pauropsalta mneme,Insecta,Hemiptera
7830,12265,Pauxi koepckeae,Sira Curassow,Aves,Galliformes
7831,12266,Pauxi pauxi,Helmeted Curassow,Aves,Galliformes
7832,12268,Pavo cristatus,Indian Peafowl,Aves,Galliformes
7833,12269,Pavo muticus,Green Peafowl,Aves,Galliformes
7834,12270,Pecari tajacu,Collared peccary,Mammalia,Artiodactyla
7835,12276,Pedionomus torquatus,Plains-wanderer,Aves,Charadriiformes
7836,12279,Pelargopsis amauroptera,Brown-winged Kingfisher,Aves,Coraciiformes
7837,12280,Pelargopsis capensis,Stork-billed Kingfisher,Aves,Coraciiformes
7838,12281,Pelargopsis melanorhyncha,Great-billed Kingfisher,Aves,Coraciiformes
7839,12286,Pelecanoides urinatrix,Common Diving Petrel,Aves,Procellariiformes
7840,12287,Pelecanus conspicillatus,Australian Pelican,Aves,Pelecaniformes
7841,12289,Pelecanus erythrorhynchos,American White Pelican,Aves,Pelecaniformes
7842,12290,Pelecanus occidentalis,Brown Pelican,Aves,Pelecaniformes
7843,12291,Pelecanus onocrotalus,Great White Pelican,Aves,Pelecaniformes
7844,12295,Peliperdix lathami,Latham's Francolin,Aves,Galliformes
7845,12296,Pellorneum albiventre,Spot-throated Babbler,Aves,Passeriformes
7846,12297,Pellorneum bicolor,Ferruginous Babbler,Aves,Passeriformes
7847,12298,Pellorneum buettikoferi,Sumatran Babbler,Aves,Passeriformes
7848,12299,Pellorneum capistratoides,Bornean Black-capped Babbler,Aves,Passeriformes
7849,12300,Pellorneum capistratum,Javan Black-capped Babbler,Aves,Passeriformes
7850,12301,Pellorneum nigrocapitatum,Malayan Black-capped Babbler,Aves,Passeriformes
7851,12302,Pellorneum celebense,Sulawesi Babbler,Aves,Passeriformes
7852,12303,Pellorneum fuscocapillus,Brown-capped Babbler,Aves,Passeriformes
7853,12304,Pellorneum malaccense,Mourning Babbler,Aves,Passeriformes
7854,12305,Pellorneum palustre,Marsh Babbler,Aves,Passeriformes
7855,12306,Pellorneum pyrrogenys,Temminck's Babbler,Aves,Passeriformes
7856,12307,Pellorneum rostratum,Malayan Swamp Babbler,Aves,Passeriformes
7857,12308,Pellorneum ruficeps,Puff-throated Babbler,Aves,Passeriformes
7858,12309,Pellorneum tickelli,Buff-breasted Babbler,Aves,Passeriformes
7859,12311,Pelobates fuscus,Pelobates fuscus,Amphibia,Anura
7860,12314,Pelodytes atlanticus,Pelodytes atlanticus,Amphibia,Anura
7861,12316,Pelodytes ibericus,Pelodytes ibericus,Amphibia,Anura
7862,12317,Pelodytes punctatus,Pelodytes punctatus,Amphibia,Anura
7863,12319,Pelophylax 'esculentus',Pelophylax 'esculentus',Amphibia,Anura
7864,12321,Pelophylax bedriagae,Pelophylax bedriagae,Amphibia,Anura
7865,12323,Pelophylax chosenicus,Pelophylax chosenicus,Amphibia,Anura
7866,12325,Pelophylax epeiroticus,Pelophylax epeiroticus,Amphibia,Anura
7867,12326,Pelophylax esculentus,Pelophylax esculentus,Amphibia,Anura
7868,12327,Pelophylax lessonae,Pelophylax lessonae,Amphibia,Anura
7869,12329,Pelophylax kurtmuelleri,Pelophylax kurtmuelleri,Amphibia,Anura
7870,12330,Pelophylax nigromaculatus,Pelophylax nigromaculatus,Amphibia,Anura
7871,12331,Pelophylax perezi,Pelophylax perezi,Amphibia,Anura
7872,12333,Pelophylax plancyi,Pelophylax plancyi,Amphibia,Anura
7873,12335,Pelophylax ridibundus,Pelophylax ridibundus,Amphibia,Anura
7874,12343,Peltops blainvillii,Lowland Peltops,Aves,Passeriformes
7875,12344,Peltops montanus,Mountain Peltops,Aves,Passeriformes
7876,12346,Penelope albipennis,White-winged Guan,Aves,Galliformes
7877,12347,Penelope argyrotis,Band-tailed Guan,Aves,Galliformes
7878,12348,Penelope barbata,Bearded Guan,Aves,Galliformes
7879,12349,Penelope bridgesi,Yungas Guan,Aves,Galliformes
7880,12350,Penelope dabbenei,Red-faced Guan,Aves,Galliformes
7881,12351,Penelope jacquacu,Spix's Guan,Aves,Galliformes
7882,12352,Penelope jacucaca,White-browed Guan,Aves,Galliformes
7883,12353,Penelope marail,Marail Guan,Aves,Galliformes
7884,12354,Penelope montagnii,Andean Guan,Aves,Galliformes
7885,12355,Penelope obscura,Dusky-legged Guan,Aves,Galliformes
7886,12356,Penelope ochrogaster,Chestnut-bellied Guan,Aves,Galliformes
7887,12357,Penelope ortoni,Baudo Guan,Aves,Galliformes
7888,12358,Penelope perspicax,Cauca Guan,Aves,Galliformes
7889,12359,Penelope pileata,White-crested Guan,Aves,Galliformes
7890,12360,Penelope purpurascens,Crested Guan,Aves,Galliformes
7891,12361,Penelope superciliaris,Rusty-margined Guan,Aves,Galliformes
7892,12362,Penelopides affinis,Mindanao Hornbill,Aves,Bucerotiformes
7893,12363,Penelopides manillae,Luzon Hornbill,Aves,Bucerotiformes
7894,12364,Penelopides mindorensis,Mindoro Hornbill,Aves,Bucerotiformes
7895,12365,Penelopides panini,Visayan Hornbill,Aves,Bucerotiformes
7896,12366,Penelopides samarensis,Samar Hornbill,Aves,Bucerotiformes
7897,12367,Penelopina nigra,Highland Guan,Aves,Galliformes
7898,12375,Homo Sapiens,Human vocal,Mammalia,Primates
7899,12381,Percnostola arenarum,Allpahuayo Antbird,Aves,Passeriformes
7900,12382,Percnostola fortis,Percnostola fortis,Aves,Passeriformes
7901,12383,Percnostola goeldii,Percnostola goeldii,Aves,Passeriformes
7902,12384,Percnostola immaculata,Percnostola immaculata,Aves,Passeriformes
7903,12385,Percnostola melanoceps,Percnostola melanoceps,Aves,Passeriformes
7904,12386,Percnostola rufifrons,Black-headed Antbird,Aves,Passeriformes
7905,12387,Percnostola zeledoni,Percnostola zeledoni,Aves,Passeriformes
7906,12388,Perdicula argoondah,Rock Bush Quail,Aves,Galliformes
7907,12389,Perdicula asiatica,Jungle Bush Quail,Aves,Galliformes
7908,12390,Perdicula erythrorhyncha,Painted Bush Quail,Aves,Galliformes
7909,12391,Perdix dauurica,Daurian Partridge,Aves,Galliformes
7910,12392,Perdix hodgsoniae,Tibetan Partridge,Aves,Galliformes
7911,12393,Perdix perdix,Grey Partridge,Aves,Galliformes
7912,12398,Pericrocotus brevirostris,Short-billed Minivet,Aves,Passeriformes
7913,12399,Pericrocotus cantonensis,Swinhoe's Minivet,Aves,Passeriformes
7914,12400,Pericrocotus cinnamomeus,Small Minivet,Aves,Passeriformes
7915,12401,Pericrocotus divaricatus,Ashy Minivet,Aves,Passeriformes
7916,12402,Pericrocotus erythropygius,White-bellied Minivet,Aves,Passeriformes
7917,12403,Pericrocotus ethologus,Long-tailed Minivet,Aves,Passeriformes
7918,12404,Pericrocotus flammeus,Orange Minivet,Aves,Passeriformes
7919,12405,Pericrocotus igneus,Fiery Minivet,Aves,Passeriformes
7920,12406,Pericrocotus lansbergei,Little Minivet,Aves,Passeriformes
7921,12407,Pericrocotus miniatus,Sunda Minivet,Aves,Passeriformes
7922,12408,Pericrocotus roseus,Rosy Minivet,Aves,Passeriformes
7923,12409,Pericrocotus solaris,Grey-chinned Minivet,Aves,Passeriformes
7924,12410,Pericrocotus speciosus,Scarlet Minivet,Aves,Passeriformes
7925,12411,Pericrocotus tegimae,Ryukyu Minivet,Aves,Passeriformes
7926,12413,Periparus ater,Coal Tit,Aves,Passeriformes
7927,12414,Periparus rubidiventris,Rufous-vented Tit,Aves,Passeriformes
7928,12415,Periparus rufonuchalis,Rufous-naped Tit,Aves,Passeriformes
7929,12417,Periporphyrus celaeno,Crimson-collared Grosbeak,Aves,Passeriformes
7930,12419,Periporphyrus erythromelas,Red-and-black Grosbeak,Aves,Passeriformes
7931,12420,Perisoreus canadensis,Canada Jay,Aves,Passeriformes
7932,12421,Perisoreus infaustus,Siberian Jay,Aves,Passeriformes
7933,12422,Perisoreus internigrans,Sichuan Jay,Aves,Passeriformes
7934,12423,Perissocephalus tricolor,Capuchinbird,Aves,Passeriformes
7935,12424,Pernis apivorus,European Honey Buzzard,Aves,Accipitriformes
7936,12426,Pernis ptilorhynchus,Crested Honey Buzzard,Aves,Accipitriformes
7937,12434,Petaurista grandis,Taiwan Giant Flying Squirrel,Mammalia,Rodentia
7938,12435,Petaurista lena,Petaurista lena,Mammalia,Rodentia
7939,12437,Petaurus australis,Petaurus australis,Mammalia,Diprotodontia
7940,12438,Petaurus breviceps,Sugar Glider,Mammalia,Diprotodontia
7941,12439,Petrochelidon ariel,Fairy Martin,Aves,Passeriformes
7942,12440,Petrochelidon fluvicola,Streak-throated Swallow,Aves,Passeriformes
7943,12441,Petrochelidon fulva,Cave Swallow,Aves,Passeriformes
7944,12442,Petrochelidon nigricans,Tree Martin,Aves,Passeriformes
7945,12443,Petrochelidon preussi,Preuss's Cliff Swallow,Aves,Passeriformes
7946,12444,Petrochelidon pyrrhonota,American Cliff Swallow,Aves,Passeriformes
7947,12445,Petrochelidon rufigula,Red-throated Cliff Swallow,Aves,Passeriformes
7948,12446,Petrochelidon rufocollaris,Chestnut-collared Swallow,Aves,Passeriformes
7949,12447,Petrochelidon spilodera,South African Cliff Swallow,Aves,Passeriformes
7950,12449,Petroica australis,South Island Robin,Aves,Passeriformes
7951,12450,Petroica longipes,North Island Robin,Aves,Passeriformes
7952,12451,Petroica bivittata,Mountain Robin,Aves,Passeriformes
7953,12452,Petroica boodang,Scarlet Robin,Aves,Passeriformes
7954,12453,Petroica goodenovii,Red-capped Robin,Aves,Passeriformes
7955,12454,Petroica macrocephala,Tomtit,Aves,Passeriformes
7956,12455,Petroica multicolor,Norfolk Robin,Aves,Passeriformes
7957,12456,Petroica phoenicea,Flame Robin,Aves,Passeriformes
7958,12457,Petroica polymorpha,Solomons Robin,Aves,Passeriformes
7959,12458,Petroica pusilla,Pacific Robin,Aves,Passeriformes
7960,12459,Petroica rodinogaster,Pink Robin,Aves,Passeriformes
7961,12460,Petroica rosea,Rose Robin,Aves,Passeriformes
7962,12461,Petroica traversi,Black Robin,Aves,Passeriformes
7963,12462,Petronia petronia,Rock Sparrow,Aves,Passeriformes
7964,12463,Petrophassa albipennis,White-quilled Rock Pigeon,Aves,Columbiformes
7965,12465,Peucaea aestivalis,Bachman's Sparrow,Aves,Passeriformes
7966,12466,Peucaea botterii,Botteri's Sparrow,Aves,Passeriformes
7967,12467,Peucaea carpalis,Rufous-winged Sparrow,Aves,Passeriformes
7968,12468,Peucaea cassinii,Cassin's Sparrow,Aves,Passeriformes
7969,12469,Peucaea humeralis,Black-chested Sparrow,Aves,Passeriformes
7970,12470,Peucaea mystacalis,Bridled Sparrow,Aves,Passeriformes
7971,12471,Peucaea ruficauda,Stripe-headed Sparrow,Aves,Passeriformes
7972,12472,Peucaea sumichrasti,Cinnamon-tailed Sparrow,Aves,Passeriformes
7973,12473,Peucedramus taeniatus,Olive Warbler,Aves,Passeriformes
7974,12476,Pezopetes capitalis,Large-footed Finch,Aves,Passeriformes
7975,12478,Pezoporus wallicus,Ground Parrot,Aves,Psittaciformes
7976,12480,Phacellodomus dorsalis,Chestnut-backed Thornbird,Aves,Passeriformes
7977,12481,Phacellodomus erythrophthalmus,Orange-eyed Thornbird,Aves,Passeriformes
7978,12482,Phacellodomus ferrugineigula,Orange-breasted Thornbird,Aves,Passeriformes
7979,12483,Phacellodomus inornatus,Plain Thornbird,Aves,Passeriformes
7980,12484,Phacellodomus maculipectus,Spot-breasted Thornbird,Aves,Passeriformes
7981,12485,Phacellodomus ruber,Greater Thornbird,Aves,Passeriformes
7982,12486,Phacellodomus rufifrons,Rufous-fronted Thornbird,Aves,Passeriformes
7983,12487,Phacellodomus sibilatrix,Little Thornbird,Aves,Passeriformes
7984,12488,Phacellodomus striaticeps,Streak-fronted Thornbird,Aves,Passeriformes
7985,12489,Phacellodomus striaticollis,Freckle-breasted Thornbird,Aves,Passeriformes
7986,12493,Phaenicophaeus curvirostris,Chestnut-breasted Malkoha,Aves,Cuculiformes
7987,12494,Phaenicophaeus diardi,Black-bellied Malkoha,Aves,Cuculiformes
7988,12497,Phaenicophaeus sumatranus,Chestnut-bellied Malkoha,Aves,Cuculiformes
7989,12498,Phaenicophaeus tristis,Green-billed Malkoha,Aves,Cuculiformes
7990,12499,Phaenicophaeus viridirostris,Blue-faced Malkoha,Aves,Cuculiformes
7991,12500,Phaenicophilus palmarum,Black-crowned Palm-tanager,Aves,Passeriformes
7992,12502,Phaenostictus mcleannani,Ocellated Antbird,Aves,Passeriformes
7993,12503,Phaeochroa cuvierii,Scaly-breasted Hummingbird,Aves,Apodiformes
7994,12504,Phaeoptila sordida,Dusky Hummingbird,Aves,Apodiformes
7995,12505,Phaethon aethereus,Red-billed Tropicbird,Aves,Phaethontiformes
7996,12506,Phaethon lepturus,White-tailed Tropicbird,Aves,Phaethontiformes
7997,12507,Phaethon rubricauda,Red-tailed Tropicbird,Aves,Phaethontiformes
7998,12508,Phaethornis aethopygus,Tapajos Hermit,Aves,Apodiformes
7999,12509,Phaethornis anthophilus,Pale-bellied Hermit,Aves,Apodiformes
8000,12510,Phaethornis atrimentalis,Black-throated Hermit,Aves,Apodiformes
8001,12511,Phaethornis augusti,Sooty-capped Hermit,Aves,Apodiformes
8002,12512,Phaethornis bourcieri,Straight-billed Hermit,Aves,Apodiformes
8003,12513,Phaethornis eurynome,Scale-throated Hermit,Aves,Apodiformes
8004,12514,Phaethornis griseogularis,Grey-chinned Hermit,Aves,Apodiformes
8005,12515,Phaethornis guy,Green Hermit,Aves,Apodiformes
8006,12516,Phaethornis hispidus,White-bearded Hermit,Aves,Apodiformes
8007,12517,Phaethornis idaliae,Minute Hermit,Aves,Apodiformes
8008,12518,Phaethornis koepckeae,Koepcke's Hermit,Aves,Apodiformes
8009,12519,Phaethornis longirostris,Long-billed Hermit,Aves,Apodiformes
8010,12520,Phaethornis longuemareus,Little Hermit,Aves,Apodiformes
8011,12521,Phaethornis malaris,Great-billed Hermit,Aves,Apodiformes
8012,12522,Phaethornis mexicanus,Mexican Hermit,Aves,Apodiformes
8013,12523,Phaethornis nattereri,Cinnamon-throated Hermit,Aves,Apodiformes
8014,12524,Phaethornis philippii,Needle-billed Hermit,Aves,Apodiformes
8015,12525,Phaethornis pretrei,Planalto Hermit,Aves,Apodiformes
8016,12526,Phaethornis ruber,Reddish Hermit,Aves,Apodiformes
8017,12527,Phaethornis rupurumii,Streak-throated Hermit,Aves,Apodiformes
8018,12528,Phaethornis squalidus,Dusky-throated Hermit,Aves,Apodiformes
8019,12529,Phaethornis striigularis,Stripe-throated Hermit,Aves,Apodiformes
8020,12530,Phaethornis stuarti,White-browed Hermit,Aves,Apodiformes
8021,12531,Phaethornis subochraceus,Buff-bellied Hermit,Aves,Apodiformes
8022,12532,Phaethornis superciliosus,Long-tailed Hermit,Aves,Apodiformes
8023,12533,Phaethornis syrmatophorus,Tawny-bellied Hermit,Aves,Apodiformes
8024,12534,Phaethornis yaruqui,White-whiskered Hermit,Aves,Apodiformes
8025,12535,Phaetusa simplex,Large-billed Tern,Aves,Charadriiformes
8026,12536,Phainopepla nitens,Phainopepla,Aves,Passeriformes
8027,12537,Phainoptila melanoxantha,Black-and-yellow Phainoptila,Aves,Passeriformes
8028,12540,Phalacrocorax carbo,Great Cormorant,Aves,Suliformes
8029,12543,Phalacrocorax fuscicollis,Indian Cormorant,Aves,Suliformes
8030,12544,Poikilocarbo gaimardi,Red-legged Cormorant,Aves,Suliformes
8031,12545,Phalacrocorax lucidus,White-breasted Cormorant,Aves,Suliformes
8032,12547,Urile pelagicus,Pelagic Cormorant,Aves,Suliformes
8033,12549,Phalacrocorax punctatus,Spotted Shag,Aves,Suliformes
8034,12550,Phalacrocorax sulcirostris,Little Black Cormorant,Aves,Suliformes
8035,12551,Urile urile,Red-faced Cormorant,Aves,Suliformes
8036,12552,Phalacrocorax varius,Australian Pied Cormorant,Aves,Suliformes
8037,12553,Phalaenoptilus nuttallii,Common Poorwill,Aves,Caprimulgiformes
8038,12557,Phalaropus fulicarius,Red Phalarope,Aves,Charadriiformes
8039,12558,Phalaropus lobatus,Red-necked Phalarope,Aves,Charadriiformes
8040,12559,Phalaropus tricolor,Wilson's Phalarope,Aves,Charadriiformes
8041,12564,Phaner furcifer,fork-marked lemur,Mammalia,Primates
8042,12571,Phapitreron amethystinus,Amethyst Brown Dove,Aves,Columbiformes
8043,12572,Phapitreron brunneiceps,Mindanao Brown Dove,Aves,Columbiformes
8044,12573,Phapitreron cinereiceps,Tawitawi Brown Dove,Aves,Columbiformes
8045,12574,Phapitreron leucotis,White-eared Brown Dove,Aves,Columbiformes
8046,12575,Phaps chalcoptera,Common Bronzewing,Aves,Columbiformes
8047,12576,Phaps elegans,Brush Bronzewing,Aves,Columbiformes
8048,12578,Pharomachrus antisianus,Crested Quetzal,Aves,Trogoniformes
8049,12579,Pharomachrus auriceps,Golden-headed Quetzal,Aves,Trogoniformes
8050,12580,Pharomachrus fulgidus,White-tipped Quetzal,Aves,Trogoniformes
8051,12581,Pharomachrus mocinno,Resplendent Quetzal,Aves,Trogoniformes
8052,12582,Pharomachrus pavoninus,Pavonine Quetzal,Aves,Trogoniformes
8053,12583,Phascolarctos cinereus,Koala,Mammalia,Diprotodontia
8054,12584,Phasianus colchicus,Common Pheasant,Aves,Galliformes
8055,12585,Phasianus versicolor,Green Pheasant,Aves,Galliformes
8056,12587,Phedina borbonica,Mascarene Martin,Aves,Passeriformes
8057,12589,Phegornis mitchellii,Diademed Sandpiper-Plover,Aves,Charadriiformes
8058,12591,Phelpsia inornata,White-bearded Flycatcher,Aves,Passeriformes
8059,12592,Pheucticus aureoventris,Black-backed Grosbeak,Aves,Passeriformes
8060,12593,Pheucticus chrysogaster,Golden Grosbeak,Aves,Passeriformes
8061,12594,Pheucticus chrysopeplus,Yellow Grosbeak,Aves,Passeriformes
8062,12595,Pheucticus ludovicianus,Rose-breasted Grosbeak,Aves,Passeriformes
8063,12596,Pheucticus melanocephalus,Black-headed Grosbeak,Aves,Passeriformes
8064,12597,Pheucticus tibialis,Black-thighed Grosbeak,Aves,Passeriformes
8065,12598,Pheugopedius atrogularis,Black-throated Wren,Aves,Passeriformes
8066,12599,Pheugopedius coraya,Coraya Wren,Aves,Passeriformes
8067,12600,Pheugopedius eisenmanni,Inca Wren,Aves,Passeriformes
8068,12601,Pheugopedius euophrys,Plain-tailed Wren,Aves,Passeriformes
8069,12602,Pheugopedius schulenbergi,Grey-browed Wren,Aves,Passeriformes
8070,12603,Pheugopedius fasciatoventris,Black-bellied Wren,Aves,Passeriformes
8071,12604,Pheugopedius felix,Happy Wren,Aves,Passeriformes
8072,12605,Pheugopedius genibarbis,Moustached Wren,Aves,Passeriformes
8073,12606,Pheugopedius maculipectus,Spot-breasted Wren,Aves,Passeriformes
8074,12607,Pheugopedius mystacalis,Whiskered Wren,Aves,Passeriformes
8075,12608,Pheugopedius rutilus,Rufous-breasted Wren,Aves,Passeriformes
8076,12609,Pheugopedius sclateri,Speckle-breasted Wren,Aves,Passeriformes
8077,12610,Pheugopedius spadix,Sooty-headed Wren,Aves,Passeriformes
8078,12612,Phibalura flavirostris,Swallow-tailed Cotinga,Aves,Passeriformes
8079,12614,Vini solitaria,Collared Lory,Aves,Psittaciformes
8080,12632,Philemon albitorques,Manus Friarbird,Aves,Passeriformes
8081,12633,Philemon argenticeps,Silver-crowned Friarbird,Aves,Passeriformes
8082,12635,Philemon buceroides,Helmeted Friarbird,Aves,Passeriformes
8083,12636,Philemon citreogularis,Little Friarbird,Aves,Passeriformes
8084,12637,Philemon cockerelli,New Britain Friarbird,Aves,Passeriformes
8085,12638,Philemon corniculatus,Noisy Friarbird,Aves,Passeriformes
8086,12639,Philemon diemenensis,New Caledonian Friarbird,Aves,Passeriformes
8087,12640,Philemon fuscicapillus,Morotai Friarbird,Aves,Passeriformes
8088,12641,Philemon inornatus,Timor Friarbird,Aves,Passeriformes
8089,12643,Philemon meyeri,Meyer's Friarbird,Aves,Passeriformes
8090,12644,Philemon moluccensis,Buru Friarbird,Aves,Passeriformes
8091,12645,Philemon novaeguineae,New Guinea Friarbird,Aves,Passeriformes
8092,12646,Philemon plumigenis,Tanimbar Friarbird,Aves,Passeriformes
8093,12647,Philemon subcorniculatus,Seram Friarbird,Aves,Passeriformes
8094,12648,Philemon yorki,Hornbill Friarbird,Aves,Passeriformes
8095,12649,Philentoma pyrhoptera,Rufous-winged Philentoma,Aves,Passeriformes
8096,12650,Philentoma velata,Maroon-breasted Philentoma,Aves,Passeriformes
8097,12651,Philepitta castanea,Velvet Asity,Aves,Passeriformes
8098,12652,Philepitta schlegeli,Schlegel's Asity,Aves,Passeriformes
8099,12653,Philesturnus carunculatus,South Island Saddleback,Aves,Passeriformes
8100,12654,Philesturnus rufusater,North Island Saddleback,Aves,Passeriformes
8101,12655,Philetairus socius,Sociable Weaver,Aves,Passeriformes
8102,12657,Philohydor lictor,Lesser Kiskadee,Aves,Passeriformes
8103,12660,Philoria loveridgei,Philoria loveridgei,Amphibia,Anura
8104,12663,Philortyx fasciatus,Banded Quail,Aves,Galliformes
8105,12664,Philydor atricapillus,Black-capped Foliage-gleaner,Aves,Passeriformes
8106,12665,Neophilydor erythrocercum,Rufous-rumped Foliage-gleaner,Aves,Passeriformes
8107,12666,Neophilydor fuscipenne,Slaty-winged Foliage-gleaner,Aves,Passeriformes
8108,12667,Philydor novaesi,Alagoas Foliage-gleaner,Aves,Passeriformes
8109,12668,Philydor pyrrhodes,Cinnamon-rumped Foliage-gleaner,Aves,Passeriformes
8110,12669,Phimosus infuscatus,Bare-faced Ibis,Aves,Pelecaniformes
8111,12670,Phlegopsis borbae,Pale-faced Bare-eye,Aves,Passeriformes
8112,12671,Phlegopsis erythroptera,Reddish-winged Bare-eye,Aves,Passeriformes
8113,12672,Phlegopsis nigromaculata,Black-spotted Bare-eye,Aves,Passeriformes
8114,12673,Phleocryptes melanops,Wren-like Rushbird,Aves,Passeriformes
8115,12676,Phlogophilus harterti,Peruvian Piedtail,Aves,Apodiformes
8116,12677,Phlogophilus hemileucurus,Ecuadorian Piedtail,Aves,Apodiformes
8117,12681,Phoca vitulina,Harbor Seal,Mammalia,Carnivora
8118,12683,Phocoena phocoena,Harbor Porpoise,Mammalia,Cetacea
8119,12685,Phodilus assimilis,Sri Lanka Bay Owl,Aves,Strigiformes
8120,12686,Phodilus badius,Oriental Bay Owl,Aves,Strigiformes
8121,12688,Phoebastria immutabilis,Laysan Albatross,Aves,Procellariiformes
8122,12689,Phoebastria irrorata,Waved Albatross,Aves,Procellariiformes
8123,12690,Phoebastria nigripes,Black-footed Albatross,Aves,Procellariiformes
8124,12691,Phoebetria palpebrata,Light-mantled Albatross,Aves,Procellariiformes
8125,12693,Phoenicircus carnifex,Guianan Red Cotinga,Aves,Passeriformes
8126,12694,Phoenicircus nigricollis,Black-necked Red Cotinga,Aves,Passeriformes
8127,12695,Phoeniconaias minor,Lesser Flamingo,Aves,Phoenicopteriformes
8128,12696,Phoenicoparrus andinus,Andean Flamingo,Aves,Phoenicopteriformes
8129,12697,Phoenicoparrus jamesi,James's Flamingo,Aves,Phoenicopteriformes
8130,12698,Phoenicopterus chilensis,Chilean Flamingo,Aves,Phoenicopteriformes
8131,12699,Phoenicopterus roseus,Greater Flamingo,Aves,Phoenicopteriformes
8132,12700,Phoenicopterus ruber,American Flamingo,Aves,Phoenicopteriformes
8133,12701,Phoeniculus bollei,White-headed Wood Hoopoe,Aves,Bucerotiformes
8134,12702,Rhinopomastus castaneiceps,Forest Wood Hoopoe,Aves,Bucerotiformes
8135,12704,Phoeniculus damarensis,Violet Wood Hoopoe,Aves,Bucerotiformes
8136,12706,Phoeniculus purpureus,Green Wood Hoopoe,Aves,Bucerotiformes
8137,12707,Phoeniculus somaliensis,Black-billed Wood Hoopoe,Aves,Bucerotiformes
8138,12708,Phoenicurus alaschanicus,Przevalski's Redstart,Aves,Passeriformes
8139,12709,Phoenicurus auroreus,Daurian Redstart,Aves,Passeriformes
8140,12711,Phoenicurus coeruleocephala,Blue-capped Redstart,Aves,Passeriformes
8141,12712,Phoenicurus erythrogastrus,Güldenstädt's Redstart,Aves,Passeriformes
8142,12713,Phoenicurus erythronotus,Eversmann's Redstart,Aves,Passeriformes
8143,12714,Phoenicurus frontalis,Blue-fronted Redstart,Aves,Passeriformes
8144,12715,Phoenicurus fuliginosus,Plumbeous Water Redstart,Aves,Passeriformes
8145,12716,Phoenicurus hodgsoni,Hodgson's Redstart,Aves,Passeriformes
8146,12717,Phoenicurus moussieri,Moussier's Redstart,Aves,Passeriformes
8147,12718,Phoenicurus ochruros,Black Redstart,Aves,Passeriformes
8148,12719,Phoenicurus phoenicurus,Common Redstart,Aves,Passeriformes
8149,12720,Phoenicurus schisticeps,White-throated Redstart,Aves,Passeriformes
8150,12721,Pholia sharpii,Sharpe's Starling,Aves,Passeriformes
8151,12723,Pholidoptera aptera,Pholidoptera aptera,Insecta,Orthoptera
8152,12727,Pholidoptera fallax,Pholidoptera fallax,Insecta,Orthoptera
8153,12729,Pholidoptera frivaldszkyi,Pholidoptera frivaldszkyi,Insecta,Orthoptera
8154,12732,Pholidoptera littoralis,Pholidoptera littoralis,Insecta,Orthoptera
8155,12734,Pholidoptera macedonica,Pholidoptera macedonica,Insecta,Orthoptera
8156,12737,Pholidoptera stankoi,Pholidoptera stankoi,Insecta,Orthoptera
8157,12741,Phonipara canora,Cuban Grassquit,Aves,Passeriformes
8158,12744,Phonygammus keraudrenii,Trumpet Manucode,Aves,Passeriformes
8159,12747,Phragmacia substriata,Namaqua Warbler,Aves,Passeriformes
8160,12750,Phrygilus atriceps,Black-hooded Sierra Finch,Aves,Passeriformes
8161,12751,Phrygilus gayi,Grey-hooded Sierra Finch,Aves,Passeriformes
8162,12752,Phrygilus patagonicus,Patagonian Sierra Finch,Aves,Passeriformes
8163,12753,Phrygilus punensis,Peruvian Sierra Finch,Aves,Passeriformes
8164,12755,Phrynobatrachus alleni,Phrynobatrachus alleni,Amphibia,Anura
8165,12760,Phrynobatrachus liberiensis,Phrynobatrachus liberiensis,Amphibia,Anura
8166,12761,Phrynobatrachus mababiensis,Phrynobatrachus mababiensis,Amphibia,Anura
8167,12763,Phrynobatrachus natalensis,Phrynobatrachus natalensis,Amphibia,Anura
8168,12765,Phrynobatrachus tanoeensis,Phrynobatrachus tanoeensis,Amphibia,Anura
8169,12767,Phrynoidis asper,Phrynoidis asper,Amphibia,Anura
8170,12770,Phrynomantis annectens,Phrynomantis annectens,Amphibia,Anura
8171,12771,Phrynomantis bifasciatus,Phrynomantis bifasciatus,Amphibia,Anura
8172,12773,Phylidonyris niger,White-cheeked Honeyeater,Aves,Passeriformes
8173,12774,Phylidonyris novaehollandiae,New Holland Honeyeater,Aves,Passeriformes
8174,12775,Phylidonyris pyrrhopterus,Crescent Honeyeater,Aves,Passeriformes
8175,12776,Turdoides atripennis,Capuchin Babbler,Aves,Passeriformes
8176,12778,Phyllastrephus albigularis,White-throated Greenbul,Aves,Passeriformes
8177,12780,Phyllastrephus baumanni,Baumann's Olive Greenbul,Aves,Passeriformes
8178,12781,Phyllastrephus cabanisi,Cabanis's Greenbul,Aves,Passeriformes
8179,12782,Phyllastrephus cerviniventris,Grey-olive Greenbul,Aves,Passeriformes
8180,12783,Phyllastrephus debilis,Lowland Tiny Greenbul,Aves,Passeriformes
8181,12784,Phyllastrephus fischeri,Fischer's Greenbul,Aves,Passeriformes
8182,12785,Phyllastrephus flavostriatus,Yellow-streaked Greenbul,Aves,Passeriformes
8183,12787,Phyllastrephus hypochloris,Toro Olive Greenbul,Aves,Passeriformes
8184,12788,Phyllastrephus icterinus,Icterine Greenbul,Aves,Passeriformes
8185,12789,Phyllastrephus placidus,Placid Greenbul,Aves,Passeriformes
8186,12790,Phyllastrephus poensis,Cameroon Olive Greenbul,Aves,Passeriformes
8187,12791,Phyllastrephus poliocephalus,Grey-headed Greenbul,Aves,Passeriformes
8188,12792,Phyllastrephus scandens,Leaf-love,Aves,Passeriformes
8189,12793,Phyllastrephus strepitans,Northern Brownbul,Aves,Passeriformes
8190,12794,Phyllastrephus terrestris,Terrestrial Brownbul,Aves,Passeriformes
8191,12795,Phyllastrephus xavieri,Xavier's Greenbul,Aves,Passeriformes
8192,12796,Phyllergates cucullatus,Mountain Tailorbird,Aves,Passeriformes
8193,12797,Phyllergates heterolaemus,Rufous-headed Tailorbird,Aves,Passeriformes
8194,12799,Phyllobates lugubris,Phyllobates lugubris,Amphibia,Anura
8195,12810,Phyllolais pulchella,Buff-bellied Warbler,Aves,Passeriformes
8196,12811,Phyllomedusa bicolor,Phyllomedusa bicolor,Amphibia,Anura
8197,12813,Phyllomedusa burmeisteri,Phyllomedusa burmeisteri,Amphibia,Anura
8198,12815,Phyllomedusa distincta,Phyllomedusa distincta,Amphibia,Anura
8199,12818,Phyllomedusa tarsius,Phyllomedusa tarsius,Amphibia,Anura
8200,12823,Phyllomedusa,Phyllomedusa,Amphibia,Anura
8201,12824,Phyllomimus inversus,Phyllomimus inversus,Insecta,Orthoptera
8202,12826,Acrochordopus burmeisteri,Rough-legged Tyrannulet,Aves,Passeriformes
8203,12827,Acrochordopus zeledoni,White-fronted Tyrannulet,Aves,Passeriformes
8204,12828,Tyranniscus cinereiceps,Ashy-headed Tyrannulet,Aves,Passeriformes
8205,12829,Phyllomyias fasciatus,Planalto Tyrannulet,Aves,Passeriformes
8206,12830,Phyllomyias griseiceps,Sooty-headed Tyrannulet,Aves,Passeriformes
8207,12831,Phyllomyias griseocapilla,Grey-capped Tyrannulet,Aves,Passeriformes
8208,12832,Tyranniscus nigrocapillus,Black-capped Tyrannulet,Aves,Passeriformes
8209,12833,Phyllomyias plumbeiceps,Plumbeous-crowned Tyrannulet,Aves,Passeriformes
8210,12834,Phyllomyias reiseri,Reiser's Tyrannulet,Aves,Passeriformes
8211,12835,Phyllomyias sclateri,Sclater's Tyrannulet,Aves,Passeriformes
8212,12837,Tyranniscus uropygialis,Tawny-rumped Tyrannulet,Aves,Passeriformes
8213,12838,Phyllomyias virescens,Greenish Tyrannulet,Aves,Passeriformes
8214,12839,Phyllomyias weedeni,Yungas Tyrannulet,Aves,Passeriformes
8215,12840,Phyllopalpus pulchellus,Handsome Trig,Insecta,Orthoptera
8216,12841,Phylloscartes beckeri,Bahia Tyrannulet,Aves,Passeriformes
8217,12842,Phylloscartes ceciliae,Alagoas Tyrannulet,Aves,Passeriformes
8218,12843,Pogonotriccus chapmani,Chapman's Bristle Tyrant,Aves,Passeriformes
8219,12844,Phylloscartes difficilis,Phylloscartes difficilis,Aves,Passeriformes
8220,12845,Pogonotriccus eximius,Southern Bristle Tyrant,Aves,Passeriformes
8221,12847,Phylloscartes flaviventris,Rufous-lored Tyrannulet,Aves,Passeriformes
8222,12848,Phylloscartes flavovirens,Panama Tyrannulet,Aves,Passeriformes
8223,12849,Phylloscartes gualaquizae,Ecuadorian Tyrannulet,Aves,Passeriformes
8224,12850,Phylloscartes kronei,Restinga Tyrannulet,Aves,Passeriformes
8225,12851,Pogonotriccus lanyoni,Antioquia Bristle Tyrant,Aves,Passeriformes
8226,12853,Phylloscartes nigrifrons,Black-fronted Tyrannulet,Aves,Passeriformes
8227,12854,Pogonotriccus ophthalmicus,Marble-faced Bristle Tyrant,Aves,Passeriformes
8228,12856,Pogonotriccus orbitalis,Spectacled Bristle Tyrant,Aves,Passeriformes
8229,12857,Phylloscartes oustaleti,Oustalet's Tyrannulet,Aves,Passeriformes
8230,12858,Phylloscartes parkeri,Cinnamon-faced Tyrannulet,Aves,Passeriformes
8231,12859,Phylloscartes paulista,Phylloscartes paulista,Aves,Passeriformes
8232,12860,Pogonotriccus poecilotis,Variegated Bristle Tyrant,Aves,Passeriformes
8233,12862,Phylloscartes roquettei,Minas Gerais Tyrannulet,Aves,Passeriformes
8234,12863,Phylloscartes superciliaris,Rufous-browed Tyrannulet,Aves,Passeriformes
8235,12864,Phylloscartes sylviolus,Bay-ringed Tyrannulet,Aves,Passeriformes
8236,12865,Pogonotriccus venezuelanus,Venezuelan Bristle Tyrant,Aves,Passeriformes
8237,12866,Phylloscartes ventralis,Mottle-cheeked Tyrannulet,Aves,Passeriformes
8238,12867,Phylloscartes virescens,Olive-green Tyrannulet,Aves,Passeriformes
8239,12868,Phylloscopus affinis,Tickell's Leaf Warbler,Aves,Passeriformes
8240,12870,Phylloscopus armandii,Yellow-streaked Warbler,Aves,Passeriformes
8241,12871,Phylloscopus bonelli,Western Bonelli's Warbler,Aves,Passeriformes
8242,12872,Phylloscopus borealis,Arctic Warbler,Aves,Passeriformes
8243,12873,Phylloscopus borealoides,Sakhalin Leaf Warbler,Aves,Passeriformes
8244,12874,Phylloscopus budongoensis,Uganda Woodland Warbler,Aves,Passeriformes
8245,12875,Phylloscopus burkii,Green-crowned Warbler,Aves,Passeriformes
8246,12876,Phylloscopus calciatilis,Limestone Leaf Warbler,Aves,Passeriformes
8247,12877,Phylloscopus canariensis,Canary Islands Chiffchaff,Aves,Passeriformes
8248,12878,Phylloscopus cantator,Yellow-vented Warbler,Aves,Passeriformes
8249,12879,Phylloscopus castaniceps,Chestnut-crowned Warbler,Aves,Passeriformes
8250,12880,Phylloscopus cebuensis,Lemon-throated Leaf Warbler,Aves,Passeriformes
8251,12881,Phylloscopus chloronotus,Lemon-rumped Warbler,Aves,Passeriformes
8252,12882,Phylloscopus claudiae,Claudia's Leaf Warbler,Aves,Passeriformes
8253,12883,Phylloscopus collybita,Common Chiffchaff,Aves,Passeriformes
8254,12884,Phylloscopus coronatus,Eastern Crowned Warbler,Aves,Passeriformes
8255,12885,Phylloscopus emeiensis,Emei Leaf Warbler,Aves,Passeriformes
8256,12886,Phylloscopus examinandus,Kamchatka Leaf Warbler,Aves,Passeriformes
8257,12887,Phylloscopus forresti,Sichuan Leaf Warbler,Aves,Passeriformes
8258,12888,Phylloscopus fuligiventer,Smoky Warbler,Aves,Passeriformes
8259,12889,Phylloscopus fuscatus,Dusky Warbler,Aves,Passeriformes
8260,12890,Phylloscopus goodsoni,Hartert's Leaf Warbler,Aves,Passeriformes
8261,12891,Phylloscopus grammiceps,Sunda Warbler,Aves,Passeriformes
8262,12892,Phylloscopus griseolus,Sulphur-bellied Warbler,Aves,Passeriformes
8263,12893,Phylloscopus hainanus,Hainan Leaf Warbler,Aves,Passeriformes
8264,12894,Phylloscopus herberti,Black-capped Woodland Warbler,Aves,Passeriformes
8265,12895,Phylloscopus humei,Hume's Leaf Warbler,Aves,Passeriformes
8266,12896,Phylloscopus ibericus,Iberian Chiffchaff,Aves,Passeriformes
8267,12897,Phylloscopus ijimae,Ijima's Leaf Warbler,Aves,Passeriformes
8268,12898,Phylloscopus inornatus,Yellow-browed Warbler,Aves,Passeriformes
8269,12899,Phylloscopus intensior,Davison's Leaf Warbler,Aves,Passeriformes
8270,12900,Phylloscopus intermedius,White-spectacled Warbler,Aves,Passeriformes
8271,12901,Phylloscopus kansuensis,Gansu Leaf Warbler,Aves,Passeriformes
8272,12902,Phylloscopus laetus,Red-faced Woodland Warbler,Aves,Passeriformes
8273,12903,Phylloscopus laurae,Laura's Woodland Warbler,Aves,Passeriformes
8274,12904,Phylloscopus maculipennis,Ashy-throated Warbler,Aves,Passeriformes
8275,12905,Phylloscopus maforensis,Numfor Leaf Warbler,Aves,Passeriformes
8276,12906,Phylloscopus poliocephalus,Island Leaf Warbler,Aves,Passeriformes
8277,12907,Phylloscopus magnirostris,Large-billed Leaf Warbler,Aves,Passeriformes
8278,12908,Phylloscopus makirensis,Makira Leaf Warbler,Aves,Passeriformes
8279,12909,Phylloscopus misoriensis,Biak Leaf Warbler,Aves,Passeriformes
8280,12910,Phylloscopus montis,Yellow-breasted Warbler,Aves,Passeriformes
8281,12911,Phylloscopus neglectus,Plain Leaf Warbler,Aves,Passeriformes
8282,12912,Phylloscopus nesophilus,Sulawesi Leaf Warbler,Aves,Passeriformes
8283,12913,Phylloscopus sarasinorum,Lompobattang Leaf Warbler,Aves,Passeriformes
8284,12914,Phylloscopus nigrorum,Negros Leaf Warbler,Aves,Passeriformes
8285,12915,Phylloscopus nitidus,Green Warbler,Aves,Passeriformes
8286,12916,Phylloscopus occipitalis,Western Crowned Warbler,Aves,Passeriformes
8287,12918,Phylloscopus ogilviegranti,Kloss's Leaf Warbler,Aves,Passeriformes
8288,12919,Phylloscopus olivaceus,Philippine Leaf Warbler,Aves,Passeriformes
8289,12920,Phylloscopus omeiensis,Martens's Warbler,Aves,Passeriformes
8290,12921,Phylloscopus orientalis,Eastern Bonelli's Warbler,Aves,Passeriformes
8291,12922,Phylloscopus plumbeitarsus,Two-barred Warbler,Aves,Passeriformes
8292,12923,Phylloscopus poliogenys,Grey-cheeked Warbler,Aves,Passeriformes
8293,12924,Phylloscopus presbytes,Timor Leaf Warbler,Aves,Passeriformes
8294,12925,Phylloscopus proregulus,Pallas's Leaf Warbler,Aves,Passeriformes
8295,12926,Phylloscopus pulcher,Buff-barred Warbler,Aves,Passeriformes
8296,12927,Phylloscopus reguloides,Blyth's Leaf Warbler,Aves,Passeriformes
8297,12928,Phylloscopus ricketti,Sulphur-breasted Warbler,Aves,Passeriformes
8298,12929,Phylloscopus rotiensis,Rote Leaf Warbler,Aves,Passeriformes
8299,12930,Phylloscopus ruficapilla,Yellow-throated Woodland Warbler,Aves,Passeriformes
8300,12931,Phylloscopus schwarzi,Radde's Warbler,Aves,Passeriformes
8301,12932,Phylloscopus sibilatrix,Wood Warbler,Aves,Passeriformes
8302,12933,Phylloscopus sindianus,Mountain Chiffchaff,Aves,Passeriformes
8303,12934,Phylloscopus soror,Alström's Warbler,Aves,Passeriformes
8304,12935,Phylloscopus subaffinis,Buff-throated Warbler,Aves,Passeriformes
8305,12936,Phylloscopus subviridis,Brooks's Leaf Warbler,Aves,Passeriformes
8306,12937,Phylloscopus tenellipes,Pale-legged Leaf Warbler,Aves,Passeriformes
8307,12938,Phylloscopus tephrocephalus,Grey-crowned Warbler,Aves,Passeriformes
8308,12939,Phylloscopus trivirgatus,Mountain Leaf Warbler,Aves,Passeriformes
8309,12940,Phylloscopus trochiloides,Greenish Warbler,Aves,Passeriformes
8310,12941,Phylloscopus trochilus,Willow Warbler,Aves,Passeriformes
8311,12942,Phylloscopus tytleri,Tytler's Leaf Warbler,Aves,Passeriformes
8312,12943,Phylloscopus umbrovirens,Brown Woodland Warbler,Aves,Passeriformes
8313,12944,Phylloscopus valentini,Bianchi's Warbler,Aves,Passeriformes
8314,12945,Phylloscopus whistleri,Whistler's Warbler,Aves,Passeriformes
8315,12946,Phylloscopus xanthodryas,Japanese Leaf Warbler,Aves,Passeriformes
8316,12947,Phylloscopus xanthoschistos,Grey-hooded Warbler,Aves,Passeriformes
8317,12948,Phylloscopus yunnanensis,Chinese Leaf Warbler,Aves,Passeriformes
8318,12956,Physalaemus albonotatus,Physalaemus albonotatus,Amphibia,Anura
8319,12959,Physalaemus biligonigerus,Physalaemus biligonigerus,Amphibia,Anura
8320,12965,Physalaemus cuvieri,Physalaemus cuvieri,Amphibia,Anura
8321,12966,Physalaemus ephippifer,Physalaemus ephippifer,Amphibia,Anura
8322,12968,Physalaemus fernandezae,Physalaemus fernandezae,Amphibia,Anura
8323,12969,Physalaemus fischeri,Physalaemus fischeri,Amphibia,Anura
8324,12970,Physalaemus gracilis,Physalaemus gracilis,Amphibia,Anura
8325,12975,Physalaemus maculiventris,Physalaemus maculiventris,Amphibia,Anura
8326,12978,Physalaemus nanus,Physalaemus nanus,Amphibia,Anura
8327,12979,Physalaemus nattereri,Cuyaba Dwarf Frog,Amphibia,Anura
8328,12981,Physalaemus olfersii,Physalaemus olfersii,Amphibia,Anura
8329,12982,Physalaemus riograndensis,Physalaemus riograndensis,Amphibia,Anura
8330,12985,Physalaemus,Physalaemus,Amphibia,Anura
8331,12986,Physeema labyrinthica,Physeema labyrinthica,Insecta,Hemiptera
8332,12989,Physeter catodon,Sperm Whale,Mammalia,Cetacea
8333,12995,Phytotoma raimondii,Peruvian Plantcutter,Aves,Passeriformes
8334,12996,Phytotoma rara,Rufous-tailed Plantcutter,Aves,Passeriformes
8335,12997,Phytotoma rutila,White-tipped Plantcutter,Aves,Passeriformes
8336,12999,Piaya cayana,Squirrel Cuckoo,Aves,Cuculiformes
8337,13000,Piaya melanogaster,Black-bellied Cuckoo,Aves,Cuculiformes
8338,13001,Pica asirensis,Asir Magpie,Aves,Passeriformes
8339,13002,Pica bottanensis,Black-rumped Magpie,Aves,Passeriformes
8340,13003,Pica hudsonia,Black-billed Magpie,Aves,Passeriformes
8341,13004,Pica mauritanica,Maghreb Magpie,Aves,Passeriformes
8342,13005,Pica nuttalli,Yellow-billed Magpie,Aves,Passeriformes
8343,13006,Pica pica,Eurasian Magpie,Aves,Passeriformes
8344,13007,Pica serica,Oriental Magpie,Aves,Passeriformes
8345,13008,Picathartes gymnocephalus,White-necked Rockfowl,Aves,Passeriformes
8346,13010,Picoides arcticus,Black-backed Woodpecker,Aves,Piciformes
8347,13011,Picoides dorsalis,American Three-toed Woodpecker,Aves,Piciformes
8348,13012,Picoides tridactylus,Eurasian Three-toed Woodpecker,Aves,Piciformes
8349,13013,Pictonemobius ambitiosus,ambitious ground cricket,Insecta,Orthoptera
8350,13014,Pictonemobius hubbelli,Hubbell's ground cricket,Insecta,Orthoptera
8351,13017,Piculus aurulentus,Yellow-browed Woodpecker,Aves,Piciformes
8352,13018,Piculus callopterus,Stripe-cheeked Woodpecker,Aves,Piciformes
8353,13019,Piculus chrysochloros,Golden-green Woodpecker,Aves,Piciformes
8354,13020,Piculus flavigula,Yellow-throated Woodpecker,Aves,Piciformes
8355,13021,Piculus leucolaemus,White-throated Woodpecker,Aves,Piciformes
8356,13022,Piculus litae,Lita Woodpecker,Aves,Piciformes
8357,13023,Piculus simplex,Rufous-winged Woodpecker,Aves,Piciformes
8358,13024,Picumnus albosquamatus,White-wedged Piculet,Aves,Piciformes
8359,13025,Picumnus aurifrons,Bar-breasted Piculet,Aves,Piciformes
8360,13026,Picumnus castelnau,Plain-breasted Piculet,Aves,Piciformes
8361,13027,Picumnus cinnamomeus,Chestnut Piculet,Aves,Piciformes
8362,13028,Picumnus cirratus,White-barred Piculet,Aves,Piciformes
8363,13029,Picumnus dorbignyanus,Ocellated Piculet,Aves,Piciformes
8364,13030,Picumnus exilis,Golden-spangled Piculet,Aves,Piciformes
8365,13031,Picumnus fuscus,Rusty-necked Piculet,Aves,Piciformes
8366,13032,Picumnus granadensis,Greyish Piculet,Aves,Piciformes
8367,13033,Picumnus innominatus,Speckled Piculet,Aves,Piciformes
8368,13034,Picumnus lafresnayi,Lafresnaye's Piculet,Aves,Piciformes
8369,13035,Picumnus limae,Ochraceous Piculet,Aves,Piciformes
8370,13036,Picumnus minutissimus,Arrowhead Piculet,Aves,Piciformes
8371,13037,Picumnus nebulosus,Mottled Piculet,Aves,Piciformes
8372,13039,Picumnus olivaceus,Olivaceous Piculet,Aves,Piciformes
8373,13040,Picumnus pumilus,Orinoco Piculet,Aves,Piciformes
8374,13041,Picumnus pygmaeus,Spotted Piculet,Aves,Piciformes
8375,13042,Picumnus rufiventris,Rufous-breasted Piculet,Aves,Piciformes
8376,13043,Picumnus sclateri,Ecuadorian Piculet,Aves,Piciformes
8377,13044,Picumnus spilogaster,White-bellied Piculet,Aves,Piciformes
8378,13045,Picumnus squamulatus,Scaled Piculet,Aves,Piciformes
8379,13046,Picumnus steindachneri,Speckle-chested Piculet,Aves,Piciformes
8380,13047,Picumnus subtilis,Fine-barred Piculet,Aves,Piciformes
8381,13048,Picumnus temminckii,Ochre-collared Piculet,Aves,Piciformes
8382,13049,Picumnus varzeae,Varzea Piculet,Aves,Piciformes
8383,13050,Picus awokera,Japanese Green Woodpecker,Aves,Piciformes
8384,13051,Picus canus,Grey-headed Woodpecker,Aves,Piciformes
8385,13053,Picus chlorolophus,Lesser Yellownape,Aves,Piciformes
8386,13054,Picus erythropygius,Black-headed Woodpecker,Aves,Piciformes
8387,13055,Picus puniceus,Crimson-winged Woodpecker,Aves,Piciformes
8388,13056,Picus rabieri,Red-collared Woodpecker,Aves,Piciformes
8389,13057,Picus sharpei,Iberian Green Woodpecker,Aves,Piciformes
8390,13058,Picus squamatus,Scaly-bellied Woodpecker,Aves,Piciformes
8391,13059,Picus vaillantii,Levaillant's Woodpecker,Aves,Piciformes
8392,13060,Picus viridanus,Streak-breasted Woodpecker,Aves,Piciformes
8393,13061,Picus viridis,European Green Woodpecker,Aves,Piciformes
8394,13062,Picus vittatus,Laced Woodpecker,Aves,Piciformes
8395,13063,Picus xanthopygaeus,Streak-throated Woodpecker,Aves,Piciformes
8396,13065,Piezorina cinerea,Cinereous Finch,Aves,Passeriformes
8397,13066,Pilherodius pileatus,Capped Heron,Aves,Pelecaniformes
8398,13071,Pinarochroa sordida,Moorland Chat,Aves,Passeriformes
8399,13074,Pinaroloxias inornata,Cocos Finch,Aves,Passeriformes
8400,13075,Pinarornis plumosus,Boulder Chat,Aves,Passeriformes
8401,13078,Pinicola enucleator,Pine Grosbeak,Aves,Passeriformes
8402,13083,Pionites leucogaster,White-bellied Parrot,Aves,Psittaciformes
8403,13084,Pionites melanocephalus,Black-headed Parrot,Aves,Psittaciformes
8404,13085,Pyrilia aurantiocephala,Bald Parrot,Aves,Psittaciformes
8405,13086,Pyrilia barrabandi,Orange-cheeked Parrot,Aves,Psittaciformes
8406,13087,Pyrilia caica,Caica Parrot,Aves,Psittaciformes
8407,13088,Pyrilia haematotis,Brown-hooded Parrot,Aves,Psittaciformes
8408,13089,Pionopsitta pileata,Pileated Parrot,Aves,Psittaciformes
8409,13090,Pyrilia pulchra,Rose-faced Parrot,Aves,Psittaciformes
8410,13091,Pyrilia pyrilia,Saffron-headed Parrot,Aves,Psittaciformes
8411,13092,Pyrilia vulturina,Vulturine Parrot,Aves,Psittaciformes
8412,13093,Pionus chalcopterus,Bronze-winged Parrot,Aves,Psittaciformes
8413,13094,Pionus fuscus,Dusky Parrot,Aves,Psittaciformes
8414,13095,Pionus maximiliani,Scaly-headed Parrot,Aves,Psittaciformes
8415,13096,Pionus menstruus,Blue-headed Parrot,Aves,Psittaciformes
8416,13097,Pionus senilis,White-crowned Parrot,Aves,Psittaciformes
8417,13098,Pionus seniloides,White-capped Parrot,Aves,Psittaciformes
8418,13099,Pionus tumultuosus,Plum-crowned Parrot,Aves,Psittaciformes
8419,13100,Pionus sordidus,Red-billed Parrot,Aves,Psittaciformes
8420,13104,Pipile cujubi,Red-throated Piping Guan,Aves,Galliformes
8421,13105,Pipile cumanensis,Blue-throated Piping Guan,Aves,Galliformes
8422,13106,Pipile grayi,White-throated Piping Guan,Aves,Galliformes
8423,13107,Pipile jacutinga,Black-fronted Piping Guan,Aves,Galliformes
8424,13108,Pipile pipile,Trinidad Piping Guan,Aves,Galliformes
8425,13109,Pipilo chlorurus,Green-tailed Towhee,Aves,Passeriformes
8426,13110,Pipilo erythrophthalmus,Eastern Towhee,Aves,Passeriformes
8427,13111,Pipilo maculatus,Spotted Towhee,Aves,Passeriformes
8428,13112,Pipilo ocai,Collared Towhee,Aves,Passeriformes
8429,13122,Pipra aureola,Crimson-hooded Manakin,Aves,Passeriformes
8430,13123,Pipra fasciicauda,Band-tailed Manakin,Aves,Passeriformes
8431,13124,Pipra filicauda,Wire-tailed Manakin,Aves,Passeriformes
8432,13125,Pseudopipra pipra,White-crowned Manakin,Aves,Passeriformes
8433,13126,Pipraeidea melanonota,Fawn-breasted Tanager,Aves,Passeriformes
8434,13127,Pipreola arcuata,Barred Fruiteater,Aves,Passeriformes
8435,13128,Pipreola aureopectus,Golden-breasted Fruiteater,Aves,Passeriformes
8436,13129,Pipreola chlorolepidota,Fiery-throated Fruiteater,Aves,Passeriformes
8437,13130,Pipreola formosa,Handsome Fruiteater,Aves,Passeriformes
8438,13131,Pipreola frontalis,Scarlet-breasted Fruiteater,Aves,Passeriformes
8439,13132,Pipreola intermedia,Band-tailed Fruiteater,Aves,Passeriformes
8440,13133,Pipreola jucunda,Orange-breasted Fruiteater,Aves,Passeriformes
8441,13134,Pipreola lubomirskii,Black-chested Fruiteater,Aves,Passeriformes
8442,13135,Pipreola pulchra,Masked Fruiteater,Aves,Passeriformes
8443,13136,Pipreola riefferii,Green-and-black Fruiteater,Aves,Passeriformes
8444,13137,Pipreola whitelyi,Red-banded Fruiteater,Aves,Passeriformes
8445,13138,Piprites chloris,Wing-barred Piprites,Aves,Passeriformes
8446,13139,Piprites griseiceps,Grey-headed Piprites,Aves,Passeriformes
8447,13140,Piprites pileata,Black-capped Piprites,Aves,Passeriformes
8448,13141,Piranga bidentata,Flame-colored Tanager,Aves,Passeriformes
8449,13142,Piranga erythrocephala,Red-headed Tanager,Aves,Passeriformes
8450,13143,Piranga flava,Red Tanager,Aves,Passeriformes
8451,13144,Piranga hepatica,Hepatic Tanager,Aves,Passeriformes
8452,13145,Piranga leucoptera,White-winged Tanager,Aves,Passeriformes
8453,13146,Piranga ludoviciana,Western Tanager,Aves,Passeriformes
8454,13147,Piranga lutea,Tooth-billed Tanager,Aves,Passeriformes
8455,13148,Piranga olivacea,Scarlet Tanager,Aves,Passeriformes
8456,13149,Piranga roseogularis,Rose-throated Tanager,Aves,Passeriformes
8457,13150,Piranga rubra,Summer Tanager,Aves,Passeriformes
8458,13151,Piranga rubriceps,Red-hooded Tanager,Aves,Passeriformes
8459,13153,Pitangus sulphuratus,Great Kiskadee,Aves,Passeriformes
8460,13157,Pithecia monachus,monk saki,Mammalia,Primates
8461,13161,Pithecophaga jefferyi,Philippine Eagle,Aves,Accipitriformes
8462,13165,Pithecopus hypochondrialis,Pithecopus hypochondrialis,Amphibia,Anura
8463,13167,Pithecopus palliatus,Pithecopus palliatus,Amphibia,Anura
8464,13169,Pithys albifrons,White-plumed Antbird,Aves,Passeriformes
8465,13170,Pithys castaneus,White-masked Antbird,Aves,Passeriformes
8466,13171,Pitohui cerviniventris,Raja Ampat Pitohui,Aves,Passeriformes
8467,13172,Pitohui dichrous,Hooded Pitohui,Aves,Passeriformes
8468,13173,Pitohui kirhocephalus,Northern Variable Pitohui,Aves,Passeriformes
8469,13174,Pitohui uropygialis,Southern Variable Pitohui,Aves,Passeriformes
8470,13175,Pitta abbotti,Nicobar Hooded Pitta,Aves,Passeriformes
8471,13176,Pitta anerythra,Black-faced Pitta,Aves,Passeriformes
8472,13177,Pitta angolensis,African Pitta,Aves,Passeriformes
8473,13178,Pitta brachyura,Indian Pitta,Aves,Passeriformes
8474,13179,Pitta concinna,Ornate Pitta,Aves,Passeriformes
8475,13180,Pitta elegans,Elegant Pitta,Aves,Passeriformes
8476,13181,Pitta iris,Rainbow Pitta,Aves,Passeriformes
8477,13182,Pitta maxima,Ivory-breasted Pitta,Aves,Passeriformes
8478,13183,Pitta megarhyncha,Mangrove Pitta,Aves,Passeriformes
8479,13184,Pitta moluccensis,Blue-winged Pitta,Aves,Passeriformes
8480,13185,Pitta novaeguineae,Eastern Hooded Pitta,Aves,Passeriformes
8481,13186,Pitta nympha,Fairy Pitta,Aves,Passeriformes
8482,13187,Pitta reichenowi,Green-breasted Pitta,Aves,Passeriformes
8483,13188,Pitta rosenbergii,Biak Hooded Pitta,Aves,Passeriformes
8484,13189,Pitta sordida,Western Hooded Pitta,Aves,Passeriformes
8485,13190,Pitta steerii,Azure-breasted Pitta,Aves,Passeriformes
8486,13192,Pitta versicolor,Noisy Pitta,Aves,Passeriformes
8487,13193,Pitta vigorsii,Banda Sea Pitta,Aves,Passeriformes
8488,13194,Pittasoma michleri,Black-crowned Antpitta,Aves,Passeriformes
8489,13195,Pittasoma rufopileatum,Rufous-crowned Antpitta,Aves,Passeriformes
8490,13198,Pituophis catenifer,Pituophis catenifer,Reptilia,Squamata
8491,13199,Pityriasis gymnocephala,Bornean Bristlehead,Aves,Passeriformes
8492,13203,Platypleura kaempferi,Platypleura kaempferi,Insecta,Hemiptera
8493,13205,Platypleura takasagona,Platypleura takasagona,Insecta,Hemiptera
8494,13207,Platalea ajaja,Roseate Spoonbill,Aves,Pelecaniformes
8495,13208,Platalea alba,African Spoonbill,Aves,Pelecaniformes
8496,13210,Platalea leucorodia,Eurasian Spoonbill,Aves,Pelecaniformes
8497,13211,Platalea minor,Black-faced Spoonbill,Aves,Pelecaniformes
8498,13212,Platalea regia,Royal Spoonbill,Aves,Pelecaniformes
8499,13216,Platycercus adscitus,Pale-headed Rosella,Aves,Psittaciformes
8500,13217,Platycercus caledonicus,Green Rosella,Aves,Psittaciformes
8501,13218,Platycercus elegans,Crimson Rosella,Aves,Psittaciformes
8502,13219,Platycercus eximius,Eastern Rosella,Aves,Psittaciformes
8503,13220,Platycercus icterotis,Western Rosella,Aves,Psittaciformes
8504,13221,Platycercus venustus,Northern Rosella,Aves,Psittaciformes
8505,13222,Platycleis affinis,Platycleis affinis,Insecta,Orthoptera
8506,13223,Platycleis albopunctata,Platycleis albopunctata,Insecta,Orthoptera
8507,13226,Platycleis falx,Platycleis falx,Insecta,Orthoptera
8508,13228,Platycleis grisea,Platycleis grisea,Insecta,Orthoptera
8509,13230,Platycleis intermedia,Platycleis intermedia,Insecta,Orthoptera
8510,13232,Platycleis sabulosa,Platycleis sabulosa,Insecta,Orthoptera
8511,13243,Platylophus galericulatus,Crested Jayshrike,Aves,Passeriformes
8512,13249,Platymantis dorsalis,Platymantis dorsalis,Amphibia,Anura
8513,13267,Platymantis,Platymantis,Amphibia,Anura
8514,13270,Platypedia laticapitata,Platypedia laticapitata,Insecta,Hemiptera
8515,13273,Platypedia minor,Platypedia minor,Insecta,Hemiptera
8516,13274,Platypedia putnami,Platypedia putnami,Insecta,Hemiptera
8517,13275,Platypedia similis,Platypedia similis,Insecta,Hemiptera
8518,13276,Platypedia sylvesteri,Platypedia sylvesteri,Insecta,Hemiptera
8519,13277,Platypedia vanduzeei,Platypedia vanduzeei,Insecta,Hemiptera
8520,13278,Platyplectrum fletcheri,Platyplectrum fletcheri,Amphibia,Anura
8521,13279,Platyplectrum ornatum,Platyplectrum ornatum,Amphibia,Anura
8522,13284,Platypleura hilpa,Platypleura hilpa,Insecta,Hemiptera
8523,13288,Platyrinchus cancrominus,Stub-tailed Spadebill,Aves,Passeriformes
8524,13289,Platyrinchus coronatus,Golden-crowned Spadebill,Aves,Passeriformes
8525,13290,Platyrinchus flavigularis,Yellow-throated Spadebill,Aves,Passeriformes
8526,13291,Platyrinchus leucoryphus,Russet-winged Spadebill,Aves,Passeriformes
8527,13292,Platyrinchus mystaceus,White-throated Spadebill,Aves,Passeriformes
8528,13293,Platyrinchus platyrhynchos,White-crested Spadebill,Aves,Passeriformes
8529,13294,Platyrinchus saturatus,Cinnamon-crested Spadebill,Aves,Passeriformes
8530,13296,Platysmurus aterrimus,Bornean Black Magpie,Aves,Passeriformes
8531,13297,Platysmurus leucopterus,Malayan Black Magpie,Aves,Passeriformes
8532,13298,Platyspiza crassirostris,Vegetarian Finch,Aves,Passeriformes
8533,13300,Platysteira blissetti,Red-cheeked Wattle-eye,Aves,Passeriformes
8534,13301,Platysteira castanea,Chestnut Wattle-eye,Aves,Passeriformes
8535,13302,Platysteira chalybea,Black-necked Wattle-eye,Aves,Passeriformes
8536,13303,Platysteira concreta,Yellow-bellied Wattle-eye,Aves,Passeriformes
8537,13304,Platysteira cyanea,Brown-throated Wattle-eye,Aves,Passeriformes
8538,13305,Platysteira jamesoni,Jameson's Wattle-eye,Aves,Passeriformes
8539,13307,Platysteira peltata,Black-throated Wattle-eye,Aves,Passeriformes
8540,13314,Plectorhyncha lanceolata,Striped Honeyeater,Aves,Passeriformes
8541,13315,Plectrophenax hyperboreus,McKay's Bunting,Aves,Passeriformes
8542,13316,Plectrophenax nivalis,Snow Bunting,Aves,Passeriformes
8543,13317,Plectropterus gambensis,Spur-winged Goose,Aves,Anseriformes
8544,13326,Plegadis chihi,White-faced Ibis,Aves,Pelecaniformes
8545,13327,Plegadis falcinellus,Glossy Ibis,Aves,Pelecaniformes
8546,13328,Plegadis ridgwayi,Puna Ibis,Aves,Pelecaniformes
8547,13330,Plesiodryas albonotata,Black-throated Robin,Aves,Passeriformes
8548,13334,Pleurodema brachyops,Pleurodema brachyops,Amphibia,Anura
8549,13336,Pleurodema cinereum,Pleurodema cinereum,Amphibia,Anura
8550,13342,Pleurodema thaul,Pleurodema thaul,Amphibia,Anura
8551,13352,Plocepasser donaldsoni,Donaldson Smith's Sparrow-Weaver,Aves,Passeriformes
8552,13353,Plocepasser mahali,White-browed Sparrow-Weaver,Aves,Passeriformes
8553,13354,Plocepasser rufoscapulatus,Chestnut-backed Sparrow-Weaver,Aves,Passeriformes
8554,13355,Plocepasser superciliosus,Chestnut-crowned Sparrow-Weaver,Aves,Passeriformes
8555,13356,Ploceus albinucha,Maxwell's Black Weaver,Aves,Passeriformes
8556,13357,Ploceus alienus,Strange Weaver,Aves,Passeriformes
8557,13359,Ploceus aurantius,Orange Weaver,Aves,Passeriformes
8558,13361,Ploceus baglafecht,Baglafecht Weaver,Aves,Passeriformes
8559,13363,Ploceus benghalensis,Black-breasted Weaver,Aves,Passeriformes
8560,13364,Ploceus bertrandi,Bertram's Weaver,Aves,Passeriformes
8561,13365,Ploceus bicolor,Dark-backed Weaver,Aves,Passeriformes
8562,13366,Ploceus bojeri,Golden Palm Weaver,Aves,Passeriformes
8563,13367,Ploceus brachypterus,Olive-naped Weaver,Aves,Passeriformes
8564,13369,Ploceus capensis,Cape Weaver,Aves,Passeriformes
8565,13370,Ploceus castaneiceps,Taveta Weaver,Aves,Passeriformes
8566,13371,Ploceus castaneofuscus,Chestnut-and-black Weaver,Aves,Passeriformes
8567,13372,Ploceus castanops,Northern Brown-throated Weaver,Aves,Passeriformes
8568,13373,Ploceus cucullatus,Village Weaver,Aves,Passeriformes
8569,13375,Ploceus galbula,Rüppell's Weaver,Aves,Passeriformes
8570,13376,Ploceus golandi,Kilifi Weaver,Aves,Passeriformes
8571,13380,Ploceus hypoxanthus,Asian Golden Weaver,Aves,Passeriformes
8572,13381,Ploceus insignis,Brown-capped Weaver,Aves,Passeriformes
8573,13382,Ploceus intermedius,Lesser Masked Weaver,Aves,Passeriformes
8574,13383,Ploceus jacksoni,Golden-backed Weaver,Aves,Passeriformes
8575,13385,Ploceus luteolus,Little Weaver,Aves,Passeriformes
8576,13386,Ploceus manyar,Streaked Weaver,Aves,Passeriformes
8577,13387,Ploceus megarhynchus,Finn's Weaver,Aves,Passeriformes
8578,13388,Ploceus melanocephalus,Black-headed Weaver,Aves,Passeriformes
8579,13389,Ploceus melanogaster,Black-billed Weaver,Aves,Passeriformes
8580,13390,Ploceus nelicourvi,Nelicourvi Weaver,Aves,Passeriformes
8581,13391,Ploceus nicolli,Usambara Weaver,Aves,Passeriformes
8582,13392,Ploceus nigerrimus,Vieillot's Black Weaver,Aves,Passeriformes
8583,13393,Ploceus nigricollis,Black-necked Weaver,Aves,Passeriformes
8584,13394,Ploceus ocularis,Spectacled Weaver,Aves,Passeriformes
8585,13395,Ploceus olivaceiceps,Olive-headed Weaver,Aves,Passeriformes
8586,13396,Ploceus pelzelni,Slender-billed Weaver,Aves,Passeriformes
8587,13397,Ploceus philippinus,Baya Weaver,Aves,Passeriformes
8588,13400,Ploceus rubiginosus,Chestnut Weaver,Aves,Passeriformes
8589,13401,Ploceus sakalava,Sakalava Weaver,Aves,Passeriformes
8590,13402,Ploceus sanctithomae,Sao Tome Weaver,Aves,Passeriformes
8591,13403,Ploceus spekei,Speke's Weaver,Aves,Passeriformes
8592,13404,Ploceus spekeoides,Fox's Weaver,Aves,Passeriformes
8593,13405,Ploceus subaureus,Eastern Golden Weaver,Aves,Passeriformes
8594,13407,Ploceus taeniopterus,Northern Masked Weaver,Aves,Passeriformes
8595,13409,Ploceus tricolor,Yellow-mantled Weaver,Aves,Passeriformes
8596,13410,Ploceus velatus,Southern Masked Weaver,Aves,Passeriformes
8597,13411,Ploceus vitellinus,Vitelline Masked Weaver,Aves,Passeriformes
8598,13413,Ploceus xanthops,Holub's Golden Weaver,Aves,Passeriformes
8599,13414,Ploceus xanthopterus,Southern Brown-throated Weaver,Aves,Passeriformes
8600,13415,Pluvialis apricaria,European Golden Plover,Aves,Charadriiformes
8601,13416,Pluvialis dominica,American Golden Plover,Aves,Charadriiformes
8602,13417,Pluvialis fulva,Pacific Golden Plover,Aves,Charadriiformes
8603,13418,Pluvialis squatarola,Grey Plover,Aves,Charadriiformes
8604,13419,Pluvianellus socialis,Magellanic Plover,Aves,Charadriiformes
8605,13420,Pluvianus aegyptius,Egyptian Plover,Aves,Charadriiformes
8606,13422,Pnoepyga albiventer,Scaly-breasted Cupwing,Aves,Passeriformes
8607,13423,Pnoepyga formosana,Taiwan Cupwing,Aves,Passeriformes
8608,13424,Pnoepyga immaculata,Nepal Cupwing,Aves,Passeriformes
8609,13425,Pnoepyga mutica,Pnoepyga mutica,Aves,Passeriformes
8610,13426,Pnoepyga pusilla,Pygmy Cupwing,Aves,Passeriformes
8611,13427,Podargus ocellatus,Marbled Frogmouth,Aves,Caprimulgiformes
8612,13428,Podargus papuensis,Papuan Frogmouth,Aves,Caprimulgiformes
8613,13429,Podargus strigoides,Tawny Frogmouth,Aves,Caprimulgiformes
8614,13430,Podica senegalensis,African Finfoot,Aves,Gruiformes
8615,13431,Podiceps auritus,Horned Grebe,Aves,Podicipediformes
8616,13432,Podiceps cristatus,Great Crested Grebe,Aves,Podicipediformes
8617,13433,Podiceps gallardoi,Hooded Grebe,Aves,Podicipediformes
8618,13434,Podiceps grisegena,Red-necked Grebe,Aves,Podicipediformes
8619,13435,Podiceps major,Great Grebe,Aves,Podicipediformes
8620,13436,Podiceps nigricollis,Black-necked Grebe,Aves,Podicipediformes
8621,13437,Podiceps occipitalis,Silvery Grebe,Aves,Podicipediformes
8622,13438,Podiceps taczanowskii,Junin Grebe,Aves,Podicipediformes
8623,13440,Podilymbus podiceps,Pied-billed Grebe,Aves,Podicipediformes
8624,13446,Podoces hendersoni,Mongolian Ground Jay,Aves,Passeriformes
8625,13447,Podoces panderi,Turkestan Ground Jay,Aves,Passeriformes
8626,13448,Podoces pleskei,Iranian Ground Jay,Aves,Passeriformes
8627,13449,Poecile atricapillus,Black-capped Chickadee,Aves,Passeriformes
8628,13450,Poecile carolinensis,Carolina Chickadee,Aves,Passeriformes
8629,13451,Poecile cinctus,Grey-headed Chickadee,Aves,Passeriformes
8630,13452,Poecile davidi,Pere David's Tit,Aves,Passeriformes
8631,13453,Poecile gambeli,Mountain Chickadee,Aves,Passeriformes
8632,13454,Poecile hudsonicus,Boreal Chickadee,Aves,Passeriformes
8633,13455,Poecile hypermelaenus,Black-bibbed Tit,Aves,Passeriformes
8634,13456,Poecile hyrcanus,Caspian Tit,Aves,Passeriformes
8635,13457,Poecile lugubris,Sombre Tit,Aves,Passeriformes
8636,13458,Poecile montanus,Willow Tit,Aves,Passeriformes
8637,13459,Poecile palustris,Marsh Tit,Aves,Passeriformes
8638,13460,Poecile rufescens,Chestnut-backed Chickadee,Aves,Passeriformes
8639,13461,Poecile sclateri,Mexican Chickadee,Aves,Passeriformes
8640,13462,Poecile superciliosus,White-browed Tit,Aves,Passeriformes
8641,13463,Sittiparus castaneoventris,Chestnut-bellied Tit,Aves,Passeriformes
8642,13464,Sittiparus olivaceus,Iriomote Tit,Aves,Passeriformes
8643,13465,Sittiparus owstoni,Owston's Tit,Aves,Passeriformes
8644,13466,Sittiparus varius,Varied Tit,Aves,Passeriformes
8645,13467,Poecile weigoldicus,Sichuan Tit,Aves,Passeriformes
8646,13469,Poecilimon affinis,Poecilimon affinis,Insecta,Orthoptera
8647,13471,Poecilimon amissus,Poecilimon amissus,Insecta,Orthoptera
8648,13478,Poecilimon brunneri,Poecilimon brunneri,Insecta,Orthoptera
8649,13490,Poecilimon gracilis,Poecilimon gracilis,Insecta,Orthoptera
8650,13496,Poecilimon hoelzeli,Poecilimon hoelzeli,Insecta,Orthoptera
8651,13509,Poecilimon luschani,Poecilimon luschani,Insecta,Orthoptera
8652,13510,Poecilimon macedonicus,Poecilimon macedonicus,Insecta,Orthoptera
8653,13516,Poecilimon nobilis,Poecilimon nobilis,Insecta,Orthoptera
8654,13518,Poecilimon obesus,Poecilimon obesus,Insecta,Orthoptera
8655,13520,Poecilimon orbelicus,Poecilimon orbelicus,Insecta,Orthoptera
8656,13521,Poecilimon ornatus,Poecilimon ornatus,Insecta,Orthoptera
8657,13527,Poecilimon propinquus,Poecilimon propinquus,Insecta,Orthoptera
8658,13531,Poecilimon sanctipauli,Poecilimon sanctipauli,Insecta,Orthoptera
8659,13541,Poecilimon thessalicus,Poecilimon thessalicus,Insecta,Orthoptera
8660,13542,Poecilimon thoracicus,Poecilimon thoracicus,Insecta,Orthoptera
8661,13548,Poecilimon zimmeri,Poecilimon zimmeri,Insecta,Orthoptera
8662,13552,Poecilodryas cerviniventris,Buff-sided Robin,Aves,Passeriformes
8663,13553,Poecilodryas hypoleuca,Black-sided Robin,Aves,Passeriformes
8664,13554,Poecilodryas superciliosa,White-browed Robin,Aves,Passeriformes
8665,13555,Poecilostreptus cabanisi,Azure-rumped Tanager,Aves,Passeriformes
8666,13556,Poecilostreptus palmeri,Grey-and-gold Tanager,Aves,Passeriformes
8667,13557,Poecilotriccus albifacies,White-cheeked Tody-Flycatcher,Aves,Passeriformes
8668,13558,Poecilotriccus calopterus,Golden-winged Tody-Flycatcher,Aves,Passeriformes
8669,13559,Poecilotriccus pulchellus,Black-backed Tody-Flycatcher,Aves,Passeriformes
8670,13560,Poecilotriccus capitalis,Black-and-white Tody-Flycatcher,Aves,Passeriformes
8671,13561,Poecilotriccus fumifrons,Smoky-fronted Tody-Flycatcher,Aves,Passeriformes
8672,13562,Poecilotriccus latirostris,Rusty-fronted Tody-Flycatcher,Aves,Passeriformes
8673,13563,Poecilotriccus luluae,Lulu's Tody-Flycatcher,Aves,Passeriformes
8674,13564,Poecilotriccus plumbeiceps,Ochre-faced Tody-Flycatcher,Aves,Passeriformes
8675,13565,Poecilotriccus ruficeps,Rufous-crowned Tody-Flycatcher,Aves,Passeriformes
8676,13566,Poecilotriccus russatus,Ruddy Tody-Flycatcher,Aves,Passeriformes
8677,13567,Poecilotriccus senex,Buff-cheeked Tody-Flycatcher,Aves,Passeriformes
8678,13568,Poecilotriccus sylvia,Slaty-headed Tody-Flycatcher,Aves,Passeriformes
8679,13569,Poeoptera kenricki,Kenrick's Starling,Aves,Passeriformes
8680,13570,Poeoptera lugubris,Narrow-tailed Starling,Aves,Passeriformes
8681,13571,Poeoptera stuhlmanni,Stuhlmann's Starling,Aves,Passeriformes
8682,13572,Poephila acuticauda,Long-tailed Finch,Aves,Passeriformes
8683,13573,Poephila cincta,Black-throated Finch,Aves,Passeriformes
8684,13574,Poephila personata,Masked Finch,Aves,Passeriformes
8685,13575,Pogonias cromis,Banded drum,Actinopterygii,Perciformes
8686,13576,Pogoniulus atroflavus,Red-rumped Tinkerbird,Aves,Piciformes
8687,13577,Pogoniulus bilineatus,Yellow-rumped Tinkerbird,Aves,Piciformes
8688,13578,Pogoniulus chrysoconus,Yellow-fronted Tinkerbird,Aves,Piciformes
8689,13579,Pogoniulus coryphaea,Western Tinkerbird,Aves,Piciformes
8690,13580,Pogoniulus leucomystax,Moustached Tinkerbird,Aves,Piciformes
8691,13581,Pogoniulus pusillus,Southern Red-fronted Tinkerbird,Aves,Piciformes
8692,13582,Pogoniulus scolopaceus,Speckled Tinkerbird,Aves,Piciformes
8693,13583,Pogoniulus simplex,Green Tinkerbird,Aves,Piciformes
8694,13584,Pogoniulus subsulphureus,Yellow-throated Tinkerbird,Aves,Piciformes
8695,13585,Pogoniulus uropygialis,Northern Red-fronted Tinkerbird,Aves,Piciformes
8696,13586,Pogonocichla stellata,White-starred Robin,Aves,Passeriformes
8697,13589,Pogonotriccus difficilis,Serra do Mar Bristle Tyrant,Aves,Passeriformes
8698,13590,Pogonotriccus paulista,Sao Paulo Bristle Tyrant,Aves,Passeriformes
8699,13591,Poicephalus cryptoxanthus,Brown-headed Parrot,Aves,Psittaciformes
8700,13592,Poicephalus flavifrons,Yellow-fronted Parrot,Aves,Psittaciformes
8701,13593,Poicephalus fuscicollis,Brown-necked Parrot,Aves,Psittaciformes
8702,13594,Poicephalus robustus,Cape Parrot,Aves,Psittaciformes
8703,13595,Poicephalus gulielmi,Red-fronted Parrot,Aves,Psittaciformes
8704,13596,Poicephalus meyeri,Meyer's Parrot,Aves,Psittaciformes
8705,13597,Poicephalus rueppellii,Rüppell's Parrot,Aves,Psittaciformes
8706,13598,Poicephalus rufiventris,Red-bellied Parrot,Aves,Psittaciformes
8707,13599,Poicephalus senegalus,Senegal Parrot,Aves,Psittaciformes
8708,13600,Polemaetus bellicosus,Martial Eagle,Aves,Accipitriformes
8709,13603,Polihierax semitorquatus,Pygmy Falcon,Aves,Falconiformes
8710,13604,Poliocephalus poliocephalus,Hoary-headed Grebe,Aves,Podicipediformes
8711,13606,Spermophilus franklinii,Franklin's ground squirrel,Mammalia,Rodentia
8712,13608,Poliolais lopezi,White-tailed Warbler,Aves,Passeriformes
8713,13609,Poliolimnas cinereus,White-browed Crake,Aves,Gruiformes
8714,13611,Polionemobius flavoantennalis,Polionemobius flavoantennalis,Insecta,Orthoptera
8715,13612,Polionemobius taprobanense,Polionemobius taprobanense,Insecta,Orthoptera
8716,13614,Polioptila albiloris,White-lored Gnatcatcher,Aves,Passeriformes
8717,13615,Polioptila albiventris,Yucatan Gnatcatcher,Aves,Passeriformes
8718,13616,Polioptila attenboroughi,Inambari Gnatcatcher,Aves,Passeriformes
8719,13617,Polioptila bilineata,White-browed Gnatcatcher,Aves,Passeriformes
8720,13618,Polioptila maior,Maranon Gnatcatcher,Aves,Passeriformes
8721,13619,Polioptila plumbea,Tropical Gnatcatcher,Aves,Passeriformes
8722,13620,Polioptila caerulea,Blue-grey Gnatcatcher,Aves,Passeriformes
8723,13621,Polioptila californica,California Gnatcatcher,Aves,Passeriformes
8724,13622,Polioptila clementsi,Iquitos Gnatcatcher,Aves,Passeriformes
8725,13623,Polioptila dumicola,Masked Gnatcatcher,Aves,Passeriformes
8726,13624,Polioptila facilis,Rio Negro Gnatcatcher,Aves,Passeriformes
8727,13625,Polioptila guianensis,Guianan Gnatcatcher,Aves,Passeriformes
8728,13626,Polioptila lactea,Creamy-bellied Gnatcatcher,Aves,Passeriformes
8729,13627,Polioptila lembeyei,Cuban Gnatcatcher,Aves,Passeriformes
8730,13628,Polioptila melanura,Black-tailed Gnatcatcher,Aves,Passeriformes
8731,13629,Polioptila nigriceps,Black-capped Gnatcatcher,Aves,Passeriformes
8732,13630,Polioptila paraensis,Para Gnatcatcher,Aves,Passeriformes
8733,13631,Polioptila schistaceigula,Slate-throated Gnatcatcher,Aves,Passeriformes
8734,13639,Polyboroides radiatus,Madagascar Harrier-Hawk,Aves,Accipitriformes
8735,13640,Polyboroides typus,African Harrier-Hawk,Aves,Accipitriformes
8736,13641,Polyerata amabilis,Blue-chested Hummingbird,Aves,Apodiformes
8737,13642,Polyerata decora,Charming Hummingbird,Aves,Apodiformes
8738,13643,Polyerata rosenbergi,Purple-chested Hummingbird,Aves,Apodiformes
8739,13648,Polyonymus caroli,Bronze-tailed Comet,Aves,Apodiformes
8740,13649,Polypedates braueri,Polypedates braueri,Amphibia,Anura
8741,13651,Polypedates leucomystax,Polypedates leucomystax,Amphibia,Anura
8742,13653,Polypedates megacephalus,Polypedates megacephalus,Amphibia,Anura
8743,13654,Polypedates mutus,Polypedates mutus,Amphibia,Anura
8744,13656,Polyphylla crinita,Polyphylla crinita,Insecta,Coleoptera
8745,13658,Polyphylla fullo,Polyphylla fullo,Insecta,Coleoptera
8746,13661,Polyplectron bicalcaratum,Grey Peacock-Pheasant,Aves,Galliformes
8747,13662,Polyplectron chalcurum,Bronze-tailed Peacock-Pheasant,Aves,Galliformes
8748,13663,Polyplectron germaini,Germain's Peacock-Pheasant,Aves,Galliformes
8749,13664,Polyplectron inopinatum,Mountain Peacock-Pheasant,Aves,Galliformes
8750,13666,Polyplectron malacense,Malayan Peacock-Pheasant,Aves,Galliformes
8751,13667,Polyplectron napoleonis,Palawan Peacock-Pheasant,Aves,Galliformes
8752,13668,Polyplectron schleiermacheri,Bornean Peacock-Pheasant,Aves,Galliformes
8753,13670,Polysarcus denticauda,Polysarcus denticauda,Insecta,Orthoptera
8754,13674,Polysticta stelleri,Steller's Eider,Aves,Anseriformes
8755,13675,Polystictus pectoralis,Bearded Tachuri,Aves,Passeriformes
8756,13676,Polystictus superciliaris,Grey-backed Tachuri,Aves,Passeriformes
8757,13678,Polytelis anthopeplus,Regent Parrot,Aves,Psittaciformes
8758,13679,Polytelis swainsonii,Superb Parrot,Aves,Psittaciformes
8759,13680,Polytmus guainumbi,White-tailed Goldenthroat,Aves,Apodiformes
8760,13682,Polytmus theresiae,Green-tailed Goldenthroat,Aves,Apodiformes
8761,13684,Pomarea dimidiata,Rarotonga Monarch,Aves,Passeriformes
8762,13689,Pomatorhinus bornensis,Sunda Scimitar Babbler,Aves,Passeriformes
8763,13690,Pomatorhinus ferruginosus,Black-crowned Scimitar Babbler,Aves,Passeriformes
8764,13691,Pomatorhinus horsfieldii,Indian Scimitar Babbler,Aves,Passeriformes
8765,13692,Pomatorhinus melanurus,Sri Lanka Scimitar Babbler,Aves,Passeriformes
8766,13693,Pomatorhinus montanus,Javan Scimitar Babbler,Aves,Passeriformes
8767,13694,Pomatorhinus musicus,Taiwan Scimitar Babbler,Aves,Passeriformes
8768,13695,Pomatorhinus ochraceiceps,Red-billed Scimitar Babbler,Aves,Passeriformes
8769,13696,Pomatorhinus phayrei,Brown-crowned Scimitar Babbler,Aves,Passeriformes
8770,13697,Pomatorhinus ruficollis,Streak-breasted Scimitar Babbler,Aves,Passeriformes
8771,13698,Pomatorhinus schisticeps,White-browed Scimitar Babbler,Aves,Passeriformes
8772,13699,Pomatorhinus superciliaris,Slender-billed Scimitar Babbler,Aves,Passeriformes
8773,13700,Pomatostomus halli,Hall's Babbler,Aves,Passeriformes
8774,13701,Pomatostomus ruficeps,Chestnut-crowned Babbler,Aves,Passeriformes
8775,13702,Pomatostomus superciliosus,White-browed Babbler,Aves,Passeriformes
8776,13703,Pomatostomus temporalis,Grey-crowned Babbler,Aves,Passeriformes
8777,13708,Pomponia linearis,Pomponia linearis,Insecta,Hemiptera
8778,13710,Pomponia yayeyamana,Pomponia yayeyamana,Insecta,Hemiptera
8779,13712,Pongo pygmaeus,Bornean Orangutan,Mammalia,Primates
8780,13715,Poodytes punctatus,New Zealand Fernbird,Aves,Passeriformes
8781,13716,Pooecetes gramineus,Vesper Sparrow,Aves,Passeriformes
8782,13717,Poospiza baeri,Tucuman Mountain Finch,Aves,Passeriformes
8783,13718,Poospiza boliviana,Bolivian Warbling Finch,Aves,Passeriformes
8784,13719,Poospiza garleppi,Cochabamba Mountain Finch,Aves,Passeriformes
8785,13720,Poospiza goeringi,Slaty-backed Hemispingus,Aves,Passeriformes
8786,13721,Poospiza hispaniolensis,Collared Warbling Finch,Aves,Passeriformes
8787,13722,Poospiza nigrorufa,Black-and-rufous Warbling Finch,Aves,Passeriformes
8788,13723,Poospiza ornata,Cinnamon Warbling Finch,Aves,Passeriformes
8789,13725,Poospiza rufosuperciliaris,Rufous-browed Hemispingus,Aves,Passeriformes
8790,13726,Poospiza whitii,Black-and-chestnut Warbling Finch,Aves,Passeriformes
8791,13727,Poospizopsis caesar,Chestnut-breasted Mountain Finch,Aves,Passeriformes
8792,13728,Poospizopsis hypochondria,Rufous-sided Warbling Finch,Aves,Passeriformes
8793,13730,Popplepsalta aeroides,Popplepsalta aeroides,Insecta,Hemiptera
8794,13731,Popplepsalta annulata,Popplepsalta annulata,Insecta,Hemiptera
8795,13733,Popplepsalta notialis,Popplepsalta notialis,Insecta,Hemiptera
8796,13734,Popplepsalta rubristrigata,Popplepsalta rubristrigata,Insecta,Hemiptera
8797,13739,Populus tremuloides,Quaking Aspen,Rosids,Malpighiales
8798,13741,Porphyrio alleni,Allen's Gallinule,Aves,Gruiformes
8799,13742,Porphyrio flavirostris,Azure Gallinule,Aves,Gruiformes
8800,13743,Porphyrio hochstetteri,South Island Takahe,Aves,Gruiformes
8801,13745,Porphyrio madagascariensis,African Swamphen,Aves,Gruiformes
8802,13746,Porphyrio poliocephalus,Grey-headed Swamphen,Aves,Gruiformes
8803,13747,Porphyrio porphyrio,Western Swamphen,Aves,Gruiformes
8804,13748,Porphyrio martinica,Purple Gallinule,Aves,Gruiformes
8805,13749,Porphyrio melanotus,Australasian Swamphen,Aves,Gruiformes
8806,13751,Porphyrolaema porphyrolaema,Purple-throated Cotinga,Aves,Passeriformes
8807,13752,Rhopospina alaudina,Band-tailed Sierra Finch,Aves,Passeriformes
8808,13754,Rhopospina caerulescens,Blue Finch,Aves,Passeriformes
8809,13756,Rhopospina carbonaria,Carbonated Sierra Finch,Aves,Passeriformes
8810,13761,Zapornia bicolor,Black-tailed Crake,Aves,Gruiformes
8811,13762,Porzana carolina,Sora,Aves,Gruiformes
8812,13763,Porzana fluminea,Australian Crake,Aves,Gruiformes
8813,13764,Zapornia fusca,Ruddy-breasted Crake,Aves,Gruiformes
8814,13765,Zapornia parva,Little Crake,Aves,Gruiformes
8815,13767,Zapornia paykullii,Band-bellied Crake,Aves,Gruiformes
8816,13768,Porzana porzana,Spotted Crake,Aves,Gruiformes
8817,13769,Zapornia pusilla,Baillon's Crake,Aves,Gruiformes
8818,13771,Zapornia tabuensis,Spotless Crake,Aves,Gruiformes
8819,13774,Potos flavus,Kinkajou,Mammalia,Carnivora
8820,13776,Poyntonia paludicola,Poyntonia paludicola,Amphibia,Anura
8821,13779,Premnoplex brunnescens,Spotted Barbtail,Aves,Passeriformes
8822,13780,Premnoplex tatei,White-throated Barbtail,Aves,Passeriformes
8823,13781,Premnornis guttuliger,Rusty-winged Barbtail,Aves,Passeriformes
8824,13785,Presbytis melalophos,mitred leaf monkey,Mammalia,Primates
8825,13788,Presbytis rubicunda,red leaf monkey,Mammalia,Primates
8826,13792,Primates,Primates,Mammalia,Primates
8827,13793,Primolius auricollis,Golden-collared Macaw,Aves,Psittaciformes
8828,13794,Primolius couloni,Blue-headed Macaw,Aves,Psittaciformes
8829,13795,Primolius maracana,Blue-winged Macaw,Aves,Psittaciformes
8830,13797,Prinia atrogularis,Black-throated Prinia,Aves,Passeriformes
8831,13798,Prinia khasiana,Rufous-crowned Prinia,Aves,Passeriformes
8832,13799,Prinia bairdii,Banded Prinia,Aves,Passeriformes
8833,13800,Prinia buchanani,Rufous-fronted Prinia,Aves,Passeriformes
8834,13801,Prinia cinereocapilla,Grey-crowned Prinia,Aves,Passeriformes
8835,13802,Prinia cooki,Burmese Prinia,Aves,Passeriformes
8836,13803,Prinia polychroa,Brown Prinia,Aves,Passeriformes
8837,13804,Prinia crinigera,Himalayan Prinia,Aves,Passeriformes
8838,13805,Prinia familiaris,Bar-winged Prinia,Aves,Passeriformes
8839,13806,Prinia flavicans,Black-chested Prinia,Aves,Passeriformes
8840,13807,Prinia flaviventris,Yellow-bellied Prinia,Aves,Passeriformes
8841,13808,Prinia fluviatilis,River Prinia,Aves,Passeriformes
8842,13809,Prinia gracilis,Graceful Prinia,Aves,Passeriformes
8843,13810,Prinia hodgsonii,Grey-breasted Prinia,Aves,Passeriformes
8844,13811,Prinia hypoxantha,Drakensberg Prinia,Aves,Passeriformes
8845,13812,Prinia inornata,Plain Prinia,Aves,Passeriformes
8846,13813,Prinia lepida,Delicate Prinia,Aves,Passeriformes
8847,13814,Prinia maculosa,Karoo Prinia,Aves,Passeriformes
8848,13815,Prinia melanops,Black-faced Prinia,Aves,Passeriformes
8849,13816,Prinia molleri,Sao Tome Prinia,Aves,Passeriformes
8850,13817,Prinia rocki,Annam Prinia,Aves,Passeriformes
8851,13818,Prinia rufescens,Rufescent Prinia,Aves,Passeriformes
8852,13819,Prinia rufifrons,Red-fronted Prinia,Aves,Passeriformes
8853,13820,Prinia socialis,Ashy Prinia,Aves,Passeriformes
8854,13821,Prinia somalica,Pale Prinia,Aves,Passeriformes
8855,13822,Prinia striata,Striped Prinia,Aves,Passeriformes
8856,13823,Prinia subflava,Tawny-flanked Prinia,Aves,Passeriformes
8857,13824,Prinia superciliaris,Hill Prinia,Aves,Passeriformes
8858,13825,Prinia sylvatica,Jungle Prinia,Aves,Passeriformes
8859,13828,Prionacris erosa,Prionacris erosa,Insecta,Orthoptera
8860,13831,Prioniturus discurus,Blue-crowned Racket-tail,Aves,Psittaciformes
8861,13833,Prioniturus luconensis,Green Racket-tail,Aves,Psittaciformes
8862,13838,Prioniturus platenae,Blue-headed Racket-tail,Aves,Psittaciformes
8863,13839,Prioniturus platurus,Golden-mantled Racket-tail,Aves,Psittaciformes
8864,13841,Prionochilus maculatus,Yellow-breasted Flowerpecker,Aves,Passeriformes
8865,13842,Prionochilus olivaceus,Olive-backed Flowerpecker,Aves,Passeriformes
8866,13843,Prionochilus percussus,Crimson-breasted Flowerpecker,Aves,Passeriformes
8867,13844,Prionochilus plateni,Palawan Flowerpecker,Aves,Passeriformes
8868,13845,Prionochilus thoracicus,Scarlet-breasted Flowerpecker,Aves,Passeriformes
8869,13846,Prionochilus xanthopygius,Yellow-rumped Flowerpecker,Aves,Passeriformes
8870,13847,Prionodura newtoniana,Golden Bowerbird,Aves,Passeriformes
8871,13849,Prionops caniceps,Red-billed Helmetshrike,Aves,Passeriformes
8872,13851,Prionops plumatus,White-crested Helmetshrike,Aves,Passeriformes
8873,13853,Prionops retzii,Retz's Helmetshrike,Aves,Passeriformes
8874,13854,Prionops rufiventris,Rufous-bellied Helmetshrike,Aves,Passeriformes
8875,13855,Prionops scopifrons,Chestnut-fronted Helmetshrike,Aves,Passeriformes
8876,13863,Priotelus roseigaster,Hispaniolan Trogon,Aves,Trogoniformes
8877,13864,Priotelus temnurus,Cuban Trogon,Aves,Trogoniformes
8878,13865,Pristimantis achatinus,Pristimantis achatinus,Amphibia,Anura
8879,13882,Pristimantis espedeus,Pristimantis espedeus,Amphibia,Anura
8880,13883,Pristimantis fenestratus,Pristimantis fenestratus,Amphibia,Anura
8881,13887,Pristimantis labiosus,Pristimantis labiosus,Amphibia,Anura
8882,13895,Pristimantis paisa,Pristimantis paisa,Amphibia,Anura
8883,13903,Pristimantis reichlei,Pristimantis reichlei,Amphibia,Anura
8884,13909,Pristimantis taeniatus,Pristimantis taeniatus,Amphibia,Anura
8885,13910,Pristimantis toftae,Pristimantis toftae,Amphibia,Anura
8886,13912,Pristimantis unistrigatus,Pristimantis unistrigatus,Amphibia,Anura
8887,13921,Pristimantis,Pristimantis,Amphibia,Anura
8888,13924,Probosciger aterrimus,Palm Cockatoo,Aves,Psittaciformes
8889,13926,Procarduelis nipalensis,Dark-breasted Rosefinch,Aves,Passeriformes
8890,13927,Procavia capensis,Rock Hyrax,Mammalia,Hyracoidea
8891,13928,Procellaria aequinoctialis,White-chinned Petrel,Aves,Procellariiformes
8892,13929,Procellaria cinerea,Grey Petrel,Aves,Procellariiformes
8893,13930,Procellaria parkinsoni,Black Petrel,Aves,Procellariiformes
8894,13931,Procellaria westlandica,Westland Petrel,Aves,Procellariiformes
8895,13934,Proceratophrys boiei,Proceratophrys boiei,Amphibia,Anura
8896,13943,Procnias albus,White Bellbird,Aves,Passeriformes
8897,13944,Procnias averano,Bearded Bellbird,Aves,Passeriformes
8898,13945,Procnias nudicollis,Bare-throated Bellbird,Aves,Passeriformes
8899,13946,Procnias tricarunculatus,Three-wattled Bellbird,Aves,Passeriformes
8900,13949,Procyon lotor,common raccoon,Mammalia,Carnivora
8901,13950,Prodotiscus regulus,Brown-backed Honeybird,Aves,Piciformes
8902,13951,Prodotiscus zambesiae,Green-backed Honeybird,Aves,Piciformes
8903,13954,Progne chalybea,Grey-breasted Martin,Aves,Passeriformes
8904,13955,Progne cryptoleuca,Cuban Martin,Aves,Passeriformes
8905,13956,Progne dominicensis,Caribbean Martin,Aves,Passeriformes
8906,13957,Progne elegans,Southern Martin,Aves,Passeriformes
8907,13960,Progne sinaloae,Sinaloa Martin,Aves,Passeriformes
8908,13961,Progne subis,Purple Martin,Aves,Passeriformes
8909,13962,Progne tapera,Brown-chested Martin,Aves,Passeriformes
8910,13967,Promerops cafer,Cape Sugarbird,Aves,Passeriformes
8911,13968,Promerops gurneyi,Gurney's Sugarbird,Aves,Passeriformes
8912,13972,Propithecus diadema,diademed sifaka,Mammalia,Primates
8913,13973,Propithecus edwardsi,Milne-Edwards's Sifaka,Mammalia,Primates
8914,13974,Propithecus verreauxi,Verreaux's sifaka,Mammalia,Primates
8915,13979,Prosobonia parvirostris,Tuamotu Sandpiper,Aves,Charadriiformes
8916,13980,Prosopeia personata,Masked Shining Parrot,Aves,Psittaciformes
8917,13981,Prosopeia splendens,Crimson Shining Parrot,Aves,Psittaciformes
8918,13982,Prosopeia tabuensis,Maroon Shining Parrot,Aves,Psittaciformes
8919,13984,Prosthemadera novaeseelandiae,Tui,Aves,Passeriformes
8920,13986,Protonotaria citrea,Prothonotary Warbler,Aves,Passeriformes
8921,13988,Prunella atrogularis,Black-throated Accentor,Aves,Passeriformes
8922,13989,Prunella collaris,Alpine Accentor,Aves,Passeriformes
8923,13990,Prunella fulvescens,Brown Accentor,Aves,Passeriformes
8924,13991,Prunella himalayana,Altai Accentor,Aves,Passeriformes
8925,13992,Prunella immaculata,Maroon-backed Accentor,Aves,Passeriformes
8926,13993,Prunella koslowi,Kozlov's Accentor,Aves,Passeriformes
8927,13994,Prunella modularis,Dunnock,Aves,Passeriformes
8928,13995,Prunella montanella,Siberian Accentor,Aves,Passeriformes
8929,13996,Prunella ocularis,Radde's Accentor,Aves,Passeriformes
8930,13997,Prunella rubeculoides,Robin Accentor,Aves,Passeriformes
8931,13998,Prunella rubida,Japanese Accentor,Aves,Passeriformes
8932,13999,Prunella strophiata,Rufous-breasted Accentor,Aves,Passeriformes
8933,14006,Psalidoprocne nitens,Square-tailed Saw-wing,Aves,Passeriformes
8934,14008,Psalidoprocne pristoptera,Black Saw-wing,Aves,Passeriformes
8935,14014,Psaltoda aurora,Psaltoda aurora,Insecta,Hemiptera
8936,14015,Psaltoda brachypennis,Psaltoda brachypennis,Insecta,Hemiptera
8937,14016,Psaltoda claripennis,Psaltoda claripennis,Insecta,Hemiptera
8938,14017,Psaltoda flavescens,Psaltoda flavescens,Insecta,Hemiptera
8939,14019,Psaltoda harrisii,Psaltoda harrisii,Insecta,Hemiptera
8940,14021,Psaltoda magnifica,Psaltoda magnifica,Insecta,Hemiptera
8941,14022,Psaltoda moerens,Psaltoda moerens,Insecta,Hemiptera
8942,14023,Psaltoda mossi,Psaltoda mossi,Insecta,Hemiptera
8943,14024,Psaltoda pictibasis,Psaltoda pictibasis,Insecta,Hemiptera
8944,14025,Psaltoda plaga,Psaltoda plaga,Insecta,Hemiptera
8945,14027,Psaltriparus minimus,American Bushtit,Aves,Passeriformes
8946,14028,Psarisomus dalhousiae,Long-tailed Broadbill,Aves,Passeriformes
8947,14029,Psarocolius angustifrons,Russet-backed Oropendola,Aves,Passeriformes
8948,14030,Psarocolius atrovirens,Dusky-green Oropendola,Aves,Passeriformes
8949,14031,Psarocolius bifasciatus,Olive Oropendola,Aves,Passeriformes
8950,14032,Psarocolius cassini,Baudo Oropendola,Aves,Passeriformes
8951,14033,Psarocolius decumanus,Crested Oropendola,Aves,Passeriformes
8952,14034,Psarocolius guatimozinus,Black Oropendola,Aves,Passeriformes
8953,14035,Psarocolius montezuma,Montezuma Oropendola,Aves,Passeriformes
8954,14036,Psarocolius viridis,Green Oropendola,Aves,Passeriformes
8955,14037,Psarocolius wagleri,Chestnut-headed Oropendola,Aves,Passeriformes
8956,14038,Psephotellus chrysopterygius,Golden-shouldered Parrot,Aves,Psittaciformes
8957,14039,Psephotellus dissimilis,Hooded Parrot,Aves,Psittaciformes
8958,14040,Psephotellus varius,Mulga Parrot,Aves,Psittaciformes
8959,14042,Psephotus haematonotus,Red-rumped Parrot,Aves,Psittaciformes
8960,14044,Pseudacris brachyphona,Mountain Chorus Frog,Amphibia,Anura
8961,14045,Pseudacris brimleyi,Brimley's Chorus Frog,Amphibia,Anura
8962,14046,Pseudacris cadaverina,Pseudacris cadaverina,Amphibia,Anura
8963,14047,Pseudacris clarkii,Spotted Chorus Frog,Amphibia,Anura
8964,14048,Pseudacris collinsorum,Pseudacris collinsorum,Amphibia,Anura
8965,14049,Pseudacris crucifer,Spring Peeper,Amphibia,Anura
8966,14050,Pseudacris feriarum,Upland Chorus Frog,Amphibia,Anura
8967,14051,Pseudacris fouquettei,Cajun Chorus Frog,Amphibia,Anura
8968,14054,Pseudacris kalmi,Pseudacris kalmi,Amphibia,Anura
8969,14055,Pseudacris maculata,Boreal Chorus Frog,Amphibia,Anura
8970,14056,Pseudacris nigrita,Southern Chorus Frog,Amphibia,Anura
8971,14057,Pseudacris ocularis,Little Grass Frog,Amphibia,Anura
8972,14058,Pseudacris ornata,Ornate Chorus Frog,Amphibia,Anura
8973,14060,Pseudacris streckeri,Strecker's Chorus Frog,Amphibia,Anura
8974,14061,Pseudacris triseriata,Striped Chorus Frog,Amphibia,Anura
8975,14063,Spizocorys fremantlii,Short-tailed Lark,Aves,Passeriformes
8976,14064,Pseudelaenia leucospodia,Grey-and-white Tyrannulet,Aves,Passeriformes
8977,14065,Pseudeos fuscata,Dusky Lory,Aves,Psittaciformes
8978,14066,Pseudhirundo griseopyga,Grey-rumped Swallow,Aves,Passeriformes
8979,14067,Pseudibis davisoni,White-shouldered Ibis,Aves,Pelecaniformes
8980,14068,Pseudibis gigantea,Giant Ibis,Aves,Pelecaniformes
8981,14069,Pseudibis papillosa,Red-naped Ibis,Aves,Pelecaniformes
8982,14072,Pseudis minuta,Pseudis minuta,Amphibia,Anura
8983,14073,Pseudis paradoxa,Pseudis paradoxa,Amphibia,Anura
8984,14074,Pseudis platensis,Pseudis platensis,Amphibia,Anura
8985,14075,Sylvia abyssinica,African Hill Babbler,Aves,Passeriformes
8986,14076,Sylvia atriceps,Rwenzori Hill Babbler,Aves,Passeriformes
8987,14077,Pseudobias wardi,Ward's Flycatcher,Aves,Passeriformes
8988,14081,Pseudocheirus peregrinus,Common Ringtail,Mammalia,Diprotodontia
8989,14082,Pseudochelidon eurystomina,African River Martin,Aves,Passeriformes
8990,14083,Pseudochorthippus curtipennis,Pseudochorthippus curtipennis,Insecta,Orthoptera
8991,14084,Pseudochorthippus montanus,Pseudochorthippus montanus,Insecta,Orthoptera
8992,14085,Pseudocolaptes boissonneautii,Streaked Tuftedcheek,Aves,Passeriformes
8993,14086,Pseudocolaptes johnsoni,Pacific Tuftedcheek,Aves,Passeriformes
8994,14087,Pseudocolaptes lawrencii,Buffy Tuftedcheek,Aves,Passeriformes
8995,14088,Pseudocolopteryx acutipennis,Subtropical Doradito,Aves,Passeriformes
8996,14089,Pseudocolopteryx citreola,Ticking Doradito,Aves,Passeriformes
8997,14090,Pseudocolopteryx dinelliana,Dinelli's Doradito,Aves,Passeriformes
8998,14091,Pseudocolopteryx flaviventris,Warbling Doradito,Aves,Passeriformes
8999,14092,Pseudocolopteryx sclateri,Crested Doradito,Aves,Passeriformes
9000,14095,Pseudoleistes guirahuro,Yellow-rumped Marshbird,Aves,Passeriformes
9001,14096,Pseudoleistes virescens,Brown-and-yellow Marshbird,Aves,Passeriformes
9002,14098,Pseudonestor xanthophrys,Maui Parrotbill,Aves,Passeriformes
9003,14099,Pseudonigrita arnaudi,Grey-capped Social Weaver,Aves,Passeriformes
9004,14100,Pseudonigrita cabanisi,Black-capped Social Weaver,Aves,Passeriformes
9005,14106,Pseudopaludicola falcipes,Pseudopaludicola falcipes,Amphibia,Anura
9006,14112,Pseudopaludicola pocoto,Pseudopaludicola pocoto,Amphibia,Anura
9007,14121,Pseudophilautus wynaadensis,Pseudophilautus wynaadensis,Amphibia,Anura
9008,14123,Pseudophryne australis,Pseudophryne australis,Amphibia,Anura
9009,14124,Pseudophryne bibronii,Pseudophryne bibronii,Amphibia,Anura
9010,14125,Pseudophryne coriacea,Pseudophryne coriacea,Amphibia,Anura
9011,14128,Pseudophryne major,Pseudophryne major,Amphibia,Anura
9012,14129,Pseudophryne raveni,Pseudophryne raveni,Amphibia,Anura
9013,14131,Pseudophryne semimarmorata,Pseudophryne semimarmorata,Amphibia,Anura
9014,14133,Pseudophyllus hercules,Pseudophyllus hercules,Insecta,Orthoptera
9015,14135,Pseudopodoces humilis,Ground Tit,Aves,Passeriformes
9016,14137,Pseudorca crassidens,false killer whale,Mammalia,Cetacea
9017,14138,Pseudorectes ferrugineus,Rusty Pitohui,Aves,Passeriformes
9018,14141,Pseudorhynchus lessonii,Pseudorhynchus lessonii,Insecta,Orthoptera
9019,14142,Pseudosaltator rufiventris,Rufous-bellied Mountain Tanager,Aves,Passeriformes
9020,14143,Pseudoseisura cristata,Caatinga Cacholote,Aves,Passeriformes
9021,14144,Pseudoseisura gutturalis,White-throated Cacholote,Aves,Passeriformes
9022,14145,Pseudoseisura lophotes,Brown Cacholote,Aves,Passeriformes
9023,14146,Pseudoseisura unirufa,Grey-crested Cacholote,Aves,Passeriformes
9024,14147,Pseudospingus verticalis,Black-headed Hemispingus,Aves,Passeriformes
9025,14148,Pseudospingus xanthophthalmus,Drab Hemispingus,Aves,Passeriformes
9026,14150,Pseudotriccus pelzelni,Bronze-olive Pygmy Tyrant,Aves,Passeriformes
9027,14151,Pseudotriccus ruficeps,Rufous-headed Pygmy Tyrant,Aves,Passeriformes
9028,14152,Pseudotriccus simplex,Hazel-fronted Pygmy Tyrant,Aves,Passeriformes
9029,14155,Psilopogon annamensis,Indochinese Barbet,Aves,Piciformes
9030,14156,Psilopogon armillaris,Flame-fronted Barbet,Aves,Piciformes
9031,14157,Psilopogon asiaticus,Blue-throated Barbet,Aves,Piciformes
9032,14158,Psilopogon auricularis,Necklaced Barbet,Aves,Piciformes
9033,14159,Psilopogon australis,Yellow-eared Barbet,Aves,Piciformes
9034,14161,Psilopogon chrysopogon,Golden-whiskered Barbet,Aves,Piciformes
9035,14162,Psilopogon corvinus,Brown-throated Barbet,Aves,Piciformes
9036,14163,Psilopogon cyanotis,Blue-eared Barbet,Aves,Piciformes
9037,14164,Psilopogon duvaucelii,Black-eared Barbet,Aves,Piciformes
9038,14165,Psilopogon eximius,Bornean Barbet,Aves,Piciformes
9039,14166,Psilopogon faber,Chinese Barbet,Aves,Piciformes
9040,14167,Psilopogon faiostrictus,Green-eared Barbet,Aves,Piciformes
9041,14168,Psilopogon flavifrons,Yellow-fronted Barbet,Aves,Piciformes
9042,14169,Psilopogon franklinii,Golden-throated Barbet,Aves,Piciformes
9043,14170,Psilopogon henricii,Yellow-crowned Barbet,Aves,Piciformes
9044,14171,Psilopogon incognitus,Moustached Barbet,Aves,Piciformes
9045,14172,Psilopogon javensis,Black-banded Barbet,Aves,Piciformes
9046,14173,Psilopogon lagrandieri,Red-vented Barbet,Aves,Piciformes
9047,14174,Psilopogon lineatus,Lineated Barbet,Aves,Piciformes
9048,14175,Psilopogon malabaricus,Malabar Barbet,Aves,Piciformes
9049,14176,Psilopogon monticola,Mountain Barbet,Aves,Piciformes
9050,14177,Psilopogon mystacophanos,Red-throated Barbet,Aves,Piciformes
9051,14178,Psilopogon nuchalis,Taiwan Barbet,Aves,Piciformes
9052,14179,Psilopogon oorti,Black-browed Barbet,Aves,Piciformes
9053,14180,Psilopogon pulcherrimus,Golden-naped Barbet,Aves,Piciformes
9054,14181,Psilopogon pyrolophus,Fire-tufted Barbet,Aves,Piciformes
9055,14182,Psilopogon rafflesii,Red-crowned Barbet,Aves,Piciformes
9056,14183,Psilopogon rubricapillus,Crimson-fronted Barbet,Aves,Piciformes
9057,14184,Psilopogon viridis,White-cheeked Barbet,Aves,Piciformes
9058,14185,Psilopsiagon aurifrons,Mountain Parakeet,Aves,Psittaciformes
9059,14186,Psilopsiagon aymara,Grey-hooded Parakeet,Aves,Psittaciformes
9060,14187,Psilorhamphus guttatus,Spotted Bamboowren,Aves,Passeriformes
9061,14188,Psiloscops flammeolus,Flammulated Owl,Aves,Strigiformes
9062,14189,Psittacella brehmii,Brehm's Tiger Parrot,Aves,Psittaciformes
9063,14192,Psittacella picta,Painted Tiger Parrot,Aves,Psittaciformes
9064,14193,Psittacula alexandri,Red-breasted Parakeet,Aves,Psittaciformes
9065,14194,Psittacula calthrapae,Layard's Parakeet,Aves,Psittaciformes
9066,14195,Psittacula caniceps,Nicobar Parakeet,Aves,Psittaciformes
9067,14196,Psittacula columboides,Blue-winged Parakeet,Aves,Psittaciformes
9068,14197,Psittacula cyanocephala,Plum-headed Parakeet,Aves,Psittaciformes
9069,14198,Psittacula derbiana,Lord Derby's Parakeet,Aves,Psittaciformes
9070,14199,Psittacula eques,Echo Parakeet,Aves,Psittaciformes
9071,14200,Psittacula eupatria,Alexandrine Parakeet,Aves,Psittaciformes
9072,14201,Psittacula finschii,Grey-headed Parakeet,Aves,Psittaciformes
9073,14202,Psittacula himalayana,Slaty-headed Parakeet,Aves,Psittaciformes
9074,14203,Psittacula krameri,Rose-ringed Parakeet,Aves,Psittaciformes
9075,14204,Psittacula longicauda,Long-tailed Parakeet,Aves,Psittaciformes
9076,14205,Psittacula roseata,Blossom-headed Parakeet,Aves,Psittaciformes
9077,14209,Psittacus erithacus,Grey Parrot,Aves,Psittaciformes
9078,14210,Psittacus timneh,Timneh Parrot,Aves,Psittaciformes
9079,14214,Psitteuteles porphyrocephalus,Purple-crowned Lorikeet,Aves,Psittaciformes
9080,14215,Psitteuteles pusillus,Little Lorikeet,Aves,Psittaciformes
9081,14216,Psitteuteles versicolor,Varied Lorikeet,Aves,Psittaciformes
9082,14218,Psittinus cyanurus,Blue-rumped Parrot,Aves,Psittaciformes
9083,14219,Psittirostra psittacea,Ou,Aves,Passeriformes
9084,14220,Psittrichas fulgidus,Pesquet's Parrot,Aves,Psittaciformes
9085,14222,Psophia crepitans,Grey-winged Trumpeter,Aves,Gruiformes
9086,14223,Psophia leucoptera,Pale-winged Trumpeter,Aves,Gruiformes
9087,14224,Psophia viridis,Dark-winged Trumpeter,Aves,Gruiformes
9088,14225,Turdus litsitsirupa,Groundscraper Thrush,Aves,Passeriformes
9089,14227,Turdus simensis,Ethiopian Thrush,Aves,Passeriformes
9090,14228,Psophodes cristatus,Chirruping Wedgebill,Aves,Passeriformes
9091,14229,Psophodes leucogaster,White-bellied Whipbird,Aves,Passeriformes
9092,14230,Psophodes nigrogularis,Black-throated Whipbird,Aves,Passeriformes
9093,14231,Psophodes occidentalis,Chiming Wedgebill,Aves,Passeriformes
9094,14232,Psophodes olivaceus,Eastern Whipbird,Aves,Passeriformes
9095,14233,Psophus stridulus,Psophus stridulus,Insecta,Orthoptera
9096,14237,Psorodonotus illyricus,Psorodonotus illyricus,Insecta,Orthoptera
9097,14238,Psorodonotus macedonicus,Psorodonotus macedonicus,Insecta,Orthoptera
9098,14242,Ptenopus garrulus,Ptenopus garrulus,Reptilia,Squamata
9099,14245,Pteridophora alberti,King of Saxony Bird-of-paradise,Aves,Passeriformes
9100,14246,Pternistis adspersus,Red-billed Spurfowl,Aves,Galliformes
9101,14247,Pternistis afer,Red-necked Spurfowl,Aves,Galliformes
9102,14248,Pternistis ahantensis,Ahanta Spurfowl,Aves,Galliformes
9103,14250,Pternistis bicalcaratus,Double-spurred Spurfowl,Aves,Galliformes
9104,14252,Pternistis capensis,Cape Spurfowl,Aves,Galliformes
9105,14253,Pternistis castaneicollis,Chestnut-naped Spurfowl,Aves,Galliformes
9106,14254,Pternistis clappertoni,Clapperton's Spurfowl,Aves,Galliformes
9107,14255,Pternistis erckelii,Erckel's Spurfowl,Aves,Galliformes
9108,14257,Pternistis hartlaubi,Hartlaub's Spurfowl,Aves,Galliformes
9109,14258,Pternistis harwoodi,Harwood's Spurfowl,Aves,Galliformes
9110,14259,Pternistis hildebrandti,Hildebrandt's Spurfowl,Aves,Galliformes
9111,14260,Pternistis icterorhynchus,Heuglin's Spurfowl,Aves,Galliformes
9112,14261,Pternistis jacksoni,Jackson's Spurfowl,Aves,Galliformes
9113,14262,Pternistis leucoscepus,Yellow-necked Spurfowl,Aves,Galliformes
9114,14263,Pternistis natalensis,Natal Spurfowl,Aves,Galliformes
9115,14264,Pternistis nobilis,Handsome Spurfowl,Aves,Galliformes
9116,14267,Pternistis squamatus,Scaly Spurfowl,Aves,Galliformes
9117,14268,Pternistis swainsonii,Swainson's Spurfowl,Aves,Galliformes
9118,14269,Pternistis swierstrai,Swierstra's Spurfowl,Aves,Galliformes
9119,14270,Pterocles alchata,Pin-tailed Sandgrouse,Aves,Pteroclidiformes
9120,14271,Pterocles bicinctus,Double-banded Sandgrouse,Aves,Pteroclidiformes
9121,14272,Pterocles burchelli,Burchell's Sandgrouse,Aves,Pteroclidiformes
9122,14273,Pterocles coronatus,Crowned Sandgrouse,Aves,Pteroclidiformes
9123,14274,Pterocles decoratus,Black-faced Sandgrouse,Aves,Pteroclidiformes
9124,14275,Pterocles exustus,Chestnut-bellied Sandgrouse,Aves,Pteroclidiformes
9125,14276,Pterocles gutturalis,Yellow-throated Sandgrouse,Aves,Pteroclidiformes
9126,14277,Pterocles indicus,Painted Sandgrouse,Aves,Pteroclidiformes
9127,14278,Pterocles lichtensteinii,Lichtenstein's Sandgrouse,Aves,Pteroclidiformes
9128,14279,Pterocles namaqua,Namaqua Sandgrouse,Aves,Pteroclidiformes
9129,14280,Pterocles orientalis,Black-bellied Sandgrouse,Aves,Pteroclidiformes
9130,14281,Pterocles personatus,Madagascar Sandgrouse,Aves,Pteroclidiformes
9131,14282,Pterocles quadricinctus,Four-banded Sandgrouse,Aves,Pteroclidiformes
9132,14283,Pterocles senegallus,Spotted Sandgrouse,Aves,Pteroclidiformes
9133,14289,Pterodroma cahow,Bermuda Petrel,Aves,Procellariiformes
9134,14291,Pterodroma cookii,Cook's Petrel,Aves,Procellariiformes
9135,14296,Pterodroma gouldi,Grey-faced Petrel,Aves,Procellariiformes
9136,14298,Pterodroma heraldica,Herald Petrel,Aves,Procellariiformes
9137,14299,Pterodroma hypoleuca,Bonin Petrel,Aves,Procellariiformes
9138,14301,Pterodroma inexpectata,Mottled Petrel,Aves,Procellariiformes
9139,14304,Pterodroma madeira,Zino's Petrel,Aves,Procellariiformes
9140,14305,Pterodroma magentae,Magenta Petrel,Aves,Procellariiformes
9141,14306,Pterodroma mollis,Soft-plumaged Petrel,Aves,Procellariiformes
9142,14307,Pterodroma neglecta,Kermadec Petrel,Aves,Procellariiformes
9143,14308,Pterodroma nigripennis,Black-winged Petrel,Aves,Procellariiformes
9144,14309,Pterodroma phaeopygia,Galapagos Petrel,Aves,Procellariiformes
9145,14311,Pterodroma sandwichensis,Hawaiian Petrel,Aves,Procellariiformes
9146,14314,Pteroglossus aracari,Black-necked Aracari,Aves,Piciformes
9147,14315,Pteroglossus azara,Ivory-billed Aracari,Aves,Piciformes
9148,14316,Pteroglossus bailloni,Saffron Toucanet,Aves,Piciformes
9149,14317,Pteroglossus beauharnaisii,Curl-crested Aracari,Aves,Piciformes
9150,14318,Pteroglossus bitorquatus,Red-necked Aracari,Aves,Piciformes
9151,14319,Pteroglossus castanotis,Chestnut-eared Aracari,Aves,Piciformes
9152,14320,Pteroglossus erythropygius,Pale-mandibled Aracari,Aves,Piciformes
9153,14321,Pteroglossus frantzii,Fiery-billed Aracari,Aves,Piciformes
9154,14322,Pteroglossus inscriptus,Lettered Aracari,Aves,Piciformes
9155,14323,Pteroglossus mariae,Brown-mandibled Aracari,Aves,Piciformes
9156,14324,Pteroglossus pluricinctus,Many-banded Aracari,Aves,Piciformes
9157,14325,Pteroglossus sanguineus,Stripe-billed Aracari,Aves,Piciformes
9158,14326,Pteroglossus torquatus,Collared Aracari,Aves,Piciformes
9159,14327,Pteroglossus viridis,Green Aracari,Aves,Piciformes
9160,14332,Pterolepis spoliata,Pterolepis spoliata,Insecta,Orthoptera
9161,14335,Pteronemobius heydenii,Pteronemobius heydenii,Insecta,Orthoptera
9162,14337,Pteronemobius lineolatus,Pteronemobius lineolatus,Insecta,Orthoptera
9163,14340,Pteronemobius truncatus,Pteronemobius truncatus,Insecta,Orthoptera
9164,14351,Pteronura brasiliensis,Giant Otter,Mammalia,Carnivora
9165,14352,Pterophanes cyanopterus,Great Sapphirewing,Aves,Apodiformes
9166,14353,Pterophylla camellifolia,Common True Katydid,Insecta,Orthoptera
9167,14355,Pteroptochos castaneus,Chestnut-throated Huet-huet,Aves,Passeriformes
9168,14356,Pteroptochos megapodius,Moustached Turca,Aves,Passeriformes
9169,14357,Pteroptochos tarnii,Black-throated Huet-huet,Aves,Passeriformes
9170,14358,Pteropus alecto,black flying fox,Mammalia,Chiroptera
9171,14359,Pteropus conspicillatus,spectacled flying fox,Mammalia,Chiroptera
9172,14360,Pteropus giganteus,Pteropus giganteus,Mammalia,Chiroptera
9173,14364,Pteropus poliocephalus,Pteropus poliocephalus,Mammalia,Chiroptera
9174,14366,Pteropus rufus,Madagascan flying fox,Mammalia,Chiroptera
9175,14367,Pteropus scapulatus,little red flying fox,Mammalia,Chiroptera
9176,14371,Pterorhinus sannio,White-browed Laughingthrush,Aves,Passeriformes
9177,14372,Pterorhinus woodi,Mount Victoria Babax,Aves,Passeriformes
9178,14374,Pteruthius aenobarbus,Trilling Shrike-babbler,Aves,Passeriformes
9179,14375,Pteruthius aeralatus,White-browed Shrike-babbler,Aves,Passeriformes
9180,14376,Pteruthius annamensis,Pteruthius annamensis,Aves,Passeriformes
9181,14377,Pteruthius flaviscapis,Pied Shrike-babbler,Aves,Passeriformes
9182,14378,Pteruthius intermedius,Clicking Shrike-babbler,Aves,Passeriformes
9183,14379,Pteruthius melanotis,Black-eared Shrike-babbler,Aves,Passeriformes
9184,14380,Pteruthius ripleyi,Pteruthius ripleyi,Aves,Passeriformes
9185,14381,Pteruthius rufiventer,Black-headed Shrike-babbler,Aves,Passeriformes
9186,14382,Pteruthius xanthochlorus,Green Shrike-babbler,Aves,Passeriformes
9187,14384,Ptilinopus alligator,Black-banded Fruit Dove,Aves,Columbiformes
9188,14385,Ptilinopus aurantiifrons,Orange-fronted Fruit Dove,Aves,Columbiformes
9189,14386,Ptilinopus bernsteinii,Scarlet-breasted Fruit Dove,Aves,Columbiformes
9190,14388,Ptilinopus chrysogaster,Raiatea Fruit Dove,Aves,Columbiformes
9191,14389,Ptilinopus cinctus,Banded Fruit Dove,Aves,Columbiformes
9192,14391,Ptilinopus coronulatus,Coroneted Fruit Dove,Aves,Columbiformes
9193,14392,Ptilinopus dohertyi,Red-naped Fruit Dove,Aves,Columbiformes
9194,14393,Ptilinopus dupetithouarsii,White-capped Fruit Dove,Aves,Columbiformes
9195,14394,Ptilinopus epius,Oberholser's Fruit Dove,Aves,Columbiformes
9196,14396,Ptilinopus fischeri,Red-eared Fruit Dove,Aves,Columbiformes
9197,14398,Ptilinopus greyi,Red-bellied Fruit Dove,Aves,Columbiformes
9198,14403,Ptilinopus insolitus,Knob-billed Fruit Dove,Aves,Columbiformes
9199,14405,Ptilinopus iozonus,Orange-bellied Fruit Dove,Aves,Columbiformes
9200,14406,Ptilinopus jambu,Jambu Fruit Dove,Aves,Columbiformes
9201,14407,Ptilinopus layardi,Whistling Dove,Aves,Columbiformes
9202,14408,Ptilinopus leclancheri,Black-chinned Fruit Dove,Aves,Columbiformes
9203,14409,Ptilinopus luteovirens,Golden Dove,Aves,Columbiformes
9204,14410,Ptilinopus magnificus,Wompoo Fruit Dove,Aves,Columbiformes
9205,14411,Ptilinopus mangoliensis,Sula Fruit Dove,Aves,Columbiformes
9206,14412,Ptilinopus marchei,Flame-breasted Fruit Dove,Aves,Columbiformes
9207,14413,Ptilinopus melanospilus,Black-naped Fruit Dove,Aves,Columbiformes
9208,14414,Ptilinopus merrilli,Cream-breasted Fruit Dove,Aves,Columbiformes
9209,14415,Ptilinopus monacha,Blue-capped Fruit Dove,Aves,Columbiformes
9210,14416,Ptilinopus nainus,Dwarf Fruit Dove,Aves,Columbiformes
9211,14417,Ptilinopus occipitalis,Yellow-breasted Fruit Dove,Aves,Columbiformes
9212,14419,Ptilinopus pelewensis,Palau Fruit Dove,Aves,Columbiformes
9213,14420,Ptilinopus perlatus,Pink-spotted Fruit Dove,Aves,Columbiformes
9214,14421,Ptilinopus perousii,Many-colored Fruit Dove,Aves,Columbiformes
9215,14422,Ptilinopus ponapensis,Purple-capped Fruit Dove,Aves,Columbiformes
9216,14423,Ptilinopus porphyraceus,Crimson-crowned Fruit Dove,Aves,Columbiformes
9217,14424,Ptilinopus porphyreus,Pink-headed Fruit Dove,Aves,Columbiformes
9218,14425,Ptilinopus pulchellus,Beautiful Fruit Dove,Aves,Columbiformes
9219,14428,Ptilinopus regina,Rose-crowned Fruit Dove,Aves,Columbiformes
9220,14430,Ptilinopus rivoli,White-bibbed Fruit Dove,Aves,Columbiformes
9221,14431,Ptilinopus roseicapilla,Mariana Fruit Dove,Aves,Columbiformes
9222,14432,Ptilinopus solomonensis,Yellow-bibbed Fruit Dove,Aves,Columbiformes
9223,14433,Ptilinopus speciosus,Geelvink Fruit Dove,Aves,Columbiformes
9224,14434,Ptilinopus subgularis,Banggai Fruit Dove,Aves,Columbiformes
9225,14435,Ptilinopus superbus,Superb Fruit Dove,Aves,Columbiformes
9226,14436,Ptilinopus tannensis,Tanna Fruit Dove,Aves,Columbiformes
9227,14437,Ptilinopus victor,Orange Dove,Aves,Columbiformes
9228,14438,Ptilinopus viridis,Claret-breasted Fruit Dove,Aves,Columbiformes
9229,14439,Ptilinopus wallacii,Wallace's Fruit Dove,Aves,Columbiformes
9230,14440,Ptiliogonys caudatus,Long-tailed Silky-flycatcher,Aves,Passeriformes
9231,14441,Ptiliogonys cinereus,Grey Silky-flycatcher,Aves,Passeriformes
9232,14442,Ptilocichla falcata,Falcated Wren-Babbler,Aves,Passeriformes
9233,14443,Ptilocichla leucogrammica,Bornean Wren-Babbler,Aves,Passeriformes
9234,14444,Ptilocichla mindanensis,Striated Wren-Babbler,Aves,Passeriformes
9235,14445,Ptilonorhynchus violaceus,Satin Bowerbird,Aves,Passeriformes
9236,14446,Ptilopachus nahani,Nahan's Partridge,Aves,Galliformes
9237,14447,Ptilopachus petrosus,Stone Partridge,Aves,Galliformes
9238,14449,Ptiloprora guisei,Rufous-backed Honeyeater,Aves,Passeriformes
9239,14452,Ptiloprora perstriata,Grey-streaked Honeyeater,Aves,Passeriformes
9240,14453,Ptilopsis granti,Southern White-faced Owl,Aves,Strigiformes
9241,14454,Ptilopsis leucotis,Northern White-faced Owl,Aves,Strigiformes
9242,14455,Ptiloris intercedens,Growling Riflebird,Aves,Passeriformes
9243,14456,Ptiloris magnificus,Magnificent Riflebird,Aves,Passeriformes
9244,14457,Ptiloris paradiseus,Paradise Riflebird,Aves,Passeriformes
9245,14458,Ptiloris victoriae,Victoria's Riflebird,Aves,Passeriformes
9246,14459,Ptilorrhoa caerulescens,Blue Jewel-babbler,Aves,Passeriformes
9247,14460,Ptilorrhoa castanonota,Chestnut-backed Jewel-babbler,Aves,Passeriformes
9248,14462,Ptilorrhoa leucosticta,Spotted Jewel-babbler,Aves,Passeriformes
9249,14463,Ptilostomus afer,Piapiac,Aves,Passeriformes
9250,14464,Ptilotula flavescens,Yellow-tinted Honeyeater,Aves,Passeriformes
9251,14465,Ptilotula fusca,Fuscous Honeyeater,Aves,Passeriformes
9252,14466,Ptilotula keartlandi,Grey-headed Honeyeater,Aves,Passeriformes
9253,14467,Ptilotula ornata,Yellow-plumed Honeyeater,Aves,Passeriformes
9254,14468,Ptilotula penicillata,White-plumed Honeyeater,Aves,Passeriformes
9255,14469,Ptilotula plumula,Grey-fronted Honeyeater,Aves,Passeriformes
9256,14471,Ptychadena anchietae,Ptychadena anchietae,Amphibia,Anura
9257,14475,Ptychadena mossambica,Ptychadena mossambica,Amphibia,Anura
9258,14476,Ptychadena nilotica,Ptychadena nilotica,Amphibia,Anura
9259,14489,Ptychoramphus aleuticus,Cassin's Auklet,Aves,Charadriiformes
9260,14491,Ptyonoprogne concolor,Dusky Crag Martin,Aves,Passeriformes
9261,14492,Ptyonoprogne fuligula,Large Rock Martin,Aves,Passeriformes
9262,14493,Ptyonoprogne obsoleta,Pale Crag Martin,Aves,Passeriformes
9263,14494,Ptyonoprogne rupestris,Eurasian Crag Martin,Aves,Passeriformes
9264,14495,Pucrasia macrolopha,Koklass Pheasant,Aves,Galliformes
9265,14496,Puffinus assimilis,Little Shearwater,Aves,Procellariiformes
9266,14497,Puffinus auricularis,Townsend's Shearwater,Aves,Procellariiformes
9267,14498,Puffinus bailloni,Tropical Shearwater,Aves,Procellariiformes
9268,14499,Puffinus baroli,Barolo Shearwater,Aves,Procellariiformes
9269,14500,Puffinus boydi,Boyd's Shearwater,Aves,Procellariiformes
9270,14501,Puffinus gavia,Fluttering Shearwater,Aves,Procellariiformes
9271,14503,Puffinus lherminieri,Sargasso Shearwater,Aves,Procellariiformes
9272,14504,Puffinus mauretanicus,Balearic Shearwater,Aves,Procellariiformes
9273,14506,Puffinus newelli,Newell's Shearwater,Aves,Procellariiformes
9274,14507,Puffinus opisthomelas,Black-vented Shearwater,Aves,Procellariiformes
9275,14509,Puffinus puffinus,Manx Shearwater,Aves,Procellariiformes
9276,14510,Puffinus subalaris,Galapagos Shearwater,Aves,Procellariiformes
9277,14511,Puffinus yelkouan,Yelkouan Shearwater,Aves,Procellariiformes
9278,14517,Pulsatrix koeniswaldiana,Tawny-browed Owl,Aves,Strigiformes
9279,14518,Pulsatrix melanota,Band-bellied Owl,Aves,Strigiformes
9280,14519,Pulsatrix perspicillata,Spectacled Owl,Aves,Strigiformes
9281,14520,Puma concolor,Cougar,Mammalia,Carnivora
9282,14527,Purana usnani,Purana usnani,Insecta,Hemiptera
9283,14529,Purnella albifrons,White-fronted Honeyeater,Aves,Passeriformes
9284,14530,Purpureicephalus spurius,Red-capped Parrot,Aves,Psittaciformes
9285,14534,Pycnogaster cucullatus,Pycnogaster cucullatus,Insecta,Orthoptera
9286,14537,Pycnogaster inermis,Pycnogaster inermis,Insecta,Orthoptera
9287,14538,Pycnogaster jugicola,Pycnogaster jugicola,Insecta,Orthoptera
9288,14542,Pycnonotus aurigaster,Sooty-headed Bulbul,Aves,Passeriformes
9289,14543,Pycnonotus barbatus,Common Bulbul,Aves,Passeriformes
9290,14544,Pycnonotus bimaculatus,Orange-spotted Bulbul,Aves,Passeriformes
9291,14545,Pycnonotus blanfordi,Ayeyarwady Bulbul,Aves,Passeriformes
9292,14546,Pycnonotus conradi,Streak-eared Bulbul,Aves,Passeriformes
9293,14547,Pycnonotus brunneus,Asian Red-eyed Bulbul,Aves,Passeriformes
9294,14548,Pycnonotus cafer,Red-vented Bulbul,Aves,Passeriformes
9295,14549,Pycnonotus capensis,Cape Bulbul,Aves,Passeriformes
9296,14550,Pycnonotus cinereifrons,Ashy-fronted Bulbul,Aves,Passeriformes
9297,14551,Rubigula dispar,Ruby-throated Bulbul,Aves,Passeriformes
9298,14552,Pycnonotus dodsoni,Dodson's Bulbul,Aves,Passeriformes
9299,14553,Pycnonotus finlaysoni,Stripe-throated Bulbul,Aves,Passeriformes
9300,14554,Pycnonotus flavescens,Flavescent Bulbul,Aves,Passeriformes
9301,14555,Pycnonotus leucops,Pale-faced Bulbul,Aves,Passeriformes
9302,14556,Rubigula flaviventris,Black-crested Bulbul,Aves,Passeriformes
9303,14557,Pycnonotus goiavier,Yellow-vented Bulbul,Aves,Passeriformes
9304,14558,Rubigula gularis,Flame-throated Bulbul,Aves,Passeriformes
9305,14559,Pycnonotus jocosus,Red-whiskered Bulbul,Aves,Passeriformes
9306,14560,Pycnonotus leucogenys,Himalayan Bulbul,Aves,Passeriformes
9307,14561,Pycnonotus leucotis,White-eared Bulbul,Aves,Passeriformes
9308,14562,Pycnonotus luteolus,White-browed Bulbul,Aves,Passeriformes
9309,14563,Rubigula melanictera,Black-capped Bulbul,Aves,Passeriformes
9310,14565,Rubigula montis,Bornean Bulbul,Aves,Passeriformes
9311,14566,Pycnonotus nigricans,African Red-eyed Bulbul,Aves,Passeriformes
9312,14567,Pycnonotus penicillatus,Yellow-eared Bulbul,Aves,Passeriformes
9313,14568,Pycnonotus plumosus,Olive-winged Bulbul,Aves,Passeriformes
9314,14570,Pycnonotus simplex,Cream-vented Bulbul,Aves,Passeriformes
9315,14571,Pycnonotus sinensis,Light-vented Bulbul,Aves,Passeriformes
9316,14572,Pycnonotus somaliensis,Somali Bulbul,Aves,Passeriformes
9317,14573,Pycnonotus taivanus,Styan's Bulbul,Aves,Passeriformes
9318,14574,Pycnonotus tricolor,Dark-capped Bulbul,Aves,Passeriformes
9319,14576,Pycnonotus xantholaemus,Yellow-throated Bulbul,Aves,Passeriformes
9320,14577,Pycnonotus xanthopygos,White-spectacled Bulbul,Aves,Passeriformes
9321,14578,Pycnonotus xanthorrhous,Brown-breasted Bulbul,Aves,Passeriformes
9322,14579,Pycnonotus zeylanicus,Straw-headed Bulbul,Aves,Passeriformes
9323,14581,Pycnoptilus floccosus,Pilotbird,Aves,Passeriformes
9324,14582,Pycnopygius cinereus,Marbled Honeyeater,Aves,Passeriformes
9325,14584,Pycnopygius stictocephalus,Streak-headed Honeyeater,Aves,Passeriformes
9326,14585,Pygarrhichas albogularis,White-throated Treerunner,Aves,Passeriformes
9327,14587,Pygiptila stellaris,Spot-winged Antshrike,Aves,Passeriformes
9328,14588,Pygoscelis adeliae,Adelie Penguin,Aves,Sphenisciformes
9329,14589,Pygoscelis antarcticus,Chinstrap Penguin,Aves,Sphenisciformes
9330,14590,Pygoscelis papua,Gentoo Penguin,Aves,Sphenisciformes
9331,14593,Pyrenestes ostrinus,Black-bellied Seedcracker,Aves,Passeriformes
9332,14594,Pyrgilauda davidiana,Pere David's Snowfinch,Aves,Passeriformes
9333,14595,Pyrgilauda ruficollis,Rufous-necked Snowfinch,Aves,Passeriformes
9334,14597,Pyrgocorypha uncinata,Hook-faced Conehead,Insecta,Orthoptera
9335,14598,Pyriglena atra,Fringe-backed Fire-eye,Aves,Passeriformes
9336,14599,Pyriglena leuconota,East Amazonian Fire-eye,Aves,Passeriformes
9337,14600,Pyriglena maura,Western Fire-eye,Aves,Passeriformes
9338,14601,Pyriglena leucoptera,White-shouldered Fire-eye,Aves,Passeriformes
9339,14602,Pyriglena similis,Tapajos Fire-eye,Aves,Passeriformes
9340,14603,Pyrocephalus nanus,Darwin's Flycatcher,Aves,Passeriformes
9341,14604,Pyrocephalus rubinus,Scarlet Flycatcher,Aves,Passeriformes
9342,14605,Pyrocephalus obscurus,Vermilion Flycatcher,Aves,Passeriformes
9343,14606,Pyroderus scutatus,Red-ruffed Fruitcrow,Aves,Passeriformes
9344,14607,Pyrope pyrope,Fire-eyed Diucon,Aves,Passeriformes
9345,14609,Pyrrhocorax graculus,Alpine Chough,Aves,Passeriformes
9346,14610,Pyrrhocorax pyrrhocorax,Red-billed Chough,Aves,Passeriformes
9347,14611,Pyrrholaemus brunneus,Redthroat,Aves,Passeriformes
9348,14612,Pyrrholaemus sagittatus,Speckled Warbler,Aves,Passeriformes
9349,14613,Pyrrhomyias cinnamomeus,Cinnamon Flycatcher,Aves,Passeriformes
9350,14614,Pyrrhoplectes epauletta,Golden-naped Finch,Aves,Passeriformes
9351,14615,Pyrrhula aurantiaca,Orange Bullfinch,Aves,Passeriformes
9352,14616,Pyrrhula erythaca,Grey-headed Bullfinch,Aves,Passeriformes
9353,14617,Pyrrhula erythrocephala,Red-headed Bullfinch,Aves,Passeriformes
9354,14618,Pyrrhula leucogenis,White-cheeked Bullfinch,Aves,Passeriformes
9355,14619,Pyrrhula murina,Azores Bullfinch,Aves,Passeriformes
9356,14620,Pyrrhula nipalensis,Brown Bullfinch,Aves,Passeriformes
9357,14621,Pyrrhula owstoni,Taiwan Bullfinch,Aves,Passeriformes
9358,14622,Pyrrhula pyrrhula,Eurasian Bullfinch,Aves,Passeriformes
9359,14623,Pyrrhura albipectus,White-breasted Parakeet,Aves,Psittaciformes
9360,14624,Pyrrhura amazonum,Santarem Parakeet,Aves,Psittaciformes
9361,14625,Pyrrhura calliptera,Flame-winged Parakeet,Aves,Psittaciformes
9362,14626,Pyrrhura cruentata,Ochre-marked Parakeet,Aves,Psittaciformes
9363,14627,Pyrrhura devillei,Blaze-winged Parakeet,Aves,Psittaciformes
9364,14628,Pyrrhura egregia,Fiery-shouldered Parakeet,Aves,Psittaciformes
9365,14629,Pyrrhura emma,Venezuelan Parakeet,Aves,Psittaciformes
9366,14630,Pyrrhura leucotis,White-eared Parakeet,Aves,Psittaciformes
9367,14631,Pyrrhura frontalis,Maroon-bellied Parakeet,Aves,Psittaciformes
9368,14632,Pyrrhura griseipectus,Grey-breasted Parakeet,Aves,Psittaciformes
9369,14633,Pyrrhura hoematotis,Blood-eared Parakeet,Aves,Psittaciformes
9370,14634,Pyrrhura hoffmanni,Sulphur-winged Parakeet,Aves,Psittaciformes
9371,14635,Pyrrhura lepida,Pearly Parakeet,Aves,Psittaciformes
9372,14636,Pyrrhura lucianii,Bonaparte's Parakeet,Aves,Psittaciformes
9373,14637,Pyrrhura picta,Painted Parakeet,Aves,Psittaciformes
9374,14638,Pyrrhura roseifrons,Rose-fronted Parakeet,Aves,Psittaciformes
9375,14639,Pyrrhura melanura,Maroon-tailed Parakeet,Aves,Psittaciformes
9376,14640,Pyrrhura molinae,Green-cheeked Parakeet,Aves,Psittaciformes
9377,14641,Pyrrhura orcesi,El Oro Parakeet,Aves,Psittaciformes
9378,14642,Pyrrhura perlata,Crimson-bellied Parakeet,Aves,Psittaciformes
9379,14643,Pyrrhura pfrimeri,Pfrimer's Parakeet,Aves,Psittaciformes
9380,14644,Pyrrhura rhodocephala,Rose-crowned Parakeet,Aves,Psittaciformes
9381,14645,Pyrrhura rupicola,Black-capped Parakeet,Aves,Psittaciformes
9382,14646,Pyrrhura viridicata,Santa Marta Parakeet,Aves,Psittaciformes
9383,14647,Pytilia afra,Orange-winged Pytilia,Aves,Passeriformes
9384,14649,Pytilia melba,Green-winged Pytilia,Aves,Passeriformes
9385,14651,Pyxicephalus adspersus,African bullfrog,Amphibia,Anura
9386,14654,Quechuavis decussata,Tschudi's Nightjar,Aves,Caprimulgiformes
9387,14656,Quelea cardinalis,Cardinal Quelea,Aves,Passeriformes
9388,14658,Quelea quelea,Red-billed Quelea,Aves,Passeriformes
9389,14662,Quercus montana,Chestnut oak,Rosids,Fagales
9390,14665,Quercus rubra,Quercus rubra,Rosids,Fagales
9391,14666,Querula purpurata,Purple-throated Fruitcrow,Aves,Passeriformes
9392,14667,Quesada gigas,Quesada gigas,Insecta,Hemiptera
9393,14669,Quiscalus lugubris,Carib Grackle,Aves,Passeriformes
9394,14670,Quiscalus major,Boat-tailed Grackle,Aves,Passeriformes
9395,14671,Quiscalus mexicanus,Great-tailed Grackle,Aves,Passeriformes
9396,14672,Quiscalus nicaraguensis,Nicaraguan Grackle,Aves,Passeriformes
9397,14673,Quiscalus niger,Greater Antillean Grackle,Aves,Passeriformes
9398,14674,Quiscalus quiscula,Common Grackle,Aves,Passeriformes
9399,14677,Radjah radjah,Radjah Shelduck,Aves,Anseriformes
9400,14680,Rallicula forbesi,Forbes's Forest Rail,Aves,Gruiformes
9401,14681,Rallicula leucospila,White-striped Forest Rail,Aves,Gruiformes
9402,14683,Rallicula rubra,Chestnut Forest Rail,Aves,Gruiformes
9403,14684,Rallina canningi,Andaman Crake,Aves,Gruiformes
9404,14685,Rallina eurizonoides,Slaty-legged Crake,Aves,Gruiformes
9405,14686,Rallina fasciata,Red-legged Crake,Aves,Gruiformes
9406,14687,Rallina tricolor,Red-necked Crake,Aves,Gruiformes
9407,14688,Rallus aequatorialis,Ecuadorian Rail,Aves,Gruiformes
9408,14689,Rallus antarcticus,Austral Rail,Aves,Gruiformes
9409,14690,Rallus aquaticus,Water Rail,Aves,Gruiformes
9410,14691,Rallus caerulescens,African Rail,Aves,Gruiformes
9411,14692,Rallus crepitans,Clapper Rail,Aves,Gruiformes
9412,14693,Rallus elegans,King Rail,Aves,Gruiformes
9413,14694,Rallus indicus,Brown-cheeked Rail,Aves,Gruiformes
9414,14695,Rallus limicola,Virginia Rail,Aves,Gruiformes
9415,14696,Rallus longirostris,Mangrove Rail,Aves,Gruiformes
9416,14697,Rallus madagascariensis,Madagascar Rail,Aves,Gruiformes
9417,14698,Rallus obsoletus,Ridgway's Rail,Aves,Gruiformes
9418,14699,Rallus semiplumbeus,Bogota Rail,Aves,Gruiformes
9419,14700,Rallus tenuirostris,Aztec Rail,Aves,Gruiformes
9420,14701,Rallus wetmorei,Plain-flanked Rail,Aves,Gruiformes
9421,14706,Ramphastos ambiguus,Yellow-throated Toucan,Aves,Piciformes
9422,14708,Ramphastos brevis,Choco Toucan,Aves,Piciformes
9423,14709,Ramphastos citreolaemus,Citron-throated Toucan,Aves,Piciformes
9424,14710,Ramphastos dicolorus,Red-breasted Toucan,Aves,Piciformes
9425,14711,Ramphastos sulfuratus,Keel-billed Toucan,Aves,Piciformes
9426,14712,Ramphastos toco,Toco Toucan,Aves,Piciformes
9427,14713,Ramphastos tucanus,White-throated Toucan,Aves,Piciformes
9428,14714,Ramphastos vitellinus,Channel-billed Toucan,Aves,Piciformes
9429,14715,Ramphocaenus melanurus,Trilling Gnatwren,Aves,Passeriformes
9430,14716,Ramphocaenus sticturus,Chattering Gnatwren,Aves,Passeriformes
9431,14717,Ramphocelus bresilius,Brazilian Tanager,Aves,Passeriformes
9432,14719,Ramphocelus carbo,Silver-beaked Tanager,Aves,Passeriformes
9433,14720,Ramphocelus dimidiatus,Crimson-backed Tanager,Aves,Passeriformes
9434,14721,Ramphocelus flammigerus,Flame-rumped Tanager,Aves,Passeriformes
9435,14722,Ramphocelus icteronotus,Lemon-rumped Tanager,Aves,Passeriformes
9436,14723,Ramphocelus melanogaster,Huallaga Tanager,Aves,Passeriformes
9437,14724,Ramphocelus nigrogularis,Masked Crimson Tanager,Aves,Passeriformes
9438,14725,Ramphocelus passerinii,Scarlet-rumped Tanager,Aves,Passeriformes
9439,14726,Ramphocelus sanguinolentus,Crimson-collared Tanager,Aves,Passeriformes
9440,14727,Ramphocinclus brachyurus,Martinique Thrasher,Aves,Passeriformes
9441,14728,Ramphocinclus sanctaeluciae,St. Lucia Thrasher,Aves,Passeriformes
9442,14729,Ramphocoris clotbey,Thick-billed Lark,Aves,Passeriformes
9443,14730,Ramphodon naevius,Saw-billed Hermit,Aves,Apodiformes
9444,14731,Ramphomicron dorsale,Black-backed Thornbill,Aves,Apodiformes
9445,14732,Ramphomicron microrhynchum,Purple-backed Thornbill,Aves,Apodiformes
9446,14733,Ramphotrigon fuscicauda,Dusky-tailed Flatbill,Aves,Passeriformes
9447,14734,Ramphotrigon megacephalum,Large-headed Flatbill,Aves,Passeriformes
9448,14735,Ramphotrigon ruficauda,Rufous-tailed Flatbill,Aves,Passeriformes
9449,14736,Ramsayornis fasciatus,Bar-breasted Honeyeater,Aves,Passeriformes
9450,14737,Ramsayornis modestus,Brown-backed Honeyeater,Aves,Passeriformes
9451,14739,Rana arvalis,Rana arvalis,Amphibia,Anura
9452,14740,Rana aurora draytonii,California Red-legged Frog,Amphibia,Anura
9453,14742,Rana aurora,Rana aurora,Amphibia,Anura
9454,14745,Rana dalmatina,Rana dalmatina,Amphibia,Anura
9455,14754,Rana temporaria,Rana temporaria,Amphibia,Anura
9456,14758,Randia pseudozosterops,Rand's Warbler,Aves,Passeriformes
9457,14759,Rangifer tarandus,Caribou,Mammalia,Artiodactyla
9458,14760,Ranidae,True Frogs,Amphibia,Anura
9459,14765,Ranoidea alboguttata,Ranoidea alboguttata,Amphibia,Anura
9460,14766,Ranoidea aurea,Ranoidea aurea,Amphibia,Anura
9461,14772,Ranoidea caerulea,Australian Green Treefrog,Amphibia,Anura
9462,14773,Ranoidea chloris,Ranoidea chloris,Amphibia,Anura
9463,14774,Ranoidea citropa,Ranoidea citropa,Amphibia,Anura
9464,14776,Ranoidea cyclorhynchus,Ranoidea cyclorhynchus,Amphibia,Anura
9465,14779,Ranoidea gracilenta,Ranoidea gracilenta,Amphibia,Anura
9466,14781,Ranoidea lesueurii,Ranoidea lesueurii,Amphibia,Anura
9467,14786,Ranoidea moorei,Ranoidea moorei,Amphibia,Anura
9468,14787,Ranoidea myola,Ranoidea myola,Amphibia,Anura
9469,14788,Ranoidea nudidigita,Ranoidea nudidigita,Amphibia,Anura
9470,14789,Ranoidea pearsoniana,Ranoidea pearsoniana,Amphibia,Anura
9471,14790,Ranoidea phyllochroa,Ranoidea phyllochroa,Amphibia,Anura
9472,14791,Ranoidea raniformis,Ranoidea raniformis,Amphibia,Anura
9473,14792,Ranoidea rheocola,Ranoidea rheocola,Amphibia,Anura
9474,14796,Ranoidea xanthomera,Ranoidea xanthomera,Amphibia,Anura
9475,14811,Rattus norvegicus,Rattus norvegicus,Mammalia,Rodentia
9476,14812,Ratufa affinis,pale giant squirrel,Mammalia,Rodentia
9477,14813,Ratufa bicolor,black giant squirrel,Mammalia,Rodentia
9478,14814,Ratufa indica,Indian giant squirrel,Mammalia,Rodentia
9479,14817,Rauenia bonariensis,Blue-and-yellow Tanager,Aves,Passeriformes
9480,14818,Recurvirostra americana,American Avocet,Aves,Charadriiformes
9481,14819,Recurvirostra andina,Andean Avocet,Aves,Charadriiformes
9482,14820,Recurvirostra avosetta,Pied Avocet,Aves,Charadriiformes
9483,14821,Recurvirostra novaehollandiae,Red-necked Avocet,Aves,Charadriiformes
9484,14825,Regulus goodfellowi,Flamecrest,Aves,Passeriformes
9485,14826,Regulus ignicapilla,Common Firecrest,Aves,Passeriformes
9486,14827,Regulus madeirensis,Madeira Firecrest,Aves,Passeriformes
9487,14828,Regulus regulus,Goldcrest,Aves,Passeriformes
9488,14829,Regulus satrapa,Golden-crowned Kinglet,Aves,Passeriformes
9489,14830,Reinwardtoena browni,Pied Cuckoo-Dove,Aves,Columbiformes
9490,14831,Reinwardtoena crassirostris,Crested Cuckoo-Dove,Aves,Columbiformes
9491,14832,Reinwardtoena reinwardti,Great Cuckoo-Dove,Aves,Columbiformes
9492,14834,Remiz consobrinus,Chinese Penduline Tit,Aves,Passeriformes
9493,14835,Remiz coronatus,White-crowned Penduline Tit,Aves,Passeriformes
9494,14836,Remiz macronyx,Black-headed Penduline Tit,Aves,Passeriformes
9495,14837,Remiz pendulinus,Eurasian Penduline Tit,Aves,Passeriformes
9496,14845,Rhabdornis mystacalis,Stripe-headed Rhabdornis,Aves,Passeriformes
9497,14846,Rhabdornis rabori,Visayan Rhabdornis,Aves,Passeriformes
9498,14847,Rhabdotorrhinus exarhatus,Sulawesi Hornbill,Aves,Bucerotiformes
9499,14848,Rhabdotorrhinus leucocephalus,Writhed Hornbill,Aves,Bucerotiformes
9500,14851,Rhacocleis annulata,Rhacocleis annulata,Insecta,Orthoptera
9501,14852,Rhacocleis baccettii,Rhacocleis baccettii,Insecta,Orthoptera
9502,14874,Rhacophorus moltrechti,Rhacophorus moltrechti,Amphibia,Anura
9503,14876,Rhacophorus nigropalmatus,Rhacophorus nigropalmatus,Amphibia,Anura
9504,14879,Rhacophorus taipeianus,Rhacophorus taipeianus,Amphibia,Anura
9505,14882,Rhaebo guttatus,Rhaebo guttatus,Amphibia,Anura
9506,14883,Rhaebo haematiticus,Rhaebo haematiticus,Amphibia,Anura
9507,14884,Rhagologus leucostigma,Mottled Berryhunter,Aves,Passeriformes
9508,14887,Rhamphococcyx calyorhynchus,Yellow-billed Malkoha,Aves,Cuculiformes
9509,14888,Rhaphidura leucopygialis,Silver-rumped Spinetail,Aves,Apodiformes
9510,14889,Rhaphidura sabini,Sabine's Spinetail,Aves,Apodiformes
9511,14891,Rhea americana,Greater Rhea,Aves,Rheiformes
9512,14892,Rhea pennata,Lesser Rhea,Aves,Rheiformes
9513,14893,Rhegmatorhina berlepschi,Harlequin Antbird,Aves,Passeriformes
9514,14894,Rhegmatorhina cristata,Chestnut-crested Antbird,Aves,Passeriformes
9515,14895,Rhegmatorhina gymnops,Bare-eyed Antbird,Aves,Passeriformes
9516,14896,Rhegmatorhina hoffmannsi,White-breasted Antbird,Aves,Passeriformes
9517,14897,Rhegmatorhina melanosticta,Hairy-crested Antbird,Aves,Passeriformes
9518,14902,Rheohyla miotympanum,Rheohyla miotympanum,Amphibia,Anura
9519,14906,Rhinella arenarum,Rhinella arenarum,Amphibia,Anura
9520,14914,Rhinella crucifer,Rhinella crucifer,Amphibia,Anura
9521,14916,Rhinella schneideri,Rhinella schneideri,Amphibia,Anura
9522,14918,Rhinella dorbignyi,Rhinella dorbignyi,Amphibia,Anura
9523,14920,Rhinella granulosa,Rhinella granulosa,Amphibia,Anura
9524,14921,Rhinella horribilis,Rhinella horribilis,Amphibia,Anura
9525,14923,Rhinella icterica,Rhinella icterica,Amphibia,Anura
9526,14926,Rhinella major,Rhinella major,Amphibia,Anura
9527,14927,Rhinella margaritifera,Rhinella margaritifera,Amphibia,Anura
9528,14928,Rhinella marina,Cane Toad,Amphibia,Anura
9529,14929,Rhinella ornata,Rhinella ornata,Amphibia,Anura
9530,14935,Rhinocrypta lanceolata,Crested Gallito,Aves,Passeriformes
9531,14942,Rhinolophus ferrumequinum,Rhinolophus ferrumequinum,Mammalia,Chiroptera
9532,14950,Vauriella albigularis,White-throated Jungle Flycatcher,Aves,Passeriformes
9533,14952,Vauriella gularis,Eyebrowed Jungle Flycatcher,Aves,Passeriformes
9534,14954,Rhinophrynus dorsalis,Mexican Burrowing Toad,Amphibia,Anura
9535,14957,Rhinopomastus aterrimus,Black Scimitarbill,Aves,Bucerotiformes
9536,14958,Rhinopomastus cyanomelas,Common Scimitarbill,Aves,Bucerotiformes
9537,14959,Rhinopomastus minor,Abyssinian Scimitarbill,Aves,Bucerotiformes
9538,14961,Smutsornis africanus,Double-banded Courser,Aves,Charadriiformes
9539,14964,Rhinoptilus chalcopterus,Bronze-winged Courser,Aves,Charadriiformes
9540,14965,Rhinoptilus cinctus,Three-banded Courser,Aves,Charadriiformes
9541,14966,Rhinortha chlorophaea,Raffles's Malkoha,Aves,Cuculiformes
9542,14967,Rhipidura albicollis,White-throated Fantail,Aves,Passeriformes
9543,14968,Rhipidura albiscapa,Grey Fantail,Aves,Passeriformes
9544,14969,Rhipidura albiventris,Visayan Fantail,Aves,Passeriformes
9545,14970,Rhipidura albogularis,White-spotted Fantail,Aves,Passeriformes
9546,14971,Rhipidura albolimbata,Friendly Fantail,Aves,Passeriformes
9547,14972,Rhipidura atra,Black Fantail,Aves,Passeriformes
9548,14973,Rhipidura aureola,White-browed Fantail,Aves,Passeriformes
9549,14974,Rhipidura brachyrhyncha,Dimorphic Fantail,Aves,Passeriformes
9550,14975,Rhipidura cockerelli,White-winged Fantail,Aves,Passeriformes
9551,14977,Rhipidura cyaniceps,Blue-headed Fantail,Aves,Passeriformes
9552,14979,Rhipidura dedemi,Streak-breasted Fantail,Aves,Passeriformes
9553,14980,Rhipidura diluta,Brown-capped Fantail,Aves,Passeriformes
9554,14981,Rhipidura drownei,Bougainville Fantail,Aves,Passeriformes
9555,14982,Rhipidura dryas,Arafura Fantail,Aves,Passeriformes
9556,14983,Rhipidura euryura,White-bellied Fantail,Aves,Passeriformes
9557,14984,Rhipidura fuliginosa,New Zealand Fantail,Aves,Passeriformes
9558,14985,Rhipidura fuscorufa,Cinnamon-tailed Fantail,Aves,Passeriformes
9559,14986,Rhipidura habibiei,Peleng Fantail,Aves,Passeriformes
9560,14987,Rhipidura hyperythra,Chestnut-bellied Fantail,Aves,Passeriformes
9561,14988,Rhipidura javanica,Malaysian Pied Fantail,Aves,Passeriformes
9562,14990,Rhipidura kubaryi,Pohnpei Fantail,Aves,Passeriformes
9563,14991,Rhipidura layardi,Fiji Streaked Fantail,Aves,Passeriformes
9564,14992,Rhipidura lepida,Palau Fantail,Aves,Passeriformes
9565,14993,Rhipidura leucophrys,Willie Wagtail,Aves,Passeriformes
9566,14994,Rhipidura leucothorax,White-bellied Thicket Fantail,Aves,Passeriformes
9567,14995,Rhipidura maculipectus,Black Thicket Fantail,Aves,Passeriformes
9568,14997,Rhipidura nebulosa,Samoan Fantail,Aves,Passeriformes
9569,14998,Rhipidura nigritorquis,Philippine Pied Fantail,Aves,Passeriformes
9570,14999,Rhipidura nigrocinnamomea,Black-and-cinnamon Fantail,Aves,Passeriformes
9571,15000,Rhipidura opistherythra,Long-tailed Fantail,Aves,Passeriformes
9572,15001,Rhipidura perlata,Spotted Fantail,Aves,Passeriformes
9573,15002,Rhipidura personata,Kadavu Fantail,Aves,Passeriformes
9574,15003,Rhipidura phasiana,Mangrove Fantail,Aves,Passeriformes
9575,15004,Rhipidura phoenicura,Rufous-tailed Fantail,Aves,Passeriformes
9576,15005,Rhipidura rennelliana,Rennell Fantail,Aves,Passeriformes
9577,15006,Rhipidura rufidorsa,Rufous-backed Fantail,Aves,Passeriformes
9578,15007,Rhipidura rufifrons,Australian Rufous Fantail,Aves,Passeriformes
9579,15008,Rhipidura rufiventris,Northern Fantail,Aves,Passeriformes
9580,15009,Rhipidura rufofronta,Solomons Rufous Fantail,Aves,Passeriformes
9581,15010,Rhipidura samarensis,Visayan Blue Fantail,Aves,Passeriformes
9582,15012,Rhipidura semicollaris,Supertramp Fantail,Aves,Passeriformes
9583,15015,Rhipidura verreauxi,New Caledonian Streaked Fantail,Aves,Passeriformes
9584,15017,Rhipidura superciliaris,Mindanao Blue Fantail,Aves,Passeriformes
9585,15020,Rhipidura teysmanni,Sulawesi Fantail,Aves,Passeriformes
9586,15021,Rhipidura threnothorax,Sooty Thicket Fantail,Aves,Passeriformes
9587,15023,Rhipidura versicolor,Micronesian Rufous Fantail,Aves,Passeriformes
9588,15024,Rhizothera longirostris,Long-billed Partridge,Aves,Galliformes
9589,15025,Rhodinocichla rosea,Rosy Thrush-tanager,Aves,Passeriformes
9590,15028,Rhodopechys alienus,African Crimson-winged Finch,Aves,Passeriformes
9591,15029,Rhodopechys sanguineus,Asian Crimson-winged Finch,Aves,Passeriformes
9592,15030,Rhodophoneus cruentus,Rosy-patched Bushshrike,Aves,Passeriformes
9593,15032,Rhodopis vesper,Oasis Hummingbird,Aves,Apodiformes
9594,15033,Rhodopsalta cruentata,Rhodopsalta cruentata,Insecta,Hemiptera
9595,15035,Rhodospingus cruentus,Crimson-breasted Finch,Aves,Passeriformes
9596,15036,Rhodospiza obsoleta,Desert Finch,Aves,Passeriformes
9597,15037,Rhodostethia rosea,Ross's Gull,Aves,Charadriiformes
9598,15043,Rhopias gularis,Star-throated Antwren,Aves,Passeriformes
9599,15045,Rhopophilus pekinensis,Beijing Babbler,Aves,Passeriformes
9600,15046,Rhopornis ardesiacus,Slender Antbird,Aves,Passeriformes
9601,15047,Rhopospina fruticeti,Mourning Sierra Finch,Aves,Passeriformes
9602,15048,Rhynchocyclus aequinoctialis,Western Olivaceous Flatbill,Aves,Passeriformes
9603,15049,Rhynchocyclus olivaceus,Eastern Olivaceous Flatbill,Aves,Passeriformes
9604,15050,Rhynchocyclus brevirostris,Eye-ringed Flatbill,Aves,Passeriformes
9605,15051,Rhynchocyclus fulvipectus,Fulvous-breasted Flatbill,Aves,Passeriformes
9606,15052,Rhynchocyclus pacificus,Pacific Flatbill,Aves,Passeriformes
9607,15054,Rhynchophanes mccownii,Thick-billed Longspur,Aves,Passeriformes
9608,15055,Rhynchopsitta pachyrhyncha,Thick-billed Parrot,Aves,Psittaciformes
9609,15056,Rhynchopsitta terrisi,Maroon-fronted Parrot,Aves,Psittaciformes
9610,15057,Rhynchortyx cinctus,Tawny-faced Quail,Aves,Galliformes
9611,15058,Rhynchospiza dabbenei,Yungas Sparrow,Aves,Passeriformes
9612,15059,Rhynchospiza stolzmanni,Tumbes Sparrow,Aves,Passeriformes
9613,15060,Rhynchospiza strigiceps,Chaco Sparrow,Aves,Passeriformes
9614,15061,Rhynchostruthus percivali,Arabian Golden-winged Grosbeak,Aves,Passeriformes
9615,15063,Rhynchotus maculicollis,Huayco Tinamou,Aves,Tinamiformes
9616,15064,Rhynchotus rufescens,Red-winged Tinamou,Aves,Tinamiformes
9617,15065,Rhynochetos jubatus,Kagu,Aves,Eurypygiformes
9618,15066,Rhyticeros cassidix,Knobbed Hornbill,Aves,Bucerotiformes
9619,15068,Rhyticeros narcondami,Narcondam Hornbill,Aves,Bucerotiformes
9620,15069,Rhyticeros plicatus,Blyth's Hornbill,Aves,Bucerotiformes
9621,15070,Rhyticeros subruficollis,Plain-pouched Hornbill,Aves,Bucerotiformes
9622,15071,Rhyticeros undulatus,Wreathed Hornbill,Aves,Bucerotiformes
9623,15072,Rhytipterna holerythra,Rufous Mourner,Aves,Passeriformes
9624,15073,Rhytipterna immunda,Pale-bellied Mourner,Aves,Passeriformes
9625,15074,Rhytipterna simplex,Greyish Mourner,Aves,Passeriformes
9626,15078,Riccordia maugaeus,Puerto Rican Emerald,Aves,Apodiformes
9627,15079,Riccordia ricordii,Cuban Emerald,Aves,Apodiformes
9628,15080,Riccordia swainsonii,Hispaniolan Emerald,Aves,Apodiformes
9629,15081,Ridgwayia pinicola,Aztec Thrush,Aves,Passeriformes
9630,15082,Rigidipenna inexpectata,Solomons Frogmouth,Aves,Caprimulgiformes
9631,15083,Riparia chinensis,Grey-throated Martin,Aves,Passeriformes
9632,15085,Riparia paludicola,Brown-throated Martin,Aves,Passeriformes
9633,15086,Riparia diluta,Pale Martin,Aves,Passeriformes
9634,15087,Riparia riparia,Sand Martin,Aves,Passeriformes
9635,15089,Rissa brevirostris,Red-legged Kittiwake,Aves,Charadriiformes
9636,15090,Rissa tridactyla,Black-legged Kittiwake,Aves,Charadriiformes
9637,15092,Robsonius sorsogonensis,Bicol Ground Warbler,Aves,Passeriformes
9638,15093,Robsonius thompsoni,Sierra Madre Ground Warbler,Aves,Passeriformes
9639,15095,Roeseliana ambitiosa,Roeseliana ambitiosa,Insecta,Orthoptera
9640,15096,Roeseliana azami,Roeseliana azami,Insecta,Orthoptera
9641,15099,Rollandia microptera,Titicaca Grebe,Aves,Podicipediformes
9642,15100,Rollandia rolland,White-tufted Grebe,Aves,Podicipediformes
9643,15101,Rollulus rouloul,Crested Partridge,Aves,Galliformes
9644,15105,Roraimia adusta,Roraiman Barbtail,Aves,Passeriformes
9645,15107,Rostratula benghalensis,Greater Painted-snipe,Aves,Charadriiformes
9646,15108,Rostrhamus sociabilis,Snail Kite,Aves,Accipitriformes
9647,15109,Rougetius rougetii,Rouget's Rail,Aves,Gruiformes
9648,15110,Rousettus aegyptiacus,Rousettus aegyptiacus,Mammalia,Chiroptera
9649,15112,Rubigula cyaniventris,Grey-bellied Bulbul,Aves,Passeriformes
9650,15113,Rubigula erythropthalmos,Spectacled Bulbul,Aves,Passeriformes
9651,15114,Rubigula squamata,Scaly-breasted Bulbul,Aves,Passeriformes
9652,15121,Rufirallus fasciatus,Black-banded Crake,Aves,Gruiformes
9653,15122,Rufirallus leucopyrrhus,Red-and-white Crake,Aves,Gruiformes
9654,15123,Rufirallus schomburgkii,Ocellated Crake,Aves,Gruiformes
9655,15124,Rufirallus xenopterus,Rufous-faced Crake,Aves,Gruiformes
9656,15127,Rupicapra rupicapra,Rupicapra rupicapra,Mammalia,Artiodactyla
9657,15128,Rupicola peruvianus,Andean Cock-of-the-rock,Aves,Passeriformes
9658,15129,Rupicola rupicola,Guianan Cock-of-the-rock,Aves,Passeriformes
9659,15130,Rupornis magnirostris,Roadside Hawk,Aves,Accipitriformes
9660,15132,Rusa unicolor,Sambar,Mammalia,Artiodactyla
9661,15136,Ruspolia nitidula,Ruspolia nitidula,Insecta,Orthoptera
9662,15138,Rynchops albicollis,Indian Skimmer,Aves,Charadriiformes
9663,15139,Rynchops flavirostris,African Skimmer,Aves,Charadriiformes
9664,15140,Rynchops niger,Black Skimmer,Aves,Charadriiformes
9665,15145,Saccopteryx bilineata,greater sac-winged bat,Mammalia,Chiroptera
9666,15146,Saccopteryx leptura,lesser sac-winged bat,Mammalia,Chiroptera
9667,15154,Sagittarius serpentarius,Secretarybird,Aves,Accipitriformes
9668,15156,Saguinus geoffroyi,Geoffroy's tamarin,Mammalia,Primates
9669,15157,Saguinus imperator,emperor tamarin,Mammalia,Primates
9670,15159,Saguinus labiatus,red-chested mustached tamarin,Mammalia,Primates
9671,15160,Saguinus leucopus,silvery-brown bare-face tamarin,Mammalia,Primates
9672,15161,Saguinus midas,Midas tamarin,Mammalia,Primates
9673,15164,Saguinus oedipus,cotton-top tamarin,Mammalia,Primates
9674,15166,Saguinus,Saguinus,Mammalia,Primates
9675,15169,Saimiri oerstedii,Central American squirrel monkey,Mammalia,Primates
9676,15170,Saimiri sciureus,common squirrel monkey,Mammalia,Primates
9677,15172,Sakesphoroides cristatus,Silvery-cheeked Antshrike,Aves,Passeriformes
9678,15174,Sakesphorus canadensis,Black-crested Antshrike,Aves,Passeriformes
9679,15175,Sakesphorus luctuosus,Glossy Antshrike,Aves,Passeriformes
9680,15182,Salpinctes obsoletus,Rock Wren,Aves,Passeriformes
9681,15183,Salpornis salvadori,African Spotted Creeper,Aves,Passeriformes
9682,15184,Salpornis spilonota,Indian Spotted Creeper,Aves,Passeriformes
9683,15185,Saltator albicollis,Lesser Antillean Saltator,Aves,Passeriformes
9684,15186,Saltator atriceps,Black-headed Saltator,Aves,Passeriformes
9685,15187,Saltator atripennis,Black-winged Saltator,Aves,Passeriformes
9686,15188,Saltator aurantiirostris,Golden-billed Saltator,Aves,Passeriformes
9687,15189,Saltator cinctus,Masked Saltator,Aves,Passeriformes
9688,15190,Saltator coerulescens,Bluish-grey Saltator,Aves,Passeriformes
9689,15191,Saltator fuliginosus,Black-throated Grosbeak,Aves,Passeriformes
9690,15192,Saltator grandis,Cinnamon-bellied Saltator,Aves,Passeriformes
9691,15193,Saltator grossus,Slate-colored Grosbeak,Aves,Passeriformes
9692,15194,Saltator maxillosus,Thick-billed Saltator,Aves,Passeriformes
9693,15195,Saltator maximus,Buff-throated Saltator,Aves,Passeriformes
9694,15196,Saltator nigriceps,Black-cowled Saltator,Aves,Passeriformes
9695,15197,Saltator olivascens,Olive-grey Saltator,Aves,Passeriformes
9696,15198,Saltator orenocensis,Orinoco Saltator,Aves,Passeriformes
9697,15199,Saltator similis,Green-winged Saltator,Aves,Passeriformes
9698,15200,Saltator striatipectus,Streaked Saltator,Aves,Passeriformes
9699,15201,Saltatricula atricollis,Black-throated Saltator,Aves,Passeriformes
9700,15202,Saltatricula multicolor,Many-colored Chaco Finch,Aves,Passeriformes
9701,15213,Sapayoa aenigma,Sapayoa,Aves,Passeriformes
9702,15216,Sappho sparganurus,Red-tailed Comet,Aves,Apodiformes
9703,15221,Sarcophanops samarensis,Visayan Broadbill,Aves,Passeriformes
9704,15222,Sarcophanops steerii,Wattled Broadbill,Aves,Passeriformes
9705,15224,Sarcops calvus,Coleto,Aves,Passeriformes
9706,15231,Sarkidiornis melanotos,Knob-billed Duck,Aves,Anseriformes
9707,15233,Saroglossa spilopterus,Spot-winged Starling,Aves,Passeriformes
9708,15234,Sarothrura affinis,Striped Flufftail,Aves,Gruiformes
9709,15235,Sarothrura boehmi,Streaky-breasted Flufftail,Aves,Gruiformes
9710,15236,Sarothrura elegans,Buff-spotted Flufftail,Aves,Gruiformes
9711,15237,Sarothrura insularis,Madagascar Flufftail,Aves,Gruiformes
9712,15239,Sarothrura pulchra,White-spotted Flufftail,Aves,Gruiformes
9713,15240,Sarothrura rufa,Red-chested Flufftail,Aves,Gruiformes
9714,15241,Sarothrura watersi,Slender-billed Flufftail,Aves,Gruiformes
9715,15242,Sasia abnormis,Rufous Piculet,Aves,Piciformes
9716,15243,Verreauxia africana,African Piculet,Aves,Piciformes
9717,15245,Sasia ochracea,White-browed Piculet,Aves,Piciformes
9718,15248,Satrapa icterophrys,Yellow-browed Tyrant,Aves,Passeriformes
9719,15249,Saucerottia beryllina,Berylline Hummingbird,Aves,Apodiformes
9720,15250,Saucerottia castaneiventris,Chestnut-bellied Hummingbird,Aves,Apodiformes
9721,15252,Saucerottia cyanifrons,Indigo-capped Hummingbird,Aves,Apodiformes
9722,15253,Saucerottia cyanocephala,Azure-crowned Hummingbird,Aves,Apodiformes
9723,15254,Saucerottia cyanura,Blue-tailed Hummingbird,Aves,Apodiformes
9724,15255,Saucerottia edward,Snowy-bellied Hummingbird,Aves,Apodiformes
9725,15256,Saucerottia hoffmanni,Blue-vented Hummingbird,Aves,Apodiformes
9726,15257,Saucerottia saucerottei,Steely-vented Hummingbird,Aves,Apodiformes
9727,15258,Saucerottia tobaci,Copper-rumped Hummingbird,Aves,Apodiformes
9728,15259,Saucerottia viridigaster,Green-bellied Hummingbird,Aves,Apodiformes
9729,15262,Saudareos meyeri,Yellow-cheeked Lorikeet,Aves,Psittaciformes
9730,15263,Saudareos ornatus,Saudareos ornatus,Aves,Psittaciformes
9731,15264,Saxicola caprata,Pied Bush Chat,Aves,Passeriformes
9732,15265,Saxicola dacotiae,Canary Islands Stonechat,Aves,Passeriformes
9733,15266,Saxicola ferreus,Grey Bush Chat,Aves,Passeriformes
9734,15267,Saxicola gutturalis,White-bellied Bush Chat,Aves,Passeriformes
9735,15268,Saxicola insignis,White-throated Bush Chat,Aves,Passeriformes
9736,15269,Saxicola jerdoni,Jerdon's Bush Chat,Aves,Passeriformes
9737,15270,Saxicola leucurus,White-tailed Stonechat,Aves,Passeriformes
9738,15272,Saxicola maurus,Siberian Stonechat,Aves,Passeriformes
9739,15273,Saxicola rubetra,Whinchat,Aves,Passeriformes
9740,15274,Saxicola rubicola,European Stonechat,Aves,Passeriformes
9741,15275,Saxicola sibilla,Madagascar Stonechat,Aves,Passeriformes
9742,15276,Saxicola stejnegeri,Amur Stonechat,Aves,Passeriformes
9743,15277,Saxicola tectes,Reunion Stonechat,Aves,Passeriformes
9744,15278,Saxicola torquatus,African Stonechat,Aves,Passeriformes
9745,15280,Sayornis nigricans,Black Phoebe,Aves,Passeriformes
9746,15281,Sayornis phoebe,Eastern Phoebe,Aves,Passeriformes
9747,15282,Sayornis saya,Say's Phoebe,Aves,Passeriformes
9748,15288,Scaphiopus couchii,Couch's Spadefoot,Amphibia,Anura
9749,15289,Scaphiopus holbrookii,Eastern Spadefoot,Amphibia,Anura
9750,15290,Scaphiopus hurterii,Scaphiopus hurterii,Amphibia,Anura
9751,15306,Scelorchilus albicollis,White-throated Tapaculo,Aves,Passeriformes
9752,15307,Scelorchilus rubecula,Chucao Tapaculo,Aves,Passeriformes
9753,15308,Scenopoeetes dentirostris,Tooth-billed Bowerbird,Aves,Passeriformes
9754,15309,Scepomycter rubehoensis,Rubeho Warbler,Aves,Passeriformes
9755,15310,Scepomycter winifredae,Winifred's Warbler,Aves,Passeriformes
9756,15311,Schetba rufa,Rufous Vanga,Aves,Passeriformes
9757,15312,Schiffornis aenea,Foothill Schiffornis,Aves,Passeriformes
9758,15313,Schiffornis major,Varzea Schiffornis,Aves,Passeriformes
9759,15314,Schiffornis olivacea,Guianan Schiffornis,Aves,Passeriformes
9760,15315,Schiffornis stenorhyncha,Russet-winged Schiffornis,Aves,Passeriformes
9761,15316,Schiffornis turdina,Brown-winged Schiffornis,Aves,Passeriformes
9762,15317,Schiffornis veraepacis,Northern Schiffornis,Aves,Passeriformes
9763,15318,Schiffornis virescens,Greenish Schiffornis,Aves,Passeriformes
9764,15319,Schismaderma carens,Schismaderma carens,Amphibia,Anura
9765,15320,Schistes albogularis,White-throated Daggerbill,Aves,Apodiformes
9766,15321,Schistes geoffroyi,Geoffroy's Daggerbill,Aves,Apodiformes
9767,15323,Schistochlamys melanopis,Black-faced Tanager,Aves,Passeriformes
9768,15324,Schistochlamys ruficapillus,Cinnamon Tanager,Aves,Passeriformes
9769,15325,Schistolais leontica,Sierra Leone Prinia,Aves,Passeriformes
9770,15326,Schistolais leucopogon,White-chinned Prinia,Aves,Passeriformes
9771,15327,Schoenicola platyurus,Broad-tailed Grassbird,Aves,Passeriformes
9772,15328,Schoeniophylax phryganophilus,Chotoy Spinetail,Aves,Passeriformes
9773,15329,Schoutedenapus myoptilus,Scarce Swift,Aves,Apodiformes
9774,15330,Sciaenidae,Sciaenidae,Actinopterygii,Perciformes
9775,15332,Sciaphylax castanea,Northern Chestnut-tailed Antbird,Aves,Passeriformes
9776,15336,Scinax alter,Scinax alter,Amphibia,Anura
9777,15340,Scinax boulengeri,Scinax boulengeri,Amphibia,Anura
9778,15344,Scinax crospedospilus,Scinax crospedospilus,Amphibia,Anura
9779,15345,Scinax cruentommus,Scinax cruentommus,Amphibia,Anura
9780,15350,Scinax elaeochrous,Scinax elaeochrous,Amphibia,Anura
9781,15353,Scinax fuscomarginatus,Scinax fuscomarginatus,Amphibia,Anura
9782,15354,Scinax fuscovarius,Scinax fuscovarius,Amphibia,Anura
9783,15355,Scinax garbei,Scinax garbei,Amphibia,Anura
9784,15356,Scinax granulatus,Scinax granulatus,Amphibia,Anura
9785,15357,Scinax hayii,Scinax hayii,Amphibia,Anura
9786,15358,Scinax ictericus,Scinax ictericus,Amphibia,Anura
9787,15359,Scinax imbegue,Scinax imbegue,Amphibia,Anura
9788,15361,Scinax nasicus,Scinax nasicus,Amphibia,Anura
9789,15362,Scinax nebulosus,Scinax nebulosus,Amphibia,Anura
9790,15365,Scinax perereca,Scinax perereca,Amphibia,Anura
9791,15366,Scinax quinquefasciatus,Scinax quinquefasciatus,Amphibia,Anura
9792,15368,Scinax rostratus,Scinax rostratus,Amphibia,Anura
9793,15369,Scinax ruber,Red Snouted Treefrog,Amphibia,Anura
9794,15371,Scinax squalirostris,Scinax squalirostris,Amphibia,Anura
9795,15372,Scinax staufferi,Scinax staufferi,Amphibia,Anura
9796,15374,Scinax tymbamirim,Scinax tymbamirim,Amphibia,Anura
9797,15376,Scinax x-signatus,Scinax x-signatus,Amphibia,Anura
9798,15377,Scinax,Scinax,Amphibia,Anura
9799,15380,Scissirostrum dubium,Grosbeak Starling,Aves,Passeriformes
9800,15388,Sciurus anomalus,Sciurus anomalus,Mammalia,Rodentia
9801,15390,Sciurus aureogaster,Mexican gray squirrel,Mammalia,Rodentia
9802,15391,Sciurus brasiliensis,Brazilian Squirrel,Mammalia,Rodentia
9803,15392,Sciurus carolinensis,eastern gray squirrel,Mammalia,Rodentia
9804,15394,Sciurus deppei,Deppe's squirrel,Mammalia,Rodentia
9805,15395,Sciurus granatensis,red-tailed squirrel,Mammalia,Rodentia
9806,15396,Sciurus griseus,western gray squirrel,Mammalia,Rodentia
9807,15398,Sciurus niger,eastern fox squirrel,Mammalia,Rodentia
9808,15399,Sciurus spadiceus,southern Amazon red squirrel,Mammalia,Rodentia
9809,15401,Sciurus variegatoides,variegated squirrel,Mammalia,Rodentia
9810,15402,Sciurus vulgaris,Sciurus vulgaris,Mammalia,Rodentia
9811,15403,Sciurus yucatanensis,Sciurus yucatanensis,Mammalia,Rodentia
9812,15404,Sciurus,Sciurus,Mammalia,Rodentia
9813,15405,Sclateria naevia,Silvered Antbird,Aves,Passeriformes
9814,15407,Sclerophrys capensis,Sclerophrys capensis,Amphibia,Anura
9815,15408,Sclerophrys garmani,Sclerophrys garmani,Amphibia,Anura
9816,15410,Sclerophrys gutturalis,Sclerophrys gutturalis,Amphibia,Anura
9817,15413,Sclerophrys pantherina,Sclerophrys pantherina,Amphibia,Anura
9818,15414,Sclerophrys pardalis,Sclerophrys pardalis,Amphibia,Anura
9819,15416,Sclerophrys pusilla,Sclerophrys pusilla,Amphibia,Anura
9820,15419,Scleroptila afra,Grey-winged Francolin,Aves,Galliformes
9821,15422,Scleroptila gutturalis,Orange River Francolin,Aves,Galliformes
9822,15423,Scleroptila levaillantii,Red-winged Francolin,Aves,Galliformes
9823,15424,Scleroptila psilolaema,Moorland Francolin,Aves,Galliformes
9824,15425,Scleroptila shelleyi,Shelley's Francolin,Aves,Galliformes
9825,15427,Scleroptila streptophora,Ring-necked Francolin,Aves,Galliformes
9826,15428,Sclerurus albigularis,Grey-throated Leaftosser,Aves,Passeriformes
9827,15429,Sclerurus caudacutus,Black-tailed Leaftosser,Aves,Passeriformes
9828,15430,Sclerurus guatemalensis,Scaly-throated Leaftosser,Aves,Passeriformes
9829,15431,Sclerurus mexicanus,Tawny-throated Leaftosser,Aves,Passeriformes
9830,15432,Sclerurus obscurior,Dusky Leaftosser,Aves,Passeriformes
9831,15433,Sclerurus rufigularis,Short-billed Leaftosser,Aves,Passeriformes
9832,15434,Sclerurus scansor,Rufous-breasted Leaftosser,Aves,Passeriformes
9833,15435,Scolopax bukidnonensis,Bukidnon Woodcock,Aves,Charadriiformes
9834,15436,Scolopax minor,American Woodcock,Aves,Charadriiformes
9835,15437,Scolopax mira,Amami Woodcock,Aves,Charadriiformes
9836,15438,Scolopax rochussenii,Moluccan Woodcock,Aves,Charadriiformes
9837,15439,Scolopax rosenbergii,New Guinea Woodcock,Aves,Charadriiformes
9838,15440,Scolopax rusticola,Eurasian Woodcock,Aves,Charadriiformes
9839,15441,Scolopax saturata,Javan Woodcock,Aves,Charadriiformes
9840,15442,Scopus umbretta,Hamerkop,Aves,Pelecaniformes
9841,15444,Scotocerca inquieta,Streaked Scrub Warbler,Aves,Passeriformes
9842,15446,Scotopelia bouvieri,Vermiculated Fishing Owl,Aves,Strigiformes
9843,15447,Scotopelia peli,Pel's Fishing Owl,Aves,Strigiformes
9844,15453,Scudderia curvicauda,Curve-tailed Bush Katydid,Insecta,Orthoptera
9845,15455,Scudderia furcata,Fork-tailed Bush Katydid,Insecta,Orthoptera
9846,15457,Scudderia pistillata,broad-winged bush katydid,Insecta,Orthoptera
9847,15458,Scudderia septentrionalis,northern bush katydid,Insecta,Orthoptera
9848,15459,Scudderia texensis,Texas bush katydid,Insecta,Orthoptera
9849,15461,Scytalopus acutirostris,Tschudi's Tapaculo,Aves,Passeriformes
9850,15462,Scytalopus affinis,Ancash Tapaculo,Aves,Passeriformes
9851,15463,Scytalopus altirostris,Neblina Tapaculo,Aves,Passeriformes
9852,15464,Scytalopus alvarezlopezi,Tatama Tapaculo,Aves,Passeriformes
9853,15465,Scytalopus androstictus,Loja Tapaculo,Aves,Passeriformes
9854,15466,Scytalopus argentifrons,Silvery-fronted Tapaculo,Aves,Passeriformes
9855,15467,Scytalopus atratus,White-crowned Tapaculo,Aves,Passeriformes
9856,15468,Scytalopus bolivianus,Bolivian Tapaculo,Aves,Passeriformes
9857,15469,Scytalopus canus,Paramillo Tapaculo,Aves,Passeriformes
9858,15470,Scytalopus caracae,Caracas Tapaculo,Aves,Passeriformes
9859,15471,Scytalopus chocoensis,Choco Tapaculo,Aves,Passeriformes
9860,15472,Scytalopus diamantinensis,Diamantina Tapaculo,Aves,Passeriformes
9861,15473,Scytalopus femoralis,Rufous-vented Tapaculo,Aves,Passeriformes
9862,15474,Scytalopus frankeae,Jalca Tapaculo,Aves,Passeriformes
9863,15475,Scytalopus fuscus,Dusky Tapaculo,Aves,Passeriformes
9864,15476,Scytalopus gettyae,Junin Tapaculo,Aves,Passeriformes
9865,15477,Scytalopus gonzagai,Boa Nova Tapaculo,Aves,Passeriformes
9866,15478,Scytalopus griseicollis,Pale-bellied Tapaculo,Aves,Passeriformes
9867,15479,Scytalopus intermedius,Utcubamba Tapaculo,Aves,Passeriformes
9868,15480,Scytalopus iraiensis,Marsh Tapaculo,Aves,Passeriformes
9869,15481,Scytalopus krabbei,White-winged Tapaculo,Aves,Passeriformes
9870,15482,Scytalopus latebricola,Brown-rumped Tapaculo,Aves,Passeriformes
9871,15483,Scytalopus latrans,Blackish Tapaculo,Aves,Passeriformes
9872,15484,Scytalopus macropus,Large-footed Tapaculo,Aves,Passeriformes
9873,15485,Scytalopus magellanicus,Magellanic Tapaculo,Aves,Passeriformes
9874,15486,Scytalopus meridanus,Merida Tapaculo,Aves,Passeriformes
9875,15487,Scytalopus micropterus,Long-tailed Tapaculo,Aves,Passeriformes
9876,15488,Scytalopus novacapitalis,Brasilia Tapaculo,Aves,Passeriformes
9877,15489,Scytalopus opacus,Paramo Tapaculo,Aves,Passeriformes
9878,15490,Scytalopus pachecoi,Planalto Tapaculo,Aves,Passeriformes
9879,15492,Scytalopus parkeri,Chusquea Tapaculo,Aves,Passeriformes
9880,15493,Scytalopus parvirostris,Trilling Tapaculo,Aves,Passeriformes
9881,15494,Scytalopus perijanus,Perija Tapaculo,Aves,Passeriformes
9882,15495,Scytalopus petrophilus,Rock Tapaculo,Aves,Passeriformes
9883,15496,Scytalopus robbinsi,El Oro Tapaculo,Aves,Passeriformes
9884,15497,Scytalopus rodriguezi,Magdalena Tapaculo,Aves,Passeriformes
9885,15498,Scytalopus sanctaemartae,Santa Marta Tapaculo,Aves,Passeriformes
9886,15499,Scytalopus schulenbergi,Diademed Tapaculo,Aves,Passeriformes
9887,15500,Scytalopus simonsi,Puna Tapaculo,Aves,Passeriformes
9888,15501,Scytalopus speluncae,Mouse-colored Tapaculo,Aves,Passeriformes
9889,15502,Scytalopus spillmanni,Spillmann's Tapaculo,Aves,Passeriformes
9890,15503,Scytalopus stilesi,Stiles's Tapaculo,Aves,Passeriformes
9891,15504,Scytalopus superciliaris,White-browed Tapaculo,Aves,Passeriformes
9892,15505,Scytalopus unicolor,Unicolored Tapaculo,Aves,Passeriformes
9893,15506,Scytalopus urubambae,Vilcabamba Tapaculo,Aves,Passeriformes
9894,15507,Scytalopus vicinior,Narino Tapaculo,Aves,Passeriformes
9895,15508,Scytalopus whitneyi,Ampay Tapaculo,Aves,Passeriformes
9896,15509,Scytalopus zimmeri,Zimmer's Tapaculo,Aves,Passeriformes
9897,15510,Scythrops novaehollandiae,Channel-billed Cuckoo,Aves,Cuculiformes
9898,15513,Seiurus aurocapilla,Ovenbird,Aves,Passeriformes
9899,15516,Selasphorus calliope,Calliope Hummingbird,Aves,Apodiformes
9900,15517,Selasphorus ellioti,Wine-throated Hummingbird,Aves,Apodiformes
9901,15518,Selasphorus flammula,Volcano Hummingbird,Aves,Apodiformes
9902,15519,Selasphorus heloisa,Bumblebee Hummingbird,Aves,Apodiformes
9903,15520,Selasphorus platycercus,Broad-tailed Hummingbird,Aves,Apodiformes
9904,15521,Selasphorus rufus,Rufous Hummingbird,Aves,Apodiformes
9905,15522,Selasphorus sasin,Allen's Hummingbird,Aves,Apodiformes
9906,15523,Selasphorus scintilla,Scintillant Hummingbird,Aves,Apodiformes
9907,15526,Selenidera gouldii,Gould's Toucanet,Aves,Piciformes
9908,15527,Selenidera maculirostris,Spot-billed Toucanet,Aves,Piciformes
9909,15528,Selenidera nattereri,Tawny-tufted Toucanet,Aves,Piciformes
9910,15529,Selenidera piperivora,Guianan Toucanet,Aves,Piciformes
9911,15530,Selenidera reinwardtii,Golden-collared Toucanet,Aves,Piciformes
9912,15531,Selenidera spectabilis,Yellow-eared Toucanet,Aves,Piciformes
9913,15532,Seleucidis melanoleucus,Twelve-wired Bird-of-paradise,Aves,Passeriformes
9914,15534,Semia watanabei,Semia watanabei,Insecta,Hemiptera
9915,15535,Semioptera wallacii,Standardwing,Aves,Passeriformes
9916,15536,Semnodactylus wealii,Semnodactylus wealii,Amphibia,Anura
9917,15545,Semnornis frantzii,Prong-billed Barbet,Aves,Piciformes
9918,15546,Semnornis ramphastinus,Toucan Barbet,Aves,Piciformes
9919,15548,Sephanoides fernandensis,Juan Fernandez Firecrown,Aves,Apodiformes
9920,15549,Sephanoides sephaniodes,Green-backed Firecrown,Aves,Apodiformes
9921,15550,Sepiana sepium,Sepiana sepium,Insecta,Orthoptera
9922,15554,Sericornis beccarii,Tropical Scrubwren,Aves,Passeriformes
9923,15555,Sericornis frontalis,White-browed Scrubwren,Aves,Passeriformes
9924,15556,Sericornis humilis,Tasmanian Scrubwren,Aves,Passeriformes
9925,15557,Sericornis keri,Atherton Scrubwren,Aves,Passeriformes
9926,15558,Sericornis maculatus,Spotted Scrubwren,Aves,Passeriformes
9927,15559,Sericornis magnirostra,Large-billed Scrubwren,Aves,Passeriformes
9928,15560,Sericornis nouhuysi,Large Scrubwren,Aves,Passeriformes
9929,15561,Sericornis virgatus,Perplexing Scrubwren,Aves,Passeriformes
9930,15562,Sericossypha albocristata,White-capped Tanager,Aves,Passeriformes
9931,15563,Sericulus ardens,Flame Bowerbird,Aves,Passeriformes
9932,15566,Sericulus chrysocephalus,Regent Bowerbird,Aves,Passeriformes
9933,15567,Serilophus lunatus,Silver-breasted Broadbill,Aves,Passeriformes
9934,15568,Serilophus rubropygius,Grey-lored Broadbill,Aves,Passeriformes
9935,15569,Serinus alario,Black-headed Canary,Aves,Passeriformes
9936,15570,Serinus canaria,Atlantic Canary,Aves,Passeriformes
9937,15571,Serinus canicollis,Cape Canary,Aves,Passeriformes
9938,15572,Serinus flavivertex,Yellow-crowned Canary,Aves,Passeriformes
9939,15573,Serinus nigriceps,Ethiopian Siskin,Aves,Passeriformes
9940,15574,Serinus pusillus,Red-fronted Serin,Aves,Passeriformes
9941,15575,Serinus serinus,European Serin,Aves,Passeriformes
9942,15576,Serinus syriacus,Syrian Serin,Aves,Passeriformes
9943,15577,Serpophaga cinerea,Torrent Tyrannulet,Aves,Passeriformes
9944,15578,Serpophaga griseicapilla,Straneck's Tyrannulet,Aves,Passeriformes
9945,15579,Serpophaga hypoleuca,River Tyrannulet,Aves,Passeriformes
9946,15580,Serpophaga munda,Serpophaga munda,Aves,Passeriformes
9947,15581,Serpophaga nigricans,Sooty Tyrannulet,Aves,Passeriformes
9948,15582,Serpophaga subcristata,White-crested Tyrannulet,Aves,Passeriformes
9949,15586,Setopagis heterura,Todd's Nightjar,Aves,Caprimulgiformes
9950,15587,Setopagis parvula,Little Nightjar,Aves,Caprimulgiformes
9951,15588,Setophaga adelaidae,Adelaide's Warbler,Aves,Passeriformes
9952,15589,Setophaga aestiva,American Yellow Warbler,Aves,Passeriformes
9953,15590,Setophaga americana,Northern Parula,Aves,Passeriformes
9954,15591,Setophaga angelae,Elfin Woods Warbler,Aves,Passeriformes
9955,15592,Setophaga auduboni,Audubon's Warbler,Aves,Passeriformes
9956,15593,Setophaga caerulescens,Black-throated Blue Warbler,Aves,Passeriformes
9957,15594,Setophaga castanea,Bay-breasted Warbler,Aves,Passeriformes
9958,15595,Setophaga cerulea,Cerulean Warbler,Aves,Passeriformes
9959,15596,Setophaga chrysoparia,Golden-cheeked Warbler,Aves,Passeriformes
9960,15597,Setophaga citrina,Hooded Warbler,Aves,Passeriformes
9961,15598,Setophaga coronata,Myrtle Warbler,Aves,Passeriformes
9962,15599,Setophaga delicata,St. Lucia Warbler,Aves,Passeriformes
9963,15600,Setophaga discolor,Prairie Warbler,Aves,Passeriformes
9964,15601,Setophaga dominica,Yellow-throated Warbler,Aves,Passeriformes
9965,15602,Setophaga flavescens,Bahama Warbler,Aves,Passeriformes
9966,15603,Setophaga fusca,Blackburnian Warbler,Aves,Passeriformes
9967,15605,Setophaga graciae,Grace's Warbler,Aves,Passeriformes
9968,15606,Setophaga kirtlandii,Kirtland's Warbler,Aves,Passeriformes
9969,15607,Setophaga magnolia,Magnolia Warbler,Aves,Passeriformes
9970,15608,Setophaga nigrescens,Black-throated Grey Warbler,Aves,Passeriformes
9971,15609,Setophaga occidentalis,Hermit Warbler,Aves,Passeriformes
9972,15610,Setophaga palmarum,Palm Warbler,Aves,Passeriformes
9973,15611,Setophaga pensylvanica,Chestnut-sided Warbler,Aves,Passeriformes
9974,15612,Setophaga petechia,Mangrove Warbler,Aves,Passeriformes
9975,15613,Setophaga pharetra,Arrowhead Warbler,Aves,Passeriformes
9976,15614,Setophaga pinus,Pine Warbler,Aves,Passeriformes
9977,15615,Setophaga pitiayumi,Tropical Parula,Aves,Passeriformes
9978,15616,Setophaga pityophila,Olive-capped Warbler,Aves,Passeriformes
9979,15617,Setophaga plumbea,Plumbeous Warbler,Aves,Passeriformes
9980,15618,Setophaga ruticilla,American Redstart,Aves,Passeriformes
9981,15619,Setophaga striata,Blackpoll Warbler,Aves,Passeriformes
9982,15620,Setophaga subita,Barbuda Warbler,Aves,Passeriformes
9983,15621,Setophaga tigrina,Cape May Warbler,Aves,Passeriformes
9984,15622,Setophaga townsendi,Townsend's Warbler,Aves,Passeriformes
9985,15623,Setophaga virens,Black-throated Green Warbler,Aves,Passeriformes
9986,15624,Setophaga vitellina,Vitelline Warbler,Aves,Passeriformes
9987,15625,Setornis criniger,Hook-billed Bulbul,Aves,Passeriformes
9988,15627,Sheppardia aequatorialis,Equatorial Akalat,Aves,Passeriformes
9989,15628,Sheppardia aurantiithorax,Rubeho Akalat,Aves,Passeriformes
9990,15629,Sheppardia bocagei,Bocage's Akalat,Aves,Passeriformes
9991,15630,Sheppardia poensis,Short-tailed Akalat,Aves,Passeriformes
9992,15631,Sheppardia cyornithopsis,Lowland Akalat,Aves,Passeriformes
9993,15633,Sheppardia gunningi,East Coast Akalat,Aves,Passeriformes
9994,15634,Sheppardia lowei,Iringa Akalat,Aves,Passeriformes
9995,15635,Sheppardia montana,Usambara Akalat,Aves,Passeriformes
9996,15636,Sheppardia sharpei,Sharpe's Akalat,Aves,Passeriformes
9997,15638,Sialia currucoides,Mountain Bluebird,Aves,Passeriformes
9998,15639,Sialia mexicana,Western Bluebird,Aves,Passeriformes
9999,15640,Sialia sialis,Eastern Bluebird,Aves,Passeriformes
10000,15641,Sicalis auriventris,Greater Yellow Finch,Aves,Passeriformes
10001,15642,Sicalis citrina,Stripe-tailed Yellow Finch,Aves,Passeriformes
10002,15643,Sicalis columbiana,Orange-fronted Yellow Finch,Aves,Passeriformes
10003,15644,Sicalis flaveola,Saffron Finch,Aves,Passeriformes
10004,15645,Sicalis lebruni,Patagonian Yellow Finch,Aves,Passeriformes
10005,15646,Sicalis lutea,Puna Yellow Finch,Aves,Passeriformes
10006,15647,Sicalis luteocephala,Citron-headed Yellow Finch,Aves,Passeriformes
10007,15648,Sicalis luteola,Grassland Yellow Finch,Aves,Passeriformes
10008,15649,Sicalis mendozae,Monte Yellow Finch,Aves,Passeriformes
10009,15650,Sicalis olivascens,Greenish Yellow Finch,Aves,Passeriformes
10010,15651,Sicalis raimondii,Raimondi's Yellow Finch,Aves,Passeriformes
10011,15652,Sicalis taczanowskii,Sulphur-throated Finch,Aves,Passeriformes
10012,15653,Sicalis uropygialis,Bright-rumped Yellow Finch,Aves,Passeriformes
10013,15658,Silverstoneia flotator,Silverstoneia flotator,Amphibia,Anura
10014,15659,Silverstoneia nubicola,Silverstoneia nubicola,Amphibia,Anura
10015,15662,Suthora alphonsiana,Ashy-throated Parrotbill,Aves,Passeriformes
10016,15667,Suthora conspicillata,Spectacled Parrotbill,Aves,Passeriformes
10017,15669,Suthora przewalskii,Przevalski's Parrotbill,Aves,Passeriformes
10018,15671,Suthora zappeyi,Grey-hooded Parrotbill,Aves,Passeriformes
10019,15673,Siphonorhis brewsteri,Least Poorwill,Aves,Caprimulgiformes
10020,15674,Sipia berlepschi,Stub-tailed Antbird,Aves,Passeriformes
10021,15675,Sipia laemosticta,Dull-mantled Antbird,Aves,Passeriformes
10022,15676,Sipia nigricauda,Esmeraldas Antbird,Aves,Passeriformes
10023,15677,Sipia palliata,Magdalena Antbird,Aves,Passeriformes
10024,15678,Sipodotus wallacii,Wallace's Fairywren,Aves,Passeriformes
10025,15679,Siptornis striaticollis,Spectacled Prickletail,Aves,Passeriformes
10026,15680,Synallaxis hypochondriaca,Great Spinetail,Aves,Passeriformes
10027,15683,Sirystes albocinereus,White-rumped Sirystes,Aves,Passeriformes
10028,15684,Sirystes albogriseus,Choco Sirystes,Aves,Passeriformes
10029,15685,Sirystes sibilator,Sibilant Sirystes,Aves,Passeriformes
10030,15686,Sirystes subcanescens,Todd's Sirystes,Aves,Passeriformes
10031,15687,Sistrurus catenatus,Massasauga,Reptilia,Squamata
10032,15690,Sitta arctica,Siberian Nuthatch,Aves,Passeriformes
10033,15691,Sitta azurea,Blue Nuthatch,Aves,Passeriformes
10034,15692,Sitta canadensis,Red-breasted Nuthatch,Aves,Passeriformes
10035,15693,Sitta carolinensis,White-breasted Nuthatch,Aves,Passeriformes
10036,15694,Sitta cashmirensis,Kashmir Nuthatch,Aves,Passeriformes
10037,15695,Sitta castanea,Indian Nuthatch,Aves,Passeriformes
10038,15696,Sitta cinnamoventris,Chestnut-bellied Nuthatch,Aves,Passeriformes
10039,15697,Sitta europaea,Eurasian Nuthatch,Aves,Passeriformes
10040,15698,Sitta formosa,Beautiful Nuthatch,Aves,Passeriformes
10041,15699,Sitta frontalis,Velvet-fronted Nuthatch,Aves,Passeriformes
10042,15700,Sitta himalayensis,White-tailed Nuthatch,Aves,Passeriformes
10043,15701,Sitta insularis,Bahama Nuthatch,Aves,Passeriformes
10044,15702,Sitta krueperi,Krüper's Nuthatch,Aves,Passeriformes
10045,15703,Sitta ledanti,Algerian Nuthatch,Aves,Passeriformes
10046,15704,Sitta leucopsis,White-cheeked Nuthatch,Aves,Passeriformes
10047,15705,Sitta magna,Giant Nuthatch,Aves,Passeriformes
10048,15706,Sitta nagaensis,Chestnut-vented Nuthatch,Aves,Passeriformes
10049,15707,Sitta neglecta,Burmese Nuthatch,Aves,Passeriformes
10050,15708,Sitta neumayer,Western Rock Nuthatch,Aves,Passeriformes
10051,15709,Sitta oenochlamys,Sulphur-billed Nuthatch,Aves,Passeriformes
10052,15710,Sitta przewalskii,Przevalski's Nuthatch,Aves,Passeriformes
10053,15711,Sitta pusilla,Brown-headed Nuthatch,Aves,Passeriformes
10054,15712,Sitta pygmaea,Pygmy Nuthatch,Aves,Passeriformes
10055,15713,Sitta solangiae,Yellow-billed Nuthatch,Aves,Passeriformes
10056,15714,Sitta tephronota,Eastern Rock Nuthatch,Aves,Passeriformes
10057,15715,Sitta victoriae,White-browed Nuthatch,Aves,Passeriformes
10058,15716,Sitta villosa,Chinese Nuthatch,Aves,Passeriformes
10059,15717,Sitta whiteheadi,Corsican Nuthatch,Aves,Passeriformes
10060,15718,Sitta yunnanensis,Yunnan Nuthatch,Aves,Passeriformes
10061,15719,Sittasomus griseicapillus,Olivaceous Woodcreeper,Aves,Passeriformes
10062,15721,Smicrornis brevirostris,Weebill,Aves,Passeriformes
10063,15722,Smilisca baudinii,Mexican Smilisca,Amphibia,Anura
10064,15726,Smilisca phaeota,Smilisca phaeota,Amphibia,Anura
10065,15728,Smilisca sila,Smilisca sila,Amphibia,Anura
10066,15729,Smilisca sordida,Smilisca sordida,Amphibia,Anura
10067,15730,Smithornis capensis,African Broadbill,Aves,Passeriformes
10068,15731,Smithornis rufolateralis,Rufous-sided Broadbill,Aves,Passeriformes
10069,15732,Smithornis sharpei,Grey-headed Broadbill,Aves,Passeriformes
10070,15733,Snowornis cryptolophus,Olivaceous Piha,Aves,Passeriformes
10071,15734,Snowornis subalaris,Grey-tailed Piha,Aves,Passeriformes
10072,15739,Somateria fischeri,Spectacled Eider,Aves,Anseriformes
10073,15740,Somateria mollissima,Common Eider,Aves,Anseriformes
10074,15741,Somateria spectabilis,King Eider,Aves,Anseriformes
10075,15746,Sorex araneus,Sorex araneus,Mammalia,Soricomorpha
10076,15753,Spartonoica maluroides,Bay-capped Wren-Spinetail,Aves,Passeriformes
10077,15754,Spatula discors,Blue-winged Teal,Aves,Anseriformes
10078,15755,Spatula puna,Puna Teal,Aves,Anseriformes
10079,15756,Spatula rhynchotis,Australasian Shoveler,Aves,Anseriformes
10080,15757,Spatula versicolor,Silver Teal,Aves,Anseriformes
10081,15758,Spea bombifrons,Plains Spadefoot,Amphibia,Anura
10082,15759,Spea hammondii,Western Spadefoot,Amphibia,Anura
10083,15760,Spea intermontana,Great Basin Spadefoot,Amphibia,Anura
10084,15761,Spea multiplicata,Mexican Spadefoot,Amphibia,Anura
10085,15763,Speculanas specularis,Bronze-winged Duck,Aves,Anseriformes
10086,15764,Speculipastor bicolor,Magpie Starling,Aves,Passeriformes
10087,15765,Spelaeornis badeigularis,Mishmi Wren-Babbler,Aves,Passeriformes
10088,15766,Spelaeornis caudatus,Rufous-throated Wren-Babbler,Aves,Passeriformes
10089,15767,Spelaeornis chocolatinus,Naga Wren-Babbler,Aves,Passeriformes
10090,15768,Spelaeornis kinneari,Pale-throated Wren-Babbler,Aves,Passeriformes
10091,15769,Spelaeornis longicaudatus,Tawny-breasted Wren-Babbler,Aves,Passeriformes
10092,15770,Spelaeornis oatesi,Chin Hills Wren-Babbler,Aves,Passeriformes
10093,15771,Spelaeornis reptatus,Grey-bellied Wren-Babbler,Aves,Passeriformes
10094,15772,Spelaeornis troglodytoides,Bar-winged Wren-Babbler,Aves,Passeriformes
10095,15774,Spermestes nigriceps,Spermestes nigriceps,Aves,Passeriformes
10096,15775,Spermophaga haematina,Western Bluebill,Aves,Passeriformes
10097,15777,Spermophaga ruficapilla,Red-headed Bluebill,Aves,Passeriformes
10098,15779,Spermophilus armatus,Uinta ground squirrel,Mammalia,Rodentia
10099,15781,Spermophilus beldingi,Belding's ground squirrel,Mammalia,Rodentia
10100,15783,Spermophilus citellus,Spermophilus citellus,Mammalia,Rodentia
10101,15784,Spermophilus columbianus,Columbian ground squirrel,Mammalia,Rodentia
10102,15787,Spermophilus parryii,Arctic ground squirrel,Mammalia,Rodentia
10103,15789,Spermophilus richardsonii,Richardson's ground squirrel,Mammalia,Rodentia
10104,15798,Sphaenorhynchus caramaschii,Sphaenorhynchus caramaschii,Amphibia,Anura
10105,15800,Sphaenorhynchus lacteus,Sphaenorhynchus lacteus,Amphibia,Anura
10106,15812,Sphecotheres vieilloti,Australasian Figbird,Aves,Passeriformes
10107,15814,Spheniscus demersus,African Penguin,Aves,Sphenisciformes
10108,15816,Spheniscus magellanicus,Magellanic Penguin,Aves,Sphenisciformes
10109,15818,Stachyris humei,Sikkim Wedge-billed Babbler,Aves,Passeriformes
10110,15819,Stachyris roberti,Cachar Wedge-billed Babbler,Aves,Passeriformes
10111,15820,Sphenoeacus afer,Cape Grassbird,Aves,Passeriformes
10112,15821,Sphenopsis frontalis,Oleaginous Hemispingus,Aves,Passeriformes
10113,15822,Sphenopsis melanotis,Black-eared Hemispingus,Aves,Passeriformes
10114,15823,Sphenopsis ochracea,Western Hemispingus,Aves,Passeriformes
10115,15824,Sphenopsis piurae,Piura Hemispingus,Aves,Passeriformes
10116,15829,Sphingonotus caerulans,Sphingonotus caerulans,Insecta,Orthoptera
10117,15840,Sphyrapicus nuchalis,Red-naped Sapsucker,Aves,Piciformes
10118,15841,Sphyrapicus ruber,Red-breasted Sapsucker,Aves,Piciformes
10119,15842,Sphyrapicus thyroideus,Williamson's Sapsucker,Aves,Piciformes
10120,15843,Sphyrapicus varius,Yellow-bellied Sapsucker,Aves,Piciformes
10121,15847,Spilopelia chinensis,Spotted Dove,Aves,Columbiformes
10122,15849,Spilopelia senegalensis,Laughing Dove,Aves,Columbiformes
10123,15851,Spiloptila clamans,Cricket Warbler,Aves,Passeriformes
10124,15852,Spilornis cheela,Crested Serpent Eagle,Aves,Accipitriformes
10125,15853,Spilornis elgini,Andaman Serpent Eagle,Aves,Accipitriformes
10126,15854,Spilornis holospilus,Philippine Serpent Eagle,Aves,Accipitriformes
10127,15855,Spilornis kinabaluensis,Mountain Serpent Eagle,Aves,Accipitriformes
10128,15857,Spilornis rufipectus,Sulawesi Serpent Eagle,Aves,Accipitriformes
10129,15858,Spindalis dominicensis,Hispaniolan Spindalis,Aves,Passeriformes
10130,15859,Spindalis nigricephala,Jamaican Spindalis,Aves,Passeriformes
10131,15860,Spindalis portoricensis,Puerto Rican Spindalis,Aves,Passeriformes
10132,15861,Spindalis zena,Western Spindalis,Aves,Passeriformes
10133,15863,Spinus atratus,Black Siskin,Aves,Passeriformes
10134,15864,Spinus atriceps,Black-capped Siskin,Aves,Passeriformes
10135,15865,Spinus barbatus,Black-chinned Siskin,Aves,Passeriformes
10136,15866,Spinus crassirostris,Thick-billed Siskin,Aves,Passeriformes
10137,15867,Spinus dominicensis,Antillean Siskin,Aves,Passeriformes
10138,15868,Spinus lawrencei,Lawrence's Goldfinch,Aves,Passeriformes
10139,15869,Spinus magellanicus,Hooded Siskin,Aves,Passeriformes
10140,15870,Spinus notatus,Black-headed Siskin,Aves,Passeriformes
10141,15871,Spinus olivaceus,Olivaceous Siskin,Aves,Passeriformes
10142,15872,Spinus psaltria,Lesser Goldfinch,Aves,Passeriformes
10143,15873,Spinus siemiradzkii,Saffron Siskin,Aves,Passeriformes
10144,15874,Spinus spinescens,Andean Siskin,Aves,Passeriformes
10145,15875,Spinus thibetanus,Tibetan Serin,Aves,Passeriformes
10146,15876,Spinus tristis,American Goldfinch,Aves,Passeriformes
10147,15877,Spinus uropygialis,Yellow-rumped Siskin,Aves,Passeriformes
10148,15878,Spinus xanthogastrus,Yellow-bellied Siskin,Aves,Passeriformes
10149,15879,Spinus yarrellii,Yellow-faced Siskin,Aves,Passeriformes
10150,15880,Spiza americana,Dickcissel,Aves,Passeriformes
10151,15881,Spizaetus isidori,Black-and-chestnut Eagle,Aves,Accipitriformes
10152,15882,Spizaetus melanoleucus,Black-and-white Hawk-Eagle,Aves,Accipitriformes
10153,15883,Spizaetus ornatus,Ornate Hawk-Eagle,Aves,Accipitriformes
10154,15884,Spizaetus tyrannus,Black Hawk-Eagle,Aves,Accipitriformes
10155,15885,Spizella atrogularis,Black-chinned Sparrow,Aves,Passeriformes
10156,15886,Spizella breweri,Brewer's Sparrow,Aves,Passeriformes
10157,15887,Spizella pallida,Clay-colored Sparrow,Aves,Passeriformes
10158,15888,Spizella passerina,Chipping Sparrow,Aves,Passeriformes
10159,15889,Spizella pusilla,Field Sparrow,Aves,Passeriformes
10160,15890,Spizella wortheni,Worthen's Sparrow,Aves,Passeriformes
10161,15891,Spizelloides arborea,American Tree Sparrow,Aves,Passeriformes
10162,15892,Spiziapteryx circumcincta,Spot-winged Falconet,Aves,Falconiformes
10163,15893,Spizixos canifrons,Crested Finchbill,Aves,Passeriformes
10164,15894,Spizixos semitorques,Collared Finchbill,Aves,Passeriformes
10165,15895,Spizocorys conirostris,Pink-billed Lark,Aves,Passeriformes
10166,15899,Spizocorys starki,Stark's Lark,Aves,Passeriformes
10167,15900,Spodiopsar cineraceus,White-cheeked Starling,Aves,Passeriformes
10168,15901,Spodiopsar sericeus,Red-billed Starling,Aves,Passeriformes
10169,15903,Sporathraupis cyanocephala,Blue-capped Tanager,Aves,Passeriformes
10170,15905,Sporophila albogularis,White-throated Seedeater,Aves,Passeriformes
10171,15906,Sporophila americana,Wing-barred Seedeater,Aves,Passeriformes
10172,15907,Sporophila murallae,Sporophila murallae,Aves,Passeriformes
10173,15908,Sporophila angolensis,Chestnut-bellied Seed Finch,Aves,Passeriformes
10174,15909,Sporophila ardesiaca,Dubois's Seedeater,Aves,Passeriformes
10175,15910,Sporophila atrirostris,Black-billed Seed Finch,Aves,Passeriformes
10176,15911,Sporophila beltoni,Tropeiro Seedeater,Aves,Passeriformes
10177,15912,Sporophila bouvreuil,Copper Seedeater,Aves,Passeriformes
10178,15913,Sporophila bouvronides,Lesson's Seedeater,Aves,Passeriformes
10179,15914,Sporophila caerulescens,Double-collared Seedeater,Aves,Passeriformes
10180,15915,Sporophila castaneiventris,Chestnut-bellied Seedeater,Aves,Passeriformes
10181,15916,Sporophila cinnamomea,Chestnut Seedeater,Aves,Passeriformes
10182,15917,Sporophila collaris,Rusty-collared Seedeater,Aves,Passeriformes
10183,15918,Sporophila corvina,Variable Seedeater,Aves,Passeriformes
10184,15919,Sporophila crassirostris,Large-billed Seed Finch,Aves,Passeriformes
10185,15920,Sporophila iberaensis,Ibera Seedeater,Aves,Passeriformes
10186,15922,Sporophila falcirostris,Temminck's Seedeater,Aves,Passeriformes
10187,15923,Sporophila fringilloides,White-naped Seedeater,Aves,Passeriformes
10188,15924,Sporophila frontalis,Buffy-fronted Seedeater,Aves,Passeriformes
10189,15925,Sporophila funerea,Thick-billed Seed Finch,Aves,Passeriformes
10190,15926,Sporophila hypochroma,Rufous-rumped Seedeater,Aves,Passeriformes
10191,15927,Sporophila hypoxantha,Tawny-bellied Seedeater,Aves,Passeriformes
10192,15928,Sporophila intermedia,Grey Seedeater,Aves,Passeriformes
10193,15929,Sporophila leucoptera,White-bellied Seedeater,Aves,Passeriformes
10194,15930,Sporophila lineola,Lined Seedeater,Aves,Passeriformes
10195,15931,Sporophila luctuosa,Black-and-white Seedeater,Aves,Passeriformes
10196,15932,Sporophila maximiliani,Great-billed Seed Finch,Aves,Passeriformes
10197,15933,Sporophila melanogaster,Black-bellied Seedeater,Aves,Passeriformes
10198,15934,Sporophila minuta,Ruddy-breasted Seedeater,Aves,Passeriformes
10199,15935,Sporophila morelleti,Morelet's Seedeater,Aves,Passeriformes
10200,15936,Sporophila nigricollis,Yellow-bellied Seedeater,Aves,Passeriformes
10201,15937,Sporophila nigrorufa,Black-and-tawny Seedeater,Aves,Passeriformes
10202,15938,Sporophila nuttingi,Nicaraguan Seed Finch,Aves,Passeriformes
10203,15939,Sporophila palustris,Marsh Seedeater,Aves,Passeriformes
10204,15940,Sporophila peruviana,Parrot-billed Seedeater,Aves,Passeriformes
10205,15941,Sporophila pileata,Pearly-bellied Seedeater,Aves,Passeriformes
10206,15942,Sporophila plumbea,Plumbeous Seedeater,Aves,Passeriformes
10207,15943,Sporophila ruficollis,Dark-throated Seedeater,Aves,Passeriformes
10208,15944,Sporophila schistacea,Slate-colored Seedeater,Aves,Passeriformes
10209,15945,Sporophila simplex,Drab Seedeater,Aves,Passeriformes
10210,15946,Sporophila telasco,Chestnut-throated Seedeater,Aves,Passeriformes
10211,15947,Sporophila torqueola,Cinnamon-rumped Seedeater,Aves,Passeriformes
10212,15948,Sporopipes frontalis,Speckle-fronted Weaver,Aves,Passeriformes
10213,15949,Sporopipes squamifrons,Scaly-feathered Weaver,Aves,Passeriformes
10214,15951,Stachyris grammiceps,White-breasted Babbler,Aves,Passeriformes
10215,15952,Stachyris herberti,Sooty Babbler,Aves,Passeriformes
10216,15953,Stachyris leucotis,White-necked Babbler,Aves,Passeriformes
10217,15954,Stachyris maculata,Chestnut-rumped Babbler,Aves,Passeriformes
10218,15955,Stachyris nigriceps,Grey-throated Babbler,Aves,Passeriformes
10219,15956,Stachyris nigricollis,Black-throated Babbler,Aves,Passeriformes
10220,15957,Stachyris nonggangensis,Nonggang Babbler,Aves,Passeriformes
10221,15958,Stachyris oglei,Snowy-throated Babbler,Aves,Passeriformes
10222,15959,Stachyris poliocephala,Grey-headed Babbler,Aves,Passeriformes
10223,15960,Stachyris strialata,Spot-necked Babbler,Aves,Passeriformes
10224,15961,Stachyris thoracica,White-bibbed Babbler,Aves,Passeriformes
10225,15962,Stactolaema anchietae,Anchieta's Barbet,Aves,Piciformes
10226,15963,Stactolaema leucotis,White-eared Barbet,Aves,Piciformes
10227,15964,Stactolaema whytii,Whyte's Barbet,Aves,Piciformes
10228,15966,Stagonopleura bella,Beautiful Firetail,Aves,Passeriformes
10229,15967,Stagonopleura guttata,Diamond Firetail,Aves,Passeriformes
10230,15968,Stagonopleura oculata,Red-eared Firetail,Aves,Passeriformes
10231,15969,Staphida castaniceps,Striated Yuhina,Aves,Passeriformes
10232,15970,Staphida everetti,Chestnut-crested Yuhina,Aves,Passeriformes
10233,15971,Staphida torqueola,Indochinese Yuhina,Aves,Passeriformes
10234,15972,Starnoenas cyanocephala,Blue-headed Quail-Dove,Aves,Columbiformes
10235,15974,Stauroderus scalaris,Stauroderus scalaris,Insecta,Orthoptera
10236,15977,Steatornis caripensis,Oilbird,Aves,Steatornithiformes
10237,15980,Stelgidillas gracilirostris,Slender-billed Greenbul,Aves,Passeriformes
10238,15981,Stelgidopteryx ruficollis,Southern Rough-winged Swallow,Aves,Passeriformes
10239,15982,Stelgidopteryx serripennis,Northern Rough-winged Swallow,Aves,Passeriformes
10240,15984,Stenella attenuata,pantropical spotted dolphin,Mammalia,Cetacea
10241,15985,Stenella coeruleoalba,striped dolphin,Mammalia,Cetacea
10242,15986,Stenella frontalis,Atlantic spotted dolphin,Mammalia,Cetacea
10243,15987,Stenella longirostris,Spinner Dolphin,Mammalia,Cetacea
10244,15988,Stenella,Stenella,Mammalia,Artiodactyla
10245,15989,Steno bredanensis,rough-toothed dolphin,Mammalia,Cetacea
10246,16000,Stenobothrus lineatus,Stenobothrus lineatus,Insecta,Orthoptera
10247,16001,Stenobothrus nigromaculatus,Stenobothrus nigromaculatus,Insecta,Orthoptera
10248,16002,Stenobothrus rubicundulus,Stenobothrus rubicundulus,Insecta,Orthoptera
10249,16004,Stenobothrus stigmaticus,Stenobothrus stigmaticus,Insecta,Orthoptera
10250,16006,Stenostira scita,Fairy Flycatcher,Aves,Passeriformes
10251,16009,Stephanoaetus coronatus,Crowned Eagle,Aves,Accipitriformes
10252,16011,Stephanophorus diadematus,Diademed Tanager,Aves,Passeriformes
10253,16012,Stephanoxis lalandi,Green-crowned Plovercrest,Aves,Apodiformes
10254,16013,Stephanoxis loddigesii,Purple-crowned Plovercrest,Aves,Apodiformes
10255,16014,Stercorarius antarcticus,Brown Skua,Aves,Charadriiformes
10256,16015,Stercorarius chilensis,Chilean Skua,Aves,Charadriiformes
10257,16016,Stercorarius longicaudus,Long-tailed Jaeger,Aves,Charadriiformes
10258,16017,Stercorarius maccormicki,South Polar Skua,Aves,Charadriiformes
10259,16018,Stercorarius parasiticus,Parasitic Jaeger,Aves,Charadriiformes
10260,16019,Stercorarius pomarinus,Pomarine Jaeger,Aves,Charadriiformes
10261,16020,Stercorarius skua,Great Skua,Aves,Charadriiformes
10262,16022,Sterna acuticauda,Black-bellied Tern,Aves,Charadriiformes
10263,16023,Sterna aurantia,River Tern,Aves,Charadriiformes
10264,16024,Sterna dougallii,Roseate Tern,Aves,Charadriiformes
10265,16025,Sterna forsteri,Forster's Tern,Aves,Charadriiformes
10266,16026,Sterna hirundinacea,South American Tern,Aves,Charadriiformes
10267,16027,Sterna hirundo,Common Tern,Aves,Charadriiformes
10268,16028,Sterna paradisaea,Arctic Tern,Aves,Charadriiformes
10269,16029,Sterna repressa,White-cheeked Tern,Aves,Charadriiformes
10270,16030,Sterna striata,White-fronted Tern,Aves,Charadriiformes
10271,16031,Sterna sumatrana,Black-naped Tern,Aves,Charadriiformes
10272,16032,Sterna trudeaui,Snowy-crowned Tern,Aves,Charadriiformes
10273,16034,Sterna vittata,Antarctic Tern,Aves,Charadriiformes
10274,16035,Sternoclyta cyanopectus,Violet-chested Hummingbird,Aves,Apodiformes
10275,16037,Sternula albifrons,Little Tern,Aves,Charadriiformes
10276,16038,Sternula antillarum,Least Tern,Aves,Charadriiformes
10277,16039,Sternula balaenarum,Damara Tern,Aves,Charadriiformes
10278,16040,Sternula lorata,Peruvian Tern,Aves,Charadriiformes
10279,16041,Sternula nereis,Fairy Tern,Aves,Charadriiformes
10280,16042,Sternula saundersi,Saunders's Tern,Aves,Charadriiformes
10281,16043,Sternula superciliaris,Yellow-billed Tern,Aves,Charadriiformes
10282,16047,Steropleurus pseudolus,Steropleurus pseudolus,Insecta,Orthoptera
10283,16055,Stethophyma grossum,Stethophyma grossum,Insecta,Orthoptera
10284,16059,Stictonetta naevosa,Freckled Duck,Aves,Anseriformes
10285,16061,Stigmatura bahiae,Bahia Wagtail-Tyrant,Aves,Passeriformes
10286,16062,Stigmatura budytoides,Greater Wagtail-Tyrant,Aves,Passeriformes
10287,16063,Stigmatura napensis,Lesser Wagtail-Tyrant,Aves,Passeriformes
10288,16064,Stilpnia argyrofenges,Straw-backed Tanager,Aves,Passeriformes
10289,16065,Stilpnia cayana,Burnished-buff Tanager,Aves,Passeriformes
10290,16066,Stilpnia cucullata,Lesser Antillean Tanager,Aves,Passeriformes
10291,16067,Stilpnia cyanicollis,Blue-necked Tanager,Aves,Passeriformes
10292,16068,Stilpnia cyanoptera,Black-headed Tanager,Aves,Passeriformes
10293,16069,Stilpnia heinei,Black-capped Tanager,Aves,Passeriformes
10294,16070,Stilpnia larvata,Golden-hooded Tanager,Aves,Passeriformes
10295,16072,Stilpnia nigrocincta,Masked Tanager,Aves,Passeriformes
10296,16074,Stilpnia peruviana,Black-backed Tanager,Aves,Passeriformes
10297,16076,Stilpnia preciosa,Chestnut-backed Tanager,Aves,Passeriformes
10298,16077,Stilpnia viridicollis,Silver-backed Tanager,Aves,Passeriformes
10299,16078,Stilpnia vitriolina,Scrub Tanager,Aves,Passeriformes
10300,16083,Stiphrornis erythrothorax,Forest Robin,Aves,Passeriformes
10301,16084,Stiphrornis mabirae,Yellow-breasted Forest Robin,Aves,Passeriformes
10302,16086,Stipiturus malachurus,Southern Emu-wren,Aves,Passeriformes
10303,16087,Stipiturus mallee,Mallee Emu-wren,Aves,Passeriformes
10304,16088,Stipiturus ruficeps,Rufous-crowned Emu-wren,Aves,Passeriformes
10305,16089,Stizoptera bichenovii,Double-barred Finch,Aves,Passeriformes
10306,16092,Stomiopera flava,Yellow Honeyeater,Aves,Passeriformes
10307,16093,Stomiopera unicolor,White-gaped Honeyeater,Aves,Passeriformes
10308,16097,Strepera fuliginosa,Black Currawong,Aves,Passeriformes
10309,16098,Strepera graculina,Pied Currawong,Aves,Passeriformes
10310,16099,Strepera versicolor,Grey Currawong,Aves,Passeriformes
10311,16101,Streptocitta albicollis,White-necked Myna,Aves,Passeriformes
10312,16103,Streptopelia dusumieri,Philippine Collared Dove,Aves,Columbiformes
10313,16104,Streptopelia capicola,Ring-necked Dove,Aves,Columbiformes
10314,16105,Streptopelia decaocto,Eurasian Collared Dove,Aves,Columbiformes
10315,16106,Streptopelia decipiens,Mourning Collared Dove,Aves,Columbiformes
10316,16107,Streptopelia hypopyrrha,Adamawa Turtle Dove,Aves,Columbiformes
10317,16108,Streptopelia lugens,Dusky Turtle Dove,Aves,Columbiformes
10318,16109,Streptopelia orientalis,Oriental Turtle Dove,Aves,Columbiformes
10319,16110,Streptopelia reichenowi,White-winged Collared Dove,Aves,Columbiformes
10320,16111,Streptopelia roseogrisea,African Collared Dove,Aves,Columbiformes
10321,16113,Streptopelia semitorquata,Red-eyed Dove,Aves,Columbiformes
10322,16114,Streptopelia tranquebarica,Red Collared Dove,Aves,Columbiformes
10323,16115,Streptopelia turtur,European Turtle Dove,Aves,Columbiformes
10324,16116,Streptopelia vinacea,Vinaceous Dove,Aves,Columbiformes
10325,16118,Streptoprocne biscutata,Biscutate Swift,Aves,Apodiformes
10326,16119,Streptoprocne phelpsi,Tepui Swift,Aves,Apodiformes
10327,16120,Streptoprocne rutila,Chestnut-collared Swift,Aves,Apodiformes
10328,16121,Streptoprocne semicollaris,White-naped Swift,Aves,Apodiformes
10329,16122,Streptoprocne zonaris,White-collared Swift,Aves,Apodiformes
10330,16124,Strigops habroptilus,Kakapo,Aves,Psittaciformes
10331,16126,Strix aluco,Tawny Owl,Aves,Strigiformes
10332,16127,Strix mauritanica,Maghreb Owl,Aves,Strigiformes
10333,16128,Strix butleri,Omani Owl,Aves,Strigiformes
10334,16129,Strix chacoensis,Chaco Owl,Aves,Strigiformes
10335,16131,Strix fulvescens,Fulvous Owl,Aves,Strigiformes
10336,16132,Strix hadorami,Desert Owl,Aves,Strigiformes
10337,16133,Strix hylophila,Rusty-barred Owl,Aves,Strigiformes
10338,16134,Strix leptogrammica,Brown Wood Owl,Aves,Strigiformes
10339,16135,Strix nebulosa,Great Grey Owl,Aves,Strigiformes
10340,16136,Strix nivicolum,Himalayan Owl,Aves,Strigiformes
10341,16137,Strix occidentalis,Spotted Owl,Aves,Strigiformes
10342,16138,Strix ocellata,Mottled Wood Owl,Aves,Strigiformes
10343,16139,Strix rufipes,Rufous-legged Owl,Aves,Strigiformes
10344,16140,Strix sartorii,Cinereous Owl,Aves,Strigiformes
10345,16141,Strix seloputo,Spotted Wood Owl,Aves,Strigiformes
10346,16142,Strix uralensis,Ural Owl,Aves,Strigiformes
10347,16143,Strix varia,Barred Owl,Aves,Strigiformes
10348,16144,Strix woodfordii,African Wood Owl,Aves,Strigiformes
10349,16146,Strongylopus bonaespei,Strongylopus bonaespei,Amphibia,Anura
10350,16147,Strongylopus fasciatus,Strongylopus fasciatus,Amphibia,Anura
10351,16148,Strongylopus grayii,Strongylopus grayii,Amphibia,Anura
10352,16150,Struthidea cinerea,Apostlebird,Aves,Passeriformes
10353,16151,Struthio camelus,Common Ostrich,Aves,Struthioniformes
10354,16153,Sturnella lilianae,Chihuahuan Meadowlark,Aves,Passeriformes
10355,16154,Sturnella magna,Eastern Meadowlark,Aves,Passeriformes
10356,16155,Sturnella neglecta,Western Meadowlark,Aves,Passeriformes
10357,16156,Sturnia blythii,Malabar Starling,Aves,Passeriformes
10358,16157,Sturnia erythropygia,White-headed Starling,Aves,Passeriformes
10359,16158,Sturnia malabarica,Chestnut-tailed Starling,Aves,Passeriformes
10360,16159,Sturnia pagodarum,Brahminy Starling,Aves,Passeriformes
10361,16160,Sturnia sinensis,White-shouldered Starling,Aves,Passeriformes
10362,16163,Sturnornis albofrontatus,White-faced Starling,Aves,Passeriformes
10363,16164,Sturnus unicolor,Spotless Starling,Aves,Passeriformes
10364,16165,Sturnus vulgaris,Common Starling,Aves,Passeriformes
10365,16167,Sublegatus arenarum,Northern Scrub Flycatcher,Aves,Passeriformes
10366,16168,Sublegatus modestus,Southern Scrub Flycatcher,Aves,Passeriformes
10367,16169,Sublegatus obscurior,Amazonian Scrub Flycatcher,Aves,Passeriformes
10368,16170,Sugomel nigrum,Black Honeyeater,Aves,Passeriformes
10369,16172,Suiriri suiriri,Suiriri Flycatcher,Aves,Passeriformes
10370,16173,Suisha coreana,Suisha coreana,Insecta,Hemiptera
10371,16175,Sula brewsteri,Cocos Booby,Aves,Suliformes
10372,16176,Sula dactylatra,Masked Booby,Aves,Suliformes
10373,16177,Sula granti,Nazca Booby,Aves,Suliformes
10374,16178,Sula leucogaster,Brown Booby,Aves,Suliformes
10375,16179,Sula nebouxii,Blue-footed Booby,Aves,Suliformes
10376,16180,Sula sula,Red-footed Booby,Aves,Suliformes
10377,16181,Sula variegata,Peruvian Booby,Aves,Suliformes
10378,16187,Sundasciurus tenuis,slender squirrel,Mammalia,Rodentia
10379,16189,Surnia ulula,Northern Hawk-Owl,Aves,Strigiformes
10380,16190,Surniculus dicruroides,Fork-tailed Drongo-Cuckoo,Aves,Cuculiformes
10381,16191,Surniculus lugubris,Square-tailed Drongo-Cuckoo,Aves,Cuculiformes
10382,16192,Surniculus musschenbroeki,Moluccan Drongo-Cuckoo,Aves,Cuculiformes
10383,16193,Surniculus velutinus,Philippine Drongo-Cuckoo,Aves,Cuculiformes
10384,16196,Sus scrofa,Pig,Mammalia,Artiodactyla
10385,16198,Suthora fulvifrons,Fulvous Parrotbill,Aves,Passeriformes
10386,16199,Suthora nipalensis,Black-throated Parrotbill,Aves,Passeriformes
10387,16200,Suthora verreauxi,Golden Parrotbill,Aves,Passeriformes
10388,16201,Svercacheta siamensis,Svercacheta siamensis,Insecta,Orthoptera
10389,16202,Svercus palmetorum,Svercus palmetorum,Insecta,Orthoptera
10390,16206,Swynnertonia swynnertoni,Swynnerton's Robin,Aves,Passeriformes
10391,16207,Sylphoides arenaria,Sylphoides arenaria,Insecta,Hemiptera
10392,16208,Sylvia atricapilla,Eurasian Blackcap,Aves,Passeriformes
10393,16209,Sylvia borin,Garden Warbler,Aves,Passeriformes
10394,16214,Sylvietta brachyura,Northern Crombec,Aves,Passeriformes
10395,16215,Sylvietta denti,Lemon-bellied Crombec,Aves,Passeriformes
10396,16216,Sylvietta isabellina,Somali Crombec,Aves,Passeriformes
10397,16217,Sylvietta leucophrys,White-browed Crombec,Aves,Passeriformes
10398,16219,Sylvietta rufescens,Long-billed Crombec,Aves,Passeriformes
10399,16220,Sylvietta ruficapilla,Red-capped Crombec,Aves,Passeriformes
10400,16221,Sylvietta virens,Green Crombec,Aves,Passeriformes
10401,16222,Sylvietta whytii,Red-faced Crombec,Aves,Passeriformes
10402,16226,Sylviorthorhynchus desmursii,Des Murs's Wiretail,Aves,Passeriformes
10403,16227,Sylviparus modestus,Yellow-browed Tit,Aves,Passeriformes
10404,16229,Syma megarhyncha,Mountain Kingfisher,Aves,Coraciiformes
10405,16230,Syma torotoro,Yellow-billed Kingfisher,Aves,Coraciiformes
10406,16231,Symphalangus syndactylus,siamang,Mammalia,Primates
10407,16235,Symposiachrus axillaris,Black Monarch,Aves,Passeriformes
10408,16236,Symposiachrus barbatus,Solomons Monarch,Aves,Passeriformes
10409,16237,Symposiachrus bimaculatus,Moluccan Monarch,Aves,Passeriformes
10410,16239,Symposiachrus brehmii,Biak Monarch,Aves,Passeriformes
10411,16240,Symposiachrus browni,Kolombangara Monarch,Aves,Passeriformes
10412,16242,Symposiachrus guttula,Spot-winged Monarch,Aves,Passeriformes
10413,16244,Symposiachrus leucurus,Kai Monarch,Aves,Passeriformes
10414,16247,Symposiachrus manadensis,Hooded Monarch,Aves,Passeriformes
10415,16249,Symposiachrus mundus,Banda Sea Monarch,Aves,Passeriformes
10416,16251,Symposiachrus sacerdotum,Flores Monarch,Aves,Passeriformes
10417,16252,Symposiachrus trivirgatus,Spectacled Monarch,Aves,Passeriformes
10418,16253,Symposiachrus verticalis,Bismarck Monarch,Aves,Passeriformes
10419,16254,Symposiachrus vidua,White-collared Monarch,Aves,Passeriformes
10420,16255,Synallaxis albescens,Pale-breasted Spinetail,Aves,Passeriformes
10421,16256,Synallaxis albigularis,Dark-breasted Spinetail,Aves,Passeriformes
10422,16257,Synallaxis albilora,White-lored Spinetail,Aves,Passeriformes
10423,16258,Synallaxis azarae,Azara's Spinetail,Aves,Passeriformes
10424,16259,Synallaxis beverlyae,Rio Orinoco Spinetail,Aves,Passeriformes
10425,16260,Synallaxis brachyura,Slaty Spinetail,Aves,Passeriformes
10426,16261,Synallaxis cabanisi,Cabanis's Spinetail,Aves,Passeriformes
10427,16262,Synallaxis candei,White-whiskered Spinetail,Aves,Passeriformes
10428,16263,Synallaxis castanea,Black-throated Spinetail,Aves,Passeriformes
10429,16264,Synallaxis cherriei,Chestnut-throated Spinetail,Aves,Passeriformes
10430,16265,Synallaxis chinchipensis,Chinchipe Spinetail,Aves,Passeriformes
10431,16266,Synallaxis cinerascens,Grey-bellied Spinetail,Aves,Passeriformes
10432,16267,Synallaxis cinerea,Bahia Spinetail,Aves,Passeriformes
10433,16268,Synallaxis cinnamomea,Stripe-breasted Spinetail,Aves,Passeriformes
10434,16269,Synallaxis courseni,Apurimac Spinetail,Aves,Passeriformes
10435,16270,Synallaxis erythrothorax,Rufous-breasted Spinetail,Aves,Passeriformes
10436,16271,Synallaxis frontalis,Sooty-fronted Spinetail,Aves,Passeriformes
10437,16272,Synallaxis fuscorufa,Rusty-headed Spinetail,Aves,Passeriformes
10438,16273,Synallaxis gujanensis,Plain-crowned Spinetail,Aves,Passeriformes
10439,16274,Synallaxis hypospodia,Cinereous-breasted Spinetail,Aves,Passeriformes
10440,16275,Synallaxis infuscata,Pinto's Spinetail,Aves,Passeriformes
10441,16276,Synallaxis kollari,Hoary-throated Spinetail,Aves,Passeriformes
10442,16277,Synallaxis macconnelli,McConnell's Spinetail,Aves,Passeriformes
10443,16278,Synallaxis maranonica,Maranon Spinetail,Aves,Passeriformes
10444,16279,Synallaxis moesta,Dusky Spinetail,Aves,Passeriformes
10445,16280,Synallaxis ruficapilla,Rufous-capped Spinetail,Aves,Passeriformes
10446,16281,Synallaxis rutilans,Ruddy Spinetail,Aves,Passeriformes
10447,16282,Synallaxis scutata,Ochre-cheeked Spinetail,Aves,Passeriformes
10448,16284,Synallaxis spixi,Spix's Spinetail,Aves,Passeriformes
10449,16285,Synallaxis stictothorax,Necklaced Spinetail,Aves,Passeriformes
10450,16286,Synallaxis subpudica,Silvery-throated Spinetail,Aves,Passeriformes
10451,16287,Synallaxis tithys,Blackish-headed Spinetail,Aves,Passeriformes
10452,16288,Synallaxis unirufa,Rufous Spinetail,Aves,Passeriformes
10453,16289,Synallaxis zimmeri,Russet-bellied Spinetail,Aves,Passeriformes
10454,16295,Syndactyla dimidiata,Planalto Foliage-gleaner,Aves,Passeriformes
10455,16296,Syndactyla guttulata,Guttulate Foliage-gleaner,Aves,Passeriformes
10456,16297,Syndactyla ruficollis,Rufous-necked Foliage-gleaner,Aves,Passeriformes
10457,16298,Syndactyla rufosuperciliata,Buff-browed Foliage-gleaner,Aves,Passeriformes
10458,16299,Syndactyla striata,Bolivian Recurvebill,Aves,Passeriformes
10459,16300,Syndactyla subalaris,Lineated Foliage-gleaner,Aves,Passeriformes
10460,16301,Syndactyla ucayalae,Peruvian Recurvebill,Aves,Passeriformes
10461,16305,Synoicus ypsilophorus,Brown Quail,Aves,Galliformes
10462,16307,Synthliboramphus antiquus,Ancient Murrelet,Aves,Charadriiformes
10463,16308,Synthliboramphus craveri,Craveri's Murrelet,Aves,Charadriiformes
10464,16310,Synthliboramphus scrippsi,Scripps's Murrelet,Aves,Charadriiformes
10465,16312,Sypheotides indicus,Lesser Florican,Aves,Otidiformes
10466,16314,Syrigma sibilatrix,Whistling Heron,Aves,Pelecaniformes
10467,16316,Syrmaticus humiae,Mrs. Hume's Pheasant,Aves,Galliformes
10468,16317,Syrmaticus mikado,Mikado Pheasant,Aves,Galliformes
10469,16318,Syrmaticus reevesii,Reeves's Pheasant,Aves,Galliformes
10470,16319,Syrmaticus soemmerringii,Copper Pheasant,Aves,Galliformes
10471,16323,Syrrhaptes paradoxus,Pallas's Sandgrouse,Aves,Pteroclidiformes
10472,16324,Syrrhaptes tibetanus,Tibetan Sandgrouse,Aves,Pteroclidiformes
10473,16325,Systellura decussata,Tschudi's Nightjar,Aves,Caprimulgiformes
10474,16326,Systellura longirostris,Band-winged Nightjar,Aves,Caprimulgiformes
10475,16327,Taccocua leschenaultii,Sirkeer Malkoha,Aves,Cuculiformes
10476,16331,Tachornis phoenicobia,Antillean Palm Swift,Aves,Apodiformes
10477,16332,Tachornis squamata,Fork-tailed Palm Swift,Aves,Apodiformes
10478,16333,Tachuris rubrigastra,Many-colored Rush Tyrant,Aves,Passeriformes
10479,16334,Tachybaptus dominicus,Least Grebe,Aves,Podicipediformes
10480,16335,Tachybaptus novaehollandiae,Australasian Grebe,Aves,Podicipediformes
10481,16336,Tachybaptus pelzelnii,Madagascar Grebe,Aves,Podicipediformes
10482,16337,Tachybaptus ruficollis,Little Grebe,Aves,Podicipediformes
10483,16339,Tachycineta albilinea,Mangrove Swallow,Aves,Passeriformes
10484,16340,Tachycineta albiventer,White-winged Swallow,Aves,Passeriformes
10485,16341,Tachycineta bicolor,Tree Swallow,Aves,Passeriformes
10486,16342,Tachycineta cyaneoviridis,Bahama Swallow,Aves,Passeriformes
10487,16343,Tachycineta euchrysea,Golden Swallow,Aves,Passeriformes
10488,16344,Tachycineta leucopyga,Chilean Swallow,Aves,Passeriformes
10489,16345,Tachycineta leucorrhoa,White-rumped Swallow,Aves,Passeriformes
10490,16346,Tachycineta stolzmanni,Tumbes Swallow,Aves,Passeriformes
10491,16347,Tachycineta thalassina,Violet-green Swallow,Aves,Passeriformes
10492,16349,Tachyeres brachypterus,Falkland Steamer Duck,Aves,Anseriformes
10493,16350,Tachyeres leucocephalus,Chubut Steamer Duck,Aves,Anseriformes
10494,16351,Tachyeres patachonicus,Flying Steamer Duck,Aves,Anseriformes
10495,16352,Tachyeres pteneres,Fuegian Steamer Duck,Aves,Anseriformes
10496,16354,Tachymarptis aequatorialis,Mottled Swift,Aves,Apodiformes
10497,16355,Tachyphonus coronatus,Ruby-crowned Tanager,Aves,Passeriformes
10498,16356,Tachyphonus delatrii,Tawny-crested Tanager,Aves,Passeriformes
10499,16357,Tachyphonus phoenicius,Red-shouldered Tanager,Aves,Passeriformes
10500,16358,Tachyphonus rufus,White-lined Tanager,Aves,Passeriformes
10501,16359,Tachyphonus surinamus,Fulvous-crested Tanager,Aves,Passeriformes
10502,16385,Tadarida teniotis,Tadarida teniotis,Mammalia,Chiroptera
10503,16386,Tadorna cana,South African Shelduck,Aves,Anseriformes
10504,16387,Tadorna ferruginea,Ruddy Shelduck,Aves,Anseriformes
10505,16388,Tadorna tadorna,Common Shelduck,Aves,Anseriformes
10506,16389,Tadorna tadornoides,Australian Shelduck,Aves,Anseriformes
10507,16390,Tadorna variegata,Paradise Shelduck,Aves,Anseriformes
10508,16391,Taeniopygia guttata,Sunda Zebra Finch,Aves,Passeriformes
10509,16393,Taeniotriccus andrei,Black-chested Tyrant,Aves,Passeriformes
10510,16395,Taiwanosemia hoppoensis,Taiwanosemia hoppoensis,Insecta,Hemiptera
10511,16397,Talaphorus chlorocercus,Olive-spotted Hummingbird,Aves,Apodiformes
10512,16398,Talegalla cuvieri,Red-billed Brushturkey,Aves,Galliformes
10513,16399,Talegalla fuscirostris,Black-billed Brushturkey,Aves,Galliformes
10514,16400,Talegalla jobiensis,Collared Brushturkey,Aves,Galliformes
10515,16407,Tamasa tristigma,Tamasa tristigma,Insecta,Hemiptera
10516,16408,Tamias striatus,Eastern Chipmunk,Mammalia,Rodentia
10517,16409,Tamias,Tamias,Mammalia,Rodentia
10518,16410,Tamiasciurus douglasii,Douglas's Squirrel,Mammalia,Rodentia
10519,16411,Tamiasciurus fremonti,Tamiasciurus fremonti,Mammalia,Rodentia
10520,16412,Tamiasciurus hudsonicus,Red Squirrel,Mammalia,Rodentia
10521,16413,Tamiops maritimus,maritime striped squirrel,Mammalia,Rodentia
10522,16414,Tamiops mcclellandii,Himalayan striped squirrel,Mammalia,Rodentia
10523,16417,Tangara arthus,Golden Tanager,Aves,Passeriformes
10524,16418,Tangara brasiliensis,White-bellied Tanager,Aves,Passeriformes
10525,16419,Tangara mexicana,Turquoise Tanager,Aves,Passeriformes
10526,16420,Tangara callophrys,Opal-crowned Tanager,Aves,Passeriformes
10527,16421,Tangara chilensis,Paradise Tanager,Aves,Passeriformes
10528,16422,Tangara chrysotis,Golden-eared Tanager,Aves,Passeriformes
10529,16423,Tangara cyanocephala,Red-necked Tanager,Aves,Passeriformes
10530,16424,Tangara cyanotis,Blue-browed Tanager,Aves,Passeriformes
10531,16425,Tangara cyanoventris,Gilt-edged Tanager,Aves,Passeriformes
10532,16426,Tangara desmaresti,Brassy-breasted Tanager,Aves,Passeriformes
10533,16427,Tangara dowii,Spangle-cheeked Tanager,Aves,Passeriformes
10534,16428,Tangara fastuosa,Seven-colored Tanager,Aves,Passeriformes
10535,16429,Tangara florida,Emerald Tanager,Aves,Passeriformes
10536,16430,Tangara fucosa,Green-naped Tanager,Aves,Passeriformes
10537,16431,Tangara gyrola,Bay-headed Tanager,Aves,Passeriformes
10538,16432,Tangara icterocephala,Silver-throated Tanager,Aves,Passeriformes
10539,16433,Tangara inornata,Plain-colored Tanager,Aves,Passeriformes
10540,16434,Tangara johannae,Blue-whiskered Tanager,Aves,Passeriformes
10541,16435,Tangara labradorides,Metallic-green Tanager,Aves,Passeriformes
10542,16436,Tangara lavinia,Rufous-winged Tanager,Aves,Passeriformes
10543,16437,Tangara nigroviridis,Beryl-spangled Tanager,Aves,Passeriformes
10544,16438,Tangara parzudakii,Flame-faced Tanager,Aves,Passeriformes
10545,16439,Tangara rufigenis,Rufous-cheeked Tanager,Aves,Passeriformes
10546,16440,Tangara schrankii,Green-and-gold Tanager,Aves,Passeriformes
10547,16441,Tangara seledon,Green-headed Tanager,Aves,Passeriformes
10548,16442,Tangara vassorii,Blue-and-black Tanager,Aves,Passeriformes
10549,16443,Tangara velia,Opal-rumped Tanager,Aves,Passeriformes
10550,16444,Tangara xanthocephala,Saffron-crowned Tanager,Aves,Passeriformes
10551,16446,Tanna infuscata,Tanna infuscata,Insecta,Hemiptera
10552,16447,Tanna japonensis,Tanna japonensis,Insecta,Hemiptera
10553,16449,Tanna ornatipennis,Tanna ornatipennis,Insecta,Hemiptera
10554,16450,Tanna sayurie,Tanna sayurie,Insecta,Hemiptera
10555,16451,Tanna sozanensis,Tanna sozanensis,Insecta,Hemiptera
10556,16452,Tanna taipinensis,Tanna taipinensis,Insecta,Hemiptera
10557,16453,Tanna viridis,Tanna viridis,Insecta,Hemiptera
10558,16457,Tanygnathus lucionensis,Blue-naped Parrot,Aves,Psittaciformes
10559,16458,Tanygnathus megalorynchos,Great-billed Parrot,Aves,Psittaciformes
10560,16459,Tanygnathus sumatranus,Azure-rumped Parrot,Aves,Psittaciformes
10561,16460,Tanysiptera carolinae,Numfor Paradise Kingfisher,Aves,Coraciiformes
10562,16461,Tanysiptera danae,Brown-headed Paradise Kingfisher,Aves,Coraciiformes
10563,16463,Tanysiptera galatea,Common Paradise Kingfisher,Aves,Coraciiformes
10564,16464,Tanysiptera hydrocharis,Little Paradise Kingfisher,Aves,Coraciiformes
10565,16465,Tanysiptera nigriceps,Black-capped Paradise Kingfisher,Aves,Coraciiformes
10566,16466,Tanysiptera nympha,Red-breasted Paradise Kingfisher,Aves,Coraciiformes
10567,16467,Tanysiptera riedelii,Biak Paradise Kingfisher,Aves,Coraciiformes
10568,16468,Tanysiptera sylvia,Buff-breasted Paradise Kingfisher,Aves,Coraciiformes
10569,16469,Taoniscus nanus,Dwarf Tinamou,Aves,Tinamiformes
10570,16470,Tapera naevia,Striped Cuckoo,Aves,Cuculiformes
10571,16476,Taphrospilus hypostictus,Many-spotted Hummingbird,Aves,Apodiformes
10572,16480,Taraba major,Great Antshrike,Aves,Passeriformes
10573,16482,Tarbinskiellus portentosus,Tarbinskiellus portentosus,Insecta,Orthoptera
10574,16483,Tarphonomus certhioides,Chaco Earthcreeper,Aves,Passeriformes
10575,16484,Tarphonomus harterti,Bolivian Earthcreeper,Aves,Passeriformes
10576,16485,Tarsiger albocoeruleus,Qilian Bluetail,Aves,Passeriformes
10577,16486,Tarsiger chrysaeus,Golden Bush Robin,Aves,Passeriformes
10578,16487,Tarsiger cyanurus,Red-flanked Bluetail,Aves,Passeriformes
10579,16488,Tarsiger formosanus,Taiwan Bush Robin,Aves,Passeriformes
10580,16489,Tarsiger hyperythrus,Rufous-breasted Bush Robin,Aves,Passeriformes
10581,16490,Tarsiger indicus,White-browed Bush Robin,Aves,Passeriformes
10582,16491,Tarsiger johnstoniae,Collared Bush Robin,Aves,Passeriformes
10583,16492,Tarsiger rufilatus,Himalayan Bluetail,Aves,Passeriformes
10584,16495,Tarsius spectrumgurskyae,Tarsius spectrumgurskyae,Mammalia,Primates
10585,16497,Tartarogryllus tartarus,Tartarogryllus tartarus,Insecta,Orthoptera
10586,16500,Tauraco corythaix,Knysna Turaco,Aves,Musophagiformes
10587,16502,Tauraco fischeri,Fischer's Turaco,Aves,Musophagiformes
10588,16503,Tauraco hartlaubi,Hartlaub's Turaco,Aves,Musophagiformes
10589,16504,Tauraco leucolophus,White-crested Turaco,Aves,Musophagiformes
10590,16505,Tauraco livingstonii,Livingstone's Turaco,Aves,Musophagiformes
10591,16506,Tauraco macrorhynchus,Yellow-billed Turaco,Aves,Musophagiformes
10592,16507,Tauraco persa,Guinea Turaco,Aves,Musophagiformes
10593,16508,Tauraco schalowi,Schalow's Turaco,Aves,Musophagiformes
10594,16509,Tauraco schuettii,Black-billed Turaco,Aves,Musophagiformes
10595,16510,Taurella forresti,Taurella forresti,Insecta,Hemiptera
10596,16517,Tayassu pecari,white-lipped peccary,Mammalia,Artiodactyla
10597,16518,Tchagra australis,Brown-crowned Tchagra,Aves,Passeriformes
10598,16519,Tchagra jamesi,Three-streaked Tchagra,Aves,Passeriformes
10599,16520,Tchagra senegalus,Black-crowned Tchagra,Aves,Passeriformes
10600,16521,Tchagra tchagra,Southern Tchagra,Aves,Passeriformes
10601,16523,Telacanthura ussheri,Mottled Spinetail,Aves,Apodiformes
10602,16524,Teledromas fuscus,Sandy Gallito,Aves,Passeriformes
10603,16527,Teleogryllus commodus,Black Field Cricket,Insecta,Orthoptera
10604,16528,Teleogryllus emma,Teleogryllus emma,Insecta,Orthoptera
10605,16530,Teleogryllus mitratus,Teleogryllus mitratus,Insecta,Orthoptera
10606,16531,Teleogryllus occipitalis,Teleogryllus occipitalis,Insecta,Orthoptera
10607,16532,Teleogryllus oceanicus,Teleogryllus oceanicus,Insecta,Orthoptera
10608,16535,Telmapsalta hackeri,Telmapsalta hackeri,Insecta,Hemiptera
10609,16539,Telophorus dohertyi,Doherty's Bushshrike,Aves,Passeriformes
10610,16540,Telophorus quadricolor,Telophorus quadricolor,Aves,Passeriformes
10611,16541,Telophorus viridis,Gorgeous Bushshrike,Aves,Passeriformes
10612,16542,Telophorus zeylonus,Bokmakierie,Aves,Passeriformes
10613,16543,Temnurus temnurus,Ratchet-tailed Treepie,Aves,Passeriformes
10614,16547,Tephrodornis affinis,Sri Lanka Woodshrike,Aves,Passeriformes
10615,16548,Tephrodornis pondicerianus,Common Woodshrike,Aves,Passeriformes
10616,16549,Tephrodornis sylvicola,Malabar Woodshrike,Aves,Passeriformes
10617,16550,Tephrodornis virgatus,Large Woodshrike,Aves,Passeriformes
10618,16551,Tephrophilus wetmorei,Masked Mountain Tanager,Aves,Passeriformes
10619,16555,Terathopius ecaudatus,Bateleur,Aves,Accipitriformes
10620,16556,Teratohyla midas,Teratohyla midas,Amphibia,Anura
10621,16557,Teratohyla pulverata,Teratohyla pulverata,Amphibia,Anura
10622,16558,Teratohyla spinosa,Teratohyla spinosa,Amphibia,Anura
10623,16559,Terenotriccus erythrurus,Ruddy-tailed Flycatcher,Aves,Passeriformes
10624,16560,Terenura maculata,Streak-capped Antwren,Aves,Passeriformes
10625,16561,Terenura sicki,Orange-bellied Antwren,Aves,Passeriformes
10626,16562,Teretistris fernandinae,Yellow-headed Warbler,Aves,Passeriformes
10627,16563,Teretistris fornsi,Oriente Warbler,Aves,Passeriformes
10628,16570,Terpsiphone affinis,Blyth's Paradise Flycatcher,Aves,Passeriformes
10629,16571,Terpsiphone incei,Amur Paradise Flycatcher,Aves,Passeriformes
10630,16572,Terpsiphone paradisi,Indian Paradise Flycatcher,Aves,Passeriformes
10631,16573,Terpsiphone atrocaudata,Black Paradise Flycatcher,Aves,Passeriformes
10632,16574,Terpsiphone atrochalybeia,Sao Tome Paradise Flycatcher,Aves,Passeriformes
10633,16576,Terpsiphone bourbonnensis,Mascarene Paradise Flycatcher,Aves,Passeriformes
10634,16577,Terpsiphone cinnamomea,Rufous Paradise Flycatcher,Aves,Passeriformes
10635,16578,Terpsiphone corvina,Seychelles Paradise Flycatcher,Aves,Passeriformes
10636,16579,Terpsiphone cyanescens,Blue Paradise Flycatcher,Aves,Passeriformes
10637,16580,Terpsiphone floris,Tenggara Paradise Flycatcher,Aves,Passeriformes
10638,16581,Terpsiphone mutata,Malagasy Paradise Flycatcher,Aves,Passeriformes
10639,16582,Terpsiphone rufiventer,Red-bellied Paradise Flycatcher,Aves,Passeriformes
10640,16583,Terpsiphone rufocinerea,Rufous-vented Paradise Flycatcher,Aves,Passeriformes
10641,16585,Terpsiphone viridis,African Paradise Flycatcher,Aves,Passeriformes
10642,16587,Tersina viridis,Swallow Tanager,Aves,Passeriformes
10643,16588,Tesia cyaniventer,Grey-bellied Tesia,Aves,Passeriformes
10644,16589,Tesia everetti,Russet-capped Tesia,Aves,Passeriformes
10645,16590,Tesia olivea,Slaty-bellied Tesia,Aves,Passeriformes
10646,16591,Tesia superciliaris,Javan Tesia,Aves,Passeriformes
10647,16602,Tetrao urogalloides,Black-billed Capercaillie,Aves,Galliformes
10648,16603,Tetrao urogallus,Western Capercaillie,Aves,Galliformes
10649,16604,Tetraogallus altaicus,Altai Snowcock,Aves,Galliformes
10650,16605,Tetraogallus caspius,Caspian Snowcock,Aves,Galliformes
10651,16606,Tetraogallus caucasicus,Caucasian Snowcock,Aves,Galliformes
10652,16607,Tetraogallus himalayensis,Himalayan Snowcock,Aves,Galliformes
10653,16608,Tetraogallus tibetanus,Tibetan Snowcock,Aves,Galliformes
10654,16611,Tetraophasis obscurus,Chestnut-throated Monal-Partridge,Aves,Galliformes
10655,16612,Tetraophasis szechenyii,Buff-throated Monal-Partridge,Aves,Galliformes
10656,16613,Tetrastes bonasia,Hazel Grouse,Aves,Galliformes
10657,16615,Tetrax tetrax,Little Bustard,Aves,Otidiformes
10658,16624,Tettigettalna argentata,Tettigettalna argentata,Insecta,Hemiptera
10659,16626,Tettigettalna estrellae,Tettigettalna estrellae,Insecta,Hemiptera
10660,16627,Tettigettalna helianthemi,Tettigettalna helianthemi,Insecta,Hemiptera
10661,16628,Tettigettalna josei,Tettigettalna josei,Insecta,Hemiptera
10662,16629,Tettigettalna mariae,Tettigettalna mariae,Insecta,Hemiptera
10663,16630,Tettigettula pygmea,Tettigettula pygmea,Insecta,Hemiptera
10664,16633,Tettigonia cantans,Tettigonia cantans,Insecta,Orthoptera
10665,16634,Tettigonia caudata,Tettigonia caudata,Insecta,Orthoptera
10666,16636,Tettigonia hispanica,Tettigonia hispanica,Insecta,Orthoptera
10667,16640,Tettigonia viridissima,Tettigonia viridissima,Insecta,Orthoptera
10668,16643,Thalassarche bulleri,Buller's Albatross,Aves,Procellariiformes
10669,16645,Thalassarche cauta,Shy Albatross,Aves,Procellariiformes
10670,16646,Thalassarche chlororhynchos,Atlantic Yellow-nosed Albatross,Aves,Procellariiformes
10671,16649,Thalassarche melanophris,Black-browed Albatross,Aves,Procellariiformes
10672,16650,Thalassarche salvini,Salvin's Albatross,Aves,Procellariiformes
10673,16651,Thalasseus acuflavidus,Cabot's Tern,Aves,Charadriiformes
10674,16652,Thalasseus albididorsalis,West African Crested Tern,Aves,Charadriiformes
10675,16653,Thalasseus bengalensis,Lesser Crested Tern,Aves,Charadriiformes
10676,16654,Thalasseus bergii,Greater Crested Tern,Aves,Charadriiformes
10677,16655,Thalasseus bernsteini,Chinese Crested Tern,Aves,Charadriiformes
10678,16656,Thalasseus elegans,Elegant Tern,Aves,Charadriiformes
10679,16657,Thalasseus maximus,Royal Tern,Aves,Charadriiformes
10680,16658,Thalasseus sandvicensis,Sandwich Tern,Aves,Charadriiformes
10681,16660,Thalassornis leuconotus,White-backed Duck,Aves,Anseriformes
10682,16661,Thalurania colombica,Crowned Woodnymph,Aves,Apodiformes
10683,16662,Thalurania furcata,Fork-tailed Woodnymph,Aves,Apodiformes
10684,16663,Thalurania glaucopis,Violet-capped Woodnymph,Aves,Apodiformes
10685,16664,Thalurania watertonii,Long-tailed Woodnymph,Aves,Apodiformes
10686,16665,Thamnistes anabatinus,Russet Antshrike,Aves,Passeriformes
10687,16666,Thamnistes rufescens,Rufescent Antshrike,Aves,Passeriformes
10688,16667,Thamnolaea cinnamomeiventris,Mocking Cliff Chat,Aves,Passeriformes
10689,16669,Thamnomanes ardesiacus,Dusky-throated Antshrike,Aves,Passeriformes
10690,16670,Thamnomanes caesius,Cinereous Antshrike,Aves,Passeriformes
10691,16671,Thamnomanes saturninus,Saturnine Antshrike,Aves,Passeriformes
10692,16672,Thamnomanes schistogynus,Bluish-slate Antshrike,Aves,Passeriformes
10693,16673,Thamnophilus aethiops,White-shouldered Antshrike,Aves,Passeriformes
10694,16674,Thamnophilus amazonicus,Amazonian Antshrike,Aves,Passeriformes
10695,16675,Thamnophilus ambiguus,Sooretama Slaty Antshrike,Aves,Passeriformes
10696,16676,Thamnophilus aroyae,Upland Antshrike,Aves,Passeriformes
10697,16677,Thamnophilus atrinucha,Black-crowned Antshrike,Aves,Passeriformes
10698,16678,Thamnophilus bernardi,Collared Antshrike,Aves,Passeriformes
10699,16679,Thamnophilus bridgesi,Black-hooded Antshrike,Aves,Passeriformes
10700,16680,Thamnophilus caerulescens,Variable Antshrike,Aves,Passeriformes
10701,16681,Thamnophilus cryptoleucus,Castelnau's Antshrike,Aves,Passeriformes
10702,16682,Thamnophilus divisorius,Acre Antshrike,Aves,Passeriformes
10703,16683,Thamnophilus doliatus,Barred Antshrike,Aves,Passeriformes
10704,16684,Thamnophilus insignis,Streak-backed Antshrike,Aves,Passeriformes
10705,16685,Thamnophilus melanonotus,Black-backed Antshrike,Aves,Passeriformes
10706,16686,Thamnophilus melanothorax,Band-tailed Antshrike,Aves,Passeriformes
10707,16687,Thamnophilus multistriatus,Bar-crested Antshrike,Aves,Passeriformes
10708,16688,Thamnophilus murinus,Mouse-colored Antshrike,Aves,Passeriformes
10709,16689,Thamnophilus nigriceps,Black Antshrike,Aves,Passeriformes
10710,16690,Thamnophilus nigrocinereus,Blackish-grey Antshrike,Aves,Passeriformes
10711,16691,Thamnophilus palliatus,Chestnut-backed Antshrike,Aves,Passeriformes
10712,16692,Thamnophilus pelzelni,Planalto Slaty Antshrike,Aves,Passeriformes
10713,16693,Thamnophilus praecox,Cocha Antshrike,Aves,Passeriformes
10714,16694,Thamnophilus punctatus,Northern Slaty Antshrike,Aves,Passeriformes
10715,16695,Thamnophilus ruficapillus,Rufous-capped Antshrike,Aves,Passeriformes
10716,16696,Thamnophilus schistaceus,Plain-winged Antshrike,Aves,Passeriformes
10717,16697,Thamnophilus stictocephalus,Natterer's Slaty Antshrike,Aves,Passeriformes
10718,16698,Thamnophilus sticturus,Bolivian Slaty Antshrike,Aves,Passeriformes
10719,16699,Thamnophilus tenuepunctatus,Lined Antshrike,Aves,Passeriformes
10720,16700,Thamnophilus torquatus,Rufous-winged Antshrike,Aves,Passeriformes
10721,16701,Thamnophilus unicolor,Uniform Antshrike,Aves,Passeriformes
10722,16702,Thamnophilus zarumae,Chapman's Antshrike,Aves,Passeriformes
10723,16706,Thamnornis chloropetoides,Thamnornis,Aves,Passeriformes
10724,16707,Thaumasius baeri,Tumbes Hummingbird,Aves,Apodiformes
10725,16708,Thaumasius taczanowskii,Spot-throated Hummingbird,Aves,Apodiformes
10726,16709,Thaumastura cora,Peruvian Sheartail,Aves,Apodiformes
10727,16711,Theristicus branickii,Andean Ibis,Aves,Pelecaniformes
10728,16712,Theristicus melanopis,Black-faced Ibis,Aves,Pelecaniformes
10729,16713,Theristicus caerulescens,Plumbeous Ibis,Aves,Pelecaniformes
10730,16714,Theristicus caudatus,Buff-necked Ibis,Aves,Pelecaniformes
10731,16716,Thescelocichla leucopleura,Swamp Palm Bulbul,Aves,Passeriformes
10732,16717,Thinocorus orbignyianus,Grey-breasted Seedsnipe,Aves,Charadriiformes
10733,16718,Thinocorus rumicivorus,Least Seedsnipe,Aves,Charadriiformes
10734,16719,Thinornis cucullatus,Hooded Plover,Aves,Charadriiformes
10735,16720,Thinornis dubius,Little Ringed Plover,Aves,Charadriiformes
10736,16722,Thinornis melanops,Black-fronted Dotterel,Aves,Charadriiformes
10737,16723,Thinornis novaeseelandiae,Shore Plover,Aves,Charadriiformes
10738,16724,Thinornis placidus,Long-billed Plover,Aves,Charadriiformes
10739,16725,Thinornis tricollaris,Three-banded Plover,Aves,Charadriiformes
10740,16726,Thlypopsis fulviceps,Fulvous-headed Tanager,Aves,Passeriformes
10741,16727,Thlypopsis inornata,Buff-bellied Tanager,Aves,Passeriformes
10742,16728,Thlypopsis ornata,Rufous-chested Tanager,Aves,Passeriformes
10743,16729,Thlypopsis pectoralis,Brown-flanked Tanager,Aves,Passeriformes
10744,16730,Thlypopsis pyrrhocoma,Chestnut-headed Tanager,Aves,Passeriformes
10745,16731,Thlypopsis ruficeps,Rust-and-yellow Tanager,Aves,Passeriformes
10746,16732,Thlypopsis sordida,Orange-headed Tanager,Aves,Passeriformes
10747,16733,Thlypopsis superciliaris,Superciliaried Hemispingus,Aves,Passeriformes
10748,16735,Thopha saccata,Thopha saccata,Insecta,Hemiptera
10749,16736,Thopha sessiliba,Thopha sessiliba,Insecta,Hemiptera
10750,16742,Thraupis abbas,Yellow-winged Tanager,Aves,Passeriformes
10751,16743,Thraupis cyanoptera,Azure-shouldered Tanager,Aves,Passeriformes
10752,16744,Thraupis episcopus,Blue-grey Tanager,Aves,Passeriformes
10753,16745,Thraupis glaucocolpa,Glaucous Tanager,Aves,Passeriformes
10754,16746,Thraupis ornata,Golden-chevroned Tanager,Aves,Passeriformes
10755,16747,Thraupis palmarum,Palm Tanager,Aves,Passeriformes
10756,16748,Thraupis sayaca,Sayaca Tanager,Aves,Passeriformes
10757,16749,Threnetes leucurus,Pale-tailed Barbthroat,Aves,Apodiformes
10758,16751,Threnetes ruckeri,Band-tailed Barbthroat,Aves,Apodiformes
10759,16752,Threskiornis aethiopicus,African Sacred Ibis,Aves,Pelecaniformes
10760,16753,Threskiornis melanocephalus,Black-headed Ibis,Aves,Pelecaniformes
10761,16754,Threskiornis molucca,Australian White Ibis,Aves,Pelecaniformes
10762,16755,Threskiornis spinicollis,Straw-necked Ibis,Aves,Pelecaniformes
10763,16757,Thripadectes flammulatus,Flammulated Treehunter,Aves,Passeriformes
10764,16758,Thripadectes holostictus,Striped Treehunter,Aves,Passeriformes
10765,16759,Thripadectes ignobilis,Uniform Treehunter,Aves,Passeriformes
10766,16760,Thripadectes melanorhynchus,Black-billed Treehunter,Aves,Passeriformes
10767,16761,Thripadectes rufobrunneus,Streak-breasted Treehunter,Aves,Passeriformes
10768,16762,Thripadectes scrutator,Peruvian Treehunter,Aves,Passeriformes
10769,16763,Thripadectes virgaticeps,Streak-capped Treehunter,Aves,Passeriformes
10770,16764,Thripophaga amacurensis,Delta Amacuro Softtail,Aves,Passeriformes
10771,16765,Thripophaga berlepschi,Thripophaga berlepschi,Aves,Passeriformes
10772,16766,Thripophaga cherriei,Orinoco Softtail,Aves,Passeriformes
10773,16767,Thripophaga fusciceps,Plain Softtail,Aves,Passeriformes
10774,16768,Thripophaga macroura,Striated Softtail,Aves,Passeriformes
10775,16769,Thryomanes bewickii,Bewick's Wren,Aves,Passeriformes
10776,16770,Thryophilus nicefori,Niceforo's Wren,Aves,Passeriformes
10777,16771,Thryophilus pleurostictus,Banded Wren,Aves,Passeriformes
10778,16772,Thryophilus rufalbus,Rufous-and-white Wren,Aves,Passeriformes
10779,16773,Thryophilus sernai,Antioquia Wren,Aves,Passeriformes
10780,16774,Thryophilus sinaloa,Sinaloa Wren,Aves,Passeriformes
10781,16775,Thryorchilus browni,Timberline Wren,Aves,Passeriformes
10782,16776,Thryothorus ludovicianus,Carolina Wren,Aves,Passeriformes
10783,16782,Tiaris olivaceus,Yellow-faced Grassquit,Aves,Passeriformes
10784,16785,Tibicina garricola,Tibicina garricola,Insecta,Hemiptera
10785,16786,Tibicina haematodes,Tibicina haematodes,Insecta,Hemiptera
10786,16788,Tibicina steveni,Tibicina steveni,Insecta,Hemiptera
10787,16790,Tibicinoides catalina,Tibicinoides catalina,Insecta,Hemiptera
10788,16792,Tibicinoides minuta,Tibicinoides minuta,Insecta,Hemiptera
10789,16794,Tibicinoides rubrovenosa,Tibicinoides rubrovenosa,Insecta,Hemiptera
10790,16796,Tibicinoides striatipes,Tibicinoides striatipes,Insecta,Hemiptera
10791,16798,Tibicinoides utahensis,Tibicinoides utahensis,Insecta,Hemiptera
10792,16799,Tibicinoides vanduzeei,Tibicinoides vanduzeei,Insecta,Hemiptera
10793,16800,Tichodroma muraria,Wallcreeper,Aves,Passeriformes
10794,16801,Tickellia hodgsoni,Broad-billed Warbler,Aves,Passeriformes
10795,16802,Tigriornis leucolopha,White-crested Tiger Heron,Aves,Pelecaniformes
10796,16804,Tigrisoma lineatum,Rufescent Tiger Heron,Aves,Pelecaniformes
10797,16805,Tigrisoma mexicanum,Bare-throated Tiger Heron,Aves,Pelecaniformes
10798,16808,Tilmatura dupontii,Sparkling-tailed Woodstar,Aves,Apodiformes
10799,16809,Timalia pileata,Chestnut-capped Babbler,Aves,Passeriformes
10800,16812,Tinamotis ingoufi,Patagonian Tinamou,Aves,Tinamiformes
10801,16813,Tinamotis pentlandii,Puna Tinamou,Aves,Tinamiformes
10802,16814,Tinamus guttatus,White-throated Tinamou,Aves,Tinamiformes
10803,16815,Tinamus major,Great Tinamou,Aves,Tinamiformes
10804,16816,Tinamus osgoodi,Black Tinamou,Aves,Tinamiformes
10805,16817,Tinamus solitarius,Solitary Tinamou,Aves,Tinamiformes
10806,16818,Tinamus tao,Grey Tinamou,Aves,Tinamiformes
10807,16820,Tityra cayana,Black-tailed Tityra,Aves,Passeriformes
10808,16821,Tityra inquisitor,Black-crowned Tityra,Aves,Passeriformes
10809,16822,Tityra semifasciata,Masked Tityra,Aves,Passeriformes
10810,16824,Tlalocohyla loquax,Tlalocohyla loquax,Amphibia,Anura
10811,16825,Tlalocohyla picta,Rana-de árbol pintada,Amphibia,Anura
10812,16826,Tlalocohyla smithii,Tlalocohyla smithii,Amphibia,Anura
10813,16828,Tmetothylacus tenellus,Golden Pipit,Aves,Passeriformes
10814,16829,Tockus damarensis,Damara Red-billed Hornbill,Aves,Bucerotiformes
10815,16830,Tockus deckeni,Von der Decken's Hornbill,Aves,Bucerotiformes
10816,16831,Tockus erythrorhynchus,Northern Red-billed Hornbill,Aves,Bucerotiformes
10817,16832,Tockus flavirostris,Eastern Yellow-billed Hornbill,Aves,Bucerotiformes
10818,16833,Tockus jacksoni,Jackson's Hornbill,Aves,Bucerotiformes
10819,16834,Tockus kempi,Western Red-billed Hornbill,Aves,Bucerotiformes
10820,16835,Tockus leucomelas,Southern Yellow-billed Hornbill,Aves,Bucerotiformes
10821,16836,Tockus monteiri,Monteiro's Hornbill,Aves,Bucerotiformes
10822,16837,Tockus ruahae,Tanzanian Red-billed Hornbill,Aves,Bucerotiformes
10823,16838,Tockus rufirostris,Southern Red-billed Hornbill,Aves,Bucerotiformes
10824,16839,Todiramphus albicilla,Mariana Kingfisher,Aves,Coraciiformes
10825,16841,Todiramphus australasia,Cinnamon-banded Kingfisher,Aves,Coraciiformes
10826,16842,Todiramphus chloris,Collared Kingfisher,Aves,Coraciiformes
10827,16844,Todiramphus colonus,Islet Kingfisher,Aves,Coraciiformes
10828,16845,Todiramphus diops,Blue-and-white Kingfisher,Aves,Coraciiformes
10829,16846,Todiramphus enigma,Talaud Kingfisher,Aves,Coraciiformes
10830,16848,Todiramphus funebris,Sombre Kingfisher,Aves,Coraciiformes
10831,16852,Todiramphus leucopygius,Ultramarine Kingfisher,Aves,Coraciiformes
10832,16853,Todiramphus macleayii,Forest Kingfisher,Aves,Coraciiformes
10833,16854,Todiramphus nigrocyaneus,Blue-black Kingfisher,Aves,Coraciiformes
10834,16856,Todiramphus pyrrhopygius,Red-backed Kingfisher,Aves,Coraciiformes
10835,16857,Todiramphus recurvirostris,Flat-billed Kingfisher,Aves,Coraciiformes
10836,16858,Todiramphus reichenbachii,Pohnpei Kingfisher,Aves,Coraciiformes
10837,16860,Todiramphus sacer,Pacific Kingfisher,Aves,Coraciiformes
10838,16861,Todiramphus sanctus,Sacred Kingfisher,Aves,Coraciiformes
10839,16862,Todiramphus saurophagus,Beach Kingfisher,Aves,Coraciiformes
10840,16863,Todiramphus sordidus,Torresian Kingfisher,Aves,Coraciiformes
10841,16864,Todiramphus tristrami,Melanesian Kingfisher,Aves,Coraciiformes
10842,16865,Todiramphus tutus,Chattering Kingfisher,Aves,Coraciiformes
10843,16866,Todiramphus veneratus,Society Kingfisher,Aves,Coraciiformes
10844,16867,Todiramphus winchelli,Rufous-lored Kingfisher,Aves,Coraciiformes
10845,16868,Todirostrum chrysocrotaphum,Yellow-browed Tody-Flycatcher,Aves,Passeriformes
10846,16869,Todirostrum cinereum,Common Tody-Flycatcher,Aves,Passeriformes
10847,16870,Todirostrum maculatum,Spotted Tody-Flycatcher,Aves,Passeriformes
10848,16871,Todirostrum nigriceps,Black-headed Tody-Flycatcher,Aves,Passeriformes
10849,16872,Todirostrum pictum,Painted Tody-Flycatcher,Aves,Passeriformes
10850,16873,Todirostrum poliocephalum,Yellow-lored Tody-Flycatcher,Aves,Passeriformes
10851,16874,Todirostrum viridanum,Maracaibo Tody-Flycatcher,Aves,Passeriformes
10852,16875,Todus angustirostris,Narrow-billed Tody,Aves,Coraciiformes
10853,16876,Todus mexicanus,Puerto Rican Tody,Aves,Coraciiformes
10854,16877,Todus multicolor,Cuban Tody,Aves,Coraciiformes
10855,16878,Todus subulatus,Broad-billed Tody,Aves,Coraciiformes
10856,16879,Todus todus,Jamaican Tody,Aves,Coraciiformes
10857,16880,Tolmomyias assimilis,Yellow-margined Flatbill,Aves,Passeriformes
10858,16881,Tolmomyias flavotectus,Yellow-winged Flatbill,Aves,Passeriformes
10859,16882,Tolmomyias flaviventris,Ochre-lored Flatbill,Aves,Passeriformes
10860,16883,Tolmomyias viridiceps,Olive-faced Flatbill,Aves,Passeriformes
10861,16884,Tolmomyias poliocephalus,Grey-crowned Flatbill,Aves,Passeriformes
10862,16885,Tolmomyias sulphurescens,Yellow-olive Flatbill,Aves,Passeriformes
10863,16886,Tolmomyias traylori,Orange-eyed Flatbill,Aves,Passeriformes
10864,16888,Tomopterna adiastola,Tomopterna adiastola,Amphibia,Anura
10865,16889,Tomopterna delalandii,Tomopterna delalandii,Amphibia,Anura
10866,16891,Tomopterna natalensis,Tomopterna natalensis,Amphibia,Anura
10867,16892,Tomopterna tandyi,Tomopterna tandyi,Amphibia,Anura
10868,16894,Topaza pella,Crimson Topaz,Aves,Apodiformes
10869,16895,Topaza pyra,Fiery Topaz,Aves,Apodiformes
10870,16896,Torreornis inexpectata,Zapata Sparrow,Aves,Passeriformes
10871,16898,Touit batavicus,Lilac-tailed Parrotlet,Aves,Psittaciformes
10872,16899,Touit costaricensis,Red-fronted Parrotlet,Aves,Psittaciformes
10873,16900,Touit dilectissimus,Blue-fronted Parrotlet,Aves,Psittaciformes
10874,16901,Touit huetii,Scarlet-shouldered Parrotlet,Aves,Psittaciformes
10875,16902,Touit melanonotus,Brown-backed Parrotlet,Aves,Psittaciformes
10876,16903,Touit purpuratus,Sapphire-rumped Parrotlet,Aves,Psittaciformes
10877,16904,Touit stictopterus,Spot-winged Parrotlet,Aves,Psittaciformes
10878,16905,Touit surdus,Golden-tailed Parrotlet,Aves,Psittaciformes
10879,16907,Toxorhamphus novaeguineae,Yellow-bellied Longbill,Aves,Passeriformes
10880,16908,Toxorhamphus poliopterus,Slaty-headed Longbill,Aves,Passeriformes
10881,16911,Toxostoma bendirei,Bendire's Thrasher,Aves,Passeriformes
10882,16912,Toxostoma cinereum,Grey Thrasher,Aves,Passeriformes
10883,16913,Toxostoma crissale,Crissal Thrasher,Aves,Passeriformes
10884,16914,Toxostoma curvirostre,Curve-billed Thrasher,Aves,Passeriformes
10885,16915,Toxostoma guttatum,Cozumel Thrasher,Aves,Passeriformes
10886,16916,Toxostoma lecontei,LeConte's Thrasher,Aves,Passeriformes
10887,16917,Toxostoma longirostre,Long-billed Thrasher,Aves,Passeriformes
10888,16918,Toxostoma ocellatum,Ocellated Thrasher,Aves,Passeriformes
10889,16919,Toxostoma redivivum,California Thrasher,Aves,Passeriformes
10890,16920,Toxostoma rufum,Brown Thrasher,Aves,Passeriformes
10891,16927,Trachycephalus hadroceps,Trachycephalus hadroceps,Amphibia,Anura
10892,16931,Trachycephalus resinifictrix,Trachycephalus resinifictrix,Amphibia,Anura
10893,16932,Trachycephalus typhonius,Veined Frog,Amphibia,Anura
10894,16933,Trachycephalus vermiculatus,Trachycephalus vermiculatus,Amphibia,Anura
10895,16935,Trachylaemus goffinii,Western Yellow-billed Barbet,Aves,Piciformes
10896,16936,Trachylaemus purpuratus,Eastern Yellow-billed Barbet,Aves,Piciformes
10897,16938,Trachyphonus darnaudii,D'Arnaud's Barbet,Aves,Piciformes
10898,16939,Trachyphonus usambiro,Usambiro Barbet,Aves,Piciformes
10899,16940,Trachyphonus erythrocephalus,Red-and-yellow Barbet,Aves,Piciformes
10900,16941,Trachyphonus margaritatus,Yellow-breasted Barbet,Aves,Piciformes
10901,16942,Trachyphonus vaillantii,Crested Barbet,Aves,Piciformes
10902,16948,Trachypithecus obscurus,dusky leaf monkey,Mammalia,Primates
10903,16956,Tragopan blythii,Blyth's Tragopan,Aves,Galliformes
10904,16957,Tragopan caboti,Cabot's Tragopan,Aves,Galliformes
10905,16958,Tragopan melanocephalus,Western Tragopan,Aves,Galliformes
10906,16959,Tragopan satyra,Satyr Tragopan,Aves,Galliformes
10907,16960,Tragopan temminckii,Temminck's Tragopan,Aves,Galliformes
10908,16969,Treron affinis,Grey-fronted Green Pigeon,Aves,Columbiformes
10909,16970,Treron apicauda,Pin-tailed Green Pigeon,Aves,Columbiformes
10910,16971,Treron australis,Madagascar Green Pigeon,Aves,Columbiformes
10911,16972,Treron axillaris,Philippine Green Pigeon,Aves,Columbiformes
10912,16973,Treron bicinctus,Orange-breasted Green Pigeon,Aves,Columbiformes
10913,16974,Treron calvus,African Green Pigeon,Aves,Columbiformes
10914,16975,Treron capellei,Large Green Pigeon,Aves,Columbiformes
10915,16976,Treron chloropterus,Andaman Green Pigeon,Aves,Columbiformes
10916,16977,Treron curvirostra,Thick-billed Green Pigeon,Aves,Columbiformes
10917,16978,Treron floris,Flores Green Pigeon,Aves,Columbiformes
10918,16979,Treron formosae,Taiwan Green Pigeon,Aves,Columbiformes
10919,16980,Treron fulvicollis,Cinnamon-headed Green Pigeon,Aves,Columbiformes
10920,16981,Treron griseicauda,Grey-cheeked Green Pigeon,Aves,Columbiformes
10921,16983,Treron olax,Little Green Pigeon,Aves,Columbiformes
10922,16984,Treron oxyurus,Sumatran Green Pigeon,Aves,Columbiformes
10923,16986,Treron permagnus,Ryukyu Green Pigeon,Aves,Columbiformes
10924,16987,Treron phayrei,Ashy-headed Green Pigeon,Aves,Columbiformes
10925,16988,Treron phoenicopterus,Yellow-footed Green Pigeon,Aves,Columbiformes
10926,16989,Treron pompadora,Sri Lanka Green Pigeon,Aves,Columbiformes
10927,16992,Treron seimundi,Yellow-vented Green Pigeon,Aves,Columbiformes
10928,16993,Treron sieboldii,White-bellied Green Pigeon,Aves,Columbiformes
10929,16994,Treron sphenurus,Wedge-tailed Green Pigeon,Aves,Columbiformes
10930,16996,Treron vernans,Pink-necked Green Pigeon,Aves,Columbiformes
10931,16997,Treron waalia,Bruce's Green Pigeon,Aves,Columbiformes
10932,16999,Trichechus manatus,West Indian Manatee,Mammalia,Sirenia
10933,17001,Trichodere cockerelli,White-streaked Honeyeater,Aves,Passeriformes
10934,17004,Trichoglossus capistratus,Marigold Lorikeet,Aves,Psittaciformes
10935,17005,Trichoglossus chlorolepidotus,Scaly-breasted Lorikeet,Aves,Psittaciformes
10936,17006,Trichoglossus concinnus,Musk Lorikeet,Aves,Psittaciformes
10937,17008,Trichoglossus euteles,Olive-headed Lorikeet,Aves,Psittaciformes
10938,17011,Trichoglossus haematodus,Coconut Lorikeet,Aves,Psittaciformes
10939,17012,Trichoglossus moluccanus,Rainbow Lorikeet,Aves,Psittaciformes
10940,17016,Trichoglossus meyeri,Yellow-cheeked Lorikeet,Aves,Psittaciformes
10941,17017,Trichoglossus ornatus,Ornate Lorikeet,Aves,Psittaciformes
10942,17019,Trichoglossus rubiginosus,Pohnpei Lorikeet,Aves,Psittaciformes
10943,17020,Trichoglossus rubritorquis,Red-collared Lorikeet,Aves,Psittaciformes
10944,17021,Trichoglossus squamatus,Violet-necked Lory,Aves,Psittaciformes
10945,17023,Tricholaema diademata,Red-fronted Barbet,Aves,Piciformes
10946,17024,Tricholaema frontata,Miombo Pied Barbet,Aves,Piciformes
10947,17025,Tricholaema hirsuta,Hairy-breasted Barbet,Aves,Piciformes
10948,17026,Tricholaema lacrymosa,Spot-flanked Barbet,Aves,Piciformes
10949,17027,Tricholaema leucomelas,Acacia Pied Barbet,Aves,Piciformes
10950,17028,Tricholaema melanocephala,Black-throated Barbet,Aves,Piciformes
10951,17029,Tricholestes criniger,Hairy-backed Bulbul,Aves,Passeriformes
10952,17031,Trichosurus cunninghami,Trichosurus cunninghami,Mammalia,Diprotodontia
10953,17032,Trichosurus vulpecula,Common Brushtail,Mammalia,Diprotodontia
10954,17033,Trichothraupis melanops,Black-goggled Tanager,Aves,Passeriformes
10955,17034,Triclaria malachitacea,Blue-bellied Parrot,Aves,Psittaciformes
10956,17043,Trigonocranus emmeae,Trigonocranus emmeae,Insecta,Hemiptera
10957,17046,Trimerotropis verruculata,Trimerotropis verruculata,Insecta,Orthoptera
10958,17047,Tringa brevipes,Grey-tailed Tattler,Aves,Charadriiformes
10959,17048,Tringa erythropus,Spotted Redshank,Aves,Charadriiformes
10960,17049,Tringa flavipes,Lesser Yellowlegs,Aves,Charadriiformes
10961,17050,Tringa glareola,Wood Sandpiper,Aves,Charadriiformes
10962,17051,Tringa guttifer,Nordmann's Greenshank,Aves,Charadriiformes
10963,17052,Tringa incana,Wandering Tattler,Aves,Charadriiformes
10964,17053,Tringa melanoleuca,Greater Yellowlegs,Aves,Charadriiformes
10965,17054,Tringa nebularia,Common Greenshank,Aves,Charadriiformes
10966,17055,Tringa ochropus,Green Sandpiper,Aves,Charadriiformes
10967,17056,Tringa semipalmata,Willet,Aves,Charadriiformes
10968,17057,Tringa solitaria,Solitary Sandpiper,Aves,Charadriiformes
10969,17058,Tringa stagnatilis,Marsh Sandpiper,Aves,Charadriiformes
10970,17059,Tringa totanus,Common Redshank,Aves,Charadriiformes
10971,17061,Triprion petasatus,Triprion petasatus,Amphibia,Anura
10972,17063,Trochalopteron affine,Black-faced Laughingthrush,Aves,Passeriformes
10973,17064,Trochalopteron austeni,Brown-capped Laughingthrush,Aves,Passeriformes
10974,17065,Trochalopteron chrysopterum,Assam Laughingthrush,Aves,Passeriformes
10975,17066,Trochalopteron elliotii,Elliot's Laughingthrush,Aves,Passeriformes
10976,17067,Trochalopteron erythrocephalum,Chestnut-crowned Laughingthrush,Aves,Passeriformes
10977,17068,Trochalopteron formosum,Red-winged Laughingthrush,Aves,Passeriformes
10978,17069,Trochalopteron henrici,Brown-cheeked Laughingthrush,Aves,Passeriformes
10979,17070,Trochalopteron imbricatum,Bhutan Laughingthrush,Aves,Passeriformes
10980,17071,Trochalopteron lineatum,Streaked Laughingthrush,Aves,Passeriformes
10981,17072,Trochalopteron melanostigma,Silver-eared Laughingthrush,Aves,Passeriformes
10982,17073,Trochalopteron milnei,Red-tailed Laughingthrush,Aves,Passeriformes
10983,17074,Trochalopteron morrisonianum,White-whiskered Laughingthrush,Aves,Passeriformes
10984,17075,Trochalopteron ngoclinhense,Golden-winged Laughingthrush,Aves,Passeriformes
10985,17076,Trochalopteron peninsulae,Malayan Laughingthrush,Aves,Passeriformes
10986,17077,Trochalopteron squamatum,Blue-winged Laughingthrush,Aves,Passeriformes
10987,17078,Trochalopteron subunicolor,Scaly Laughingthrush,Aves,Passeriformes
10988,17079,Trochalopteron variegatum,Variegated Laughingthrush,Aves,Passeriformes
10989,17080,Trochalopteron virgatum,Striped Laughingthrush,Aves,Passeriformes
10990,17081,Trochalopteron yersini,Collared Laughingthrush,Aves,Passeriformes
10991,17082,Trochilus polytmus,Red-billed Streamertail,Aves,Apodiformes
10992,17083,Trochilus scitulus,Black-billed Streamertail,Aves,Apodiformes
10993,17084,Trochocercus cyanomelas,Blue-mantled Crested Flycatcher,Aves,Passeriformes
10994,17085,Trochocercus nitens,Blue-headed Crested Flycatcher,Aves,Passeriformes
10995,17086,Troglodytes aedon,Northern House Wren,Aves,Passeriformes
10996,17087,Troglodytes martinicensis,Kalinago Wren,Aves,Passeriformes
10997,17088,Troglodytes beani,Cozumel Wren,Aves,Passeriformes
10998,17089,Troglodytes cobbi,Cobb's Wren,Aves,Passeriformes
10999,17090,Troglodytes grenadensis,Grenada Wren,Aves,Passeriformes
11000,17091,Troglodytes hiemalis,Winter Wren,Aves,Passeriformes
11001,17092,Troglodytes mesoleucus,St. Lucia Wren,Aves,Passeriformes
11002,17093,Troglodytes monticola,Santa Marta Wren,Aves,Passeriformes
11003,17094,Troglodytes musculus,Southern House Wren,Aves,Passeriformes
11004,17095,Troglodytes musicus,St. Vincent Wren,Aves,Passeriformes
11005,17096,Troglodytes ochraceus,Ochraceous Wren,Aves,Passeriformes
11006,17097,Troglodytes pacificus,Pacific Wren,Aves,Passeriformes
11007,17098,Troglodytes rufociliatus,Rufous-browed Wren,Aves,Passeriformes
11008,17099,Troglodytes rufulus,Tepui Wren,Aves,Passeriformes
11009,17100,Troglodytes sissonii,Socorro Wren,Aves,Passeriformes
11010,17101,Troglodytes solstitialis,Mountain Wren,Aves,Passeriformes
11011,17103,Troglodytes troglodytes,Eurasian Wren,Aves,Passeriformes
11012,17104,Trogon bairdii,Baird's Trogon,Aves,Trogoniformes
11013,17105,Trogon caligatus,Gartered Trogon,Aves,Trogoniformes
11014,17106,Trogon chionurus,White-tailed Trogon,Aves,Trogoniformes
11015,17107,Trogon chrysochloros,Atlantic Black-throated Trogon,Aves,Trogoniformes
11016,17108,Trogon cupreicauda,Choco Black-throated Trogon,Aves,Trogoniformes
11017,17109,Trogon rufus,Amazonian Black-throated Trogon,Aves,Trogoniformes
11018,17110,Trogon tenellus,Northern Black-throated Trogon,Aves,Trogoniformes
11019,17111,Trogon citreolus,Citreoline Trogon,Aves,Trogoniformes
11020,17112,Trogon clathratus,Lattice-tailed Trogon,Aves,Trogoniformes
11021,17113,Trogon collaris,Collared Trogon,Aves,Trogoniformes
11022,17114,Trogon comptus,Choco Trogon,Aves,Trogoniformes
11023,17115,Trogon curucui,Blue-crowned Trogon,Aves,Trogoniformes
11024,17116,Trogon elegans,Elegant Trogon,Aves,Trogoniformes
11025,17117,Trogon massena,Slaty-tailed Trogon,Aves,Trogoniformes
11026,17118,Trogon melanocephalus,Black-headed Trogon,Aves,Trogoniformes
11027,17119,Trogon melanurus,Black-tailed Trogon,Aves,Trogoniformes
11028,17120,Trogon mesurus,Ecuadorian Trogon,Aves,Trogoniformes
11029,17121,Trogon mexicanus,Mountain Trogon,Aves,Trogoniformes
11030,17122,Trogon personatus,Masked Trogon,Aves,Trogoniformes
11031,17123,Trogon ramonianus,Amazonian Trogon,Aves,Trogoniformes
11032,17124,Trogon surrucura,Surucua Trogon,Aves,Trogoniformes
11033,17125,Trogon violaceus,Guianan Trogon,Aves,Trogoniformes
11034,17126,Trogon viridis,Green-backed Trogon,Aves,Trogoniformes
11035,17127,Tropicoperdix charltonii,Chestnut-necklaced Partridge,Aves,Galliformes
11036,17128,Tropicoperdix graydoni,Sabah Partridge,Aves,Galliformes
11037,17129,Tropicoperdix chloropus,Green-legged Partridge,Aves,Galliformes
11038,17133,Truljalia hibinonis,Truljalia hibinonis,Insecta,Orthoptera
11039,17143,Tsuga canadensis,Eastern Hemlock,Pinopsida,Pinales
11040,17144,Tupaia belangeri,Northern Treeshrew,Mammalia,Scandentia
11041,17146,Tupaia javanica,Tupaia javanica,Mammalia,Scandentia
11042,17152,Turacoena manadensis,White-faced Cuckoo-Dove,Aves,Columbiformes
11043,17153,Turacoena modesta,Black Cuckoo-Dove,Aves,Columbiformes
11044,17154,Turacoena sulaensis,Sula Cuckoo-Dove,Aves,Columbiformes
11045,17156,Turanogryllus lateralis,Turanogryllus lateralis,Insecta,Orthoptera
11046,17158,Turdoides bicolor,Southern Pied Babbler,Aves,Passeriformes
11047,17159,Turdoides gymnogenys,Bare-cheeked Babbler,Aves,Passeriformes
11048,17160,Turdoides hartlaubii,Hartlaub's Babbler,Aves,Passeriformes
11049,17161,Turdoides hindei,Hinde's Babbler,Aves,Passeriformes
11050,17162,Turdoides hypoleuca,Northern Pied Babbler,Aves,Passeriformes
11051,17163,Turdoides jardineii,Arrow-marked Babbler,Aves,Passeriformes
11052,17164,Turdoides leucopygia,White-rumped Babbler,Aves,Passeriformes
11053,17165,Turdoides melanops,Black-faced Babbler,Aves,Passeriformes
11054,17166,Turdoides nipalensis,Spiny Babbler,Aves,Passeriformes
11055,17167,Turdoides plebejus,Brown Babbler,Aves,Passeriformes
11056,17168,Turdoides reinwardtii,Blackcap Babbler,Aves,Passeriformes
11057,17169,Turdoides sharpei,Black-lored Babbler,Aves,Passeriformes
11058,17170,Turdoides squamulata,Scaly Babbler,Aves,Passeriformes
11059,17171,Turdoides tenebrosa,Dusky Babbler,Aves,Passeriformes
11060,17172,Turdus abyssinicus,Abyssinian Thrush,Aves,Passeriformes
11061,17173,Turdus albicollis,White-necked Thrush,Aves,Passeriformes
11062,17174,Turdus albocinctus,White-collared Blackbird,Aves,Passeriformes
11063,17175,Turdus amaurochalinus,Creamy-bellied Thrush,Aves,Passeriformes
11064,17176,Turdus arthuri,Campina Thrush,Aves,Passeriformes
11065,17177,Turdus ignobilis,Black-billed Thrush,Aves,Passeriformes
11066,17178,Turdus assimilis,White-throated Thrush,Aves,Passeriformes
11067,17179,Turdus atrogularis,Black-throated Thrush,Aves,Passeriformes
11068,17180,Turdus aurantius,White-chinned Thrush,Aves,Passeriformes
11069,17181,Turdus bewsheri,Comoro Thrush,Aves,Passeriformes
11070,17183,Turdus boulboul,Grey-winged Blackbird,Aves,Passeriformes
11071,17184,Turdus cardis,Japanese Thrush,Aves,Passeriformes
11072,17185,Turdus celaenops,Izu Thrush,Aves,Passeriformes
11073,17186,Turdus chiguanco,Chiguanco Thrush,Aves,Passeriformes
11074,17187,Turdus chrysolaus,Brown-headed Thrush,Aves,Passeriformes
11075,17188,Turdus daguae,Dagua Thrush,Aves,Passeriformes
11076,17190,Turdus dissimilis,Black-breasted Thrush,Aves,Passeriformes
11077,17191,Turdus erythropleurus,Christmas Island Thrush,Aves,Passeriformes
11078,17192,Turdus eunomus,Dusky Thrush,Aves,Passeriformes
11079,17193,Turdus falcklandii,Austral Thrush,Aves,Passeriformes
11080,17194,Turdus feae,Grey-sided Thrush,Aves,Passeriformes
11081,17195,Turdus flavipes,Yellow-legged Thrush,Aves,Passeriformes
11082,17196,Turdus fulviventris,Chestnut-bellied Thrush,Aves,Passeriformes
11083,17197,Turdus fumigatus,Cocoa Thrush,Aves,Passeriformes
11084,17198,Turdus fuscater,Great Thrush,Aves,Passeriformes
11085,17199,Turdus grayi,Clay-colored Thrush,Aves,Passeriformes
11086,17201,Turdus hauxwelli,Hauxwell's Thrush,Aves,Passeriformes
11087,17202,Turdus helleri,Taita Thrush,Aves,Passeriformes
11088,17203,Turdus hortulorum,Grey-backed Thrush,Aves,Passeriformes
11089,17204,Turdus iliacus,Redwing,Aves,Passeriformes
11090,17205,Turdus infuscatus,Black Thrush,Aves,Passeriformes
11091,17206,Turdus jamaicensis,White-eyed Thrush,Aves,Passeriformes
11092,17208,Turdus kessleri,White-backed Thrush,Aves,Passeriformes
11093,17209,Turdus lawrencii,Lawrence's Thrush,Aves,Passeriformes
11094,17210,Turdus leucomelas,Pale-breasted Thrush,Aves,Passeriformes
11095,17211,Turdus leucops,Pale-eyed Thrush,Aves,Passeriformes
11096,17212,Turdus lherminieri,Forest Thrush,Aves,Passeriformes
11097,17213,Turdus libonyana,Kurrichane Thrush,Aves,Passeriformes
11098,17215,Turdus maculirostris,Ecuadorian Thrush,Aves,Passeriformes
11099,17216,Turdus mandarinus,Chinese Blackbird,Aves,Passeriformes
11100,17217,Turdus maranonicus,Maranon Thrush,Aves,Passeriformes
11101,17218,Turdus maximus,Tibetan Blackbird,Aves,Passeriformes
11102,17219,Turdus menachensis,Yemen Thrush,Aves,Passeriformes
11103,17220,Turdus merula,Common Blackbird,Aves,Passeriformes
11104,17221,Turdus migratorius,American Robin,Aves,Passeriformes
11105,17222,Turdus murinus,Pantepui Thrush,Aves,Passeriformes
11106,17223,Turdus naumanni,Naumann's Thrush,Aves,Passeriformes
11107,17224,Turdus nigrescens,Sooty Thrush,Aves,Passeriformes
11108,17225,Turdus nigriceps,Andean Slaty Thrush,Aves,Passeriformes
11109,17227,Turdus niveiceps,Taiwan Thrush,Aves,Passeriformes
11110,17228,Turdus poliocephalus,Tasman Sea Island Thrush,Aves,Passeriformes
11111,17229,Turdus nudigenis,Spectacled Thrush,Aves,Passeriformes
11112,17230,Turdus obscurus,Eyebrowed Thrush,Aves,Passeriformes
11113,17231,Turdus obsoletus,Pale-vented Thrush,Aves,Passeriformes
11114,17232,Turdus olivaceofuscus,Sao Tome Thrush,Aves,Passeriformes
11115,17233,Turdus olivaceus,Olive Thrush,Aves,Passeriformes
11116,17234,Turdus olivater,Black-hooded Thrush,Aves,Passeriformes
11117,17235,Turdus pallidus,Pale Thrush,Aves,Passeriformes
11118,17236,Turdus papuensis,Papuan Island Thrush,Aves,Passeriformes
11119,17237,Turdus pelios,African Thrush,Aves,Passeriformes
11120,17238,Turdus philomelos,Song Thrush,Aves,Passeriformes
11121,17239,Turdus pilaris,Fieldfare,Aves,Passeriformes
11122,17240,Turdus plebejus,Mountain Thrush,Aves,Passeriformes
11123,17241,Turdus plumbeus,Red-legged Thrush,Aves,Passeriformes
11124,17242,Turdus reevei,Plumbeous-backed Thrush,Aves,Passeriformes
11125,17243,Turdus roehli,Usambara Thrush,Aves,Passeriformes
11126,17244,Turdus rubrocanus,Chestnut Thrush,Aves,Passeriformes
11127,17245,Turdus ruficeps,Fiji Island Thrush,Aves,Passeriformes
11128,17246,Turdus ruficollis,Red-throated Thrush,Aves,Passeriformes
11129,17247,Turdus rufitorques,Rufous-collared Thrush,Aves,Passeriformes
11130,17248,Turdus rufiventris,Rufous-bellied Thrush,Aves,Passeriformes
11131,17249,Turdus rufopalliatus,Rufous-backed Thrush,Aves,Passeriformes
11132,17251,Turdus sanchezorum,Varzea Thrush,Aves,Passeriformes
11133,17253,Turdus serranus,Glossy-black Thrush,Aves,Passeriformes
11134,17254,Turdus simillimus,Indian Blackbird,Aves,Passeriformes
11135,17255,Turdus smithi,Karoo Thrush,Aves,Passeriformes
11136,17256,Turdus subalaris,Blacksmith Thrush,Aves,Passeriformes
11137,17257,Turdus swalesi,La Selle Thrush,Aves,Passeriformes
11138,17258,Turdus tephronotus,Bare-eyed Thrush,Aves,Passeriformes
11139,17259,Turdus thomassoni,Luzon Island Thrush,Aves,Passeriformes
11140,17260,Turdus torquatus,Ring Ouzel,Aves,Passeriformes
11141,17261,Turdus unicolor,Tickell's Thrush,Aves,Passeriformes
11142,17262,Turdus vanikorensis,Vanikoro Island Thrush,Aves,Passeriformes
11143,17263,Turdus viscivorus,Mistle Thrush,Aves,Passeriformes
11144,17266,Turnix castanotus,Chestnut-backed Buttonquail,Aves,Charadriiformes
11145,17268,Turnix maculosus,Red-backed Buttonquail,Aves,Charadriiformes
11146,17269,Turnix melanogaster,Black-breasted Buttonquail,Aves,Charadriiformes
11147,17272,Turnix ocellatus,Spotted Buttonquail,Aves,Charadriiformes
11148,17274,Turnix suscitator,Barred Buttonquail,Aves,Charadriiformes
11149,17275,Turnix sylvaticus,Common Buttonquail,Aves,Charadriiformes
11150,17276,Turnix tanki,Yellow-legged Buttonquail,Aves,Charadriiformes
11151,17277,Turnix varius,Painted Buttonquail,Aves,Charadriiformes
11152,17278,Turnix velox,Little Buttonquail,Aves,Charadriiformes
11153,17279,Turpilia rostrata,Narrow-beaked Katydid,Insecta,Orthoptera
11154,17283,Tursiops truncatus,Bottlenose Dolphin,Mammalia,Cetacea
11155,17285,Turtur abyssinicus,Black-billed Wood Dove,Aves,Columbiformes
11156,17286,Turtur afer,Blue-spotted Wood Dove,Aves,Columbiformes
11157,17287,Turtur brehmeri,Blue-headed Wood Dove,Aves,Columbiformes
11158,17288,Turtur chalcospilos,Emerald-spotted Wood Dove,Aves,Columbiformes
11159,17289,Turtur tympanistria,Tambourine Dove,Aves,Columbiformes
11160,17292,Tychaedon coryphoeus,Karoo Scrub-Robin,Aves,Passeriformes
11161,17293,Tylas eduardi,Tylas Vanga,Aves,Passeriformes
11162,17294,Tylopsis lilifolia,Tylopsis lilifolia,Insecta,Orthoptera
11163,17296,Tympanistalna gastrica,Tympanistalna gastrica,Insecta,Hemiptera
11164,17297,Tympanophyllum arcufolium,Tympanophyllum arcufolium,Insecta,Orthoptera
11165,17298,Tympanuchus cupido,Greater Prairie Chicken,Aves,Galliformes
11166,17299,Tympanuchus pallidicinctus,Lesser Prairie Chicken,Aves,Galliformes
11167,17300,Tympanuchus phasianellus,Sharp-tailed Grouse,Aves,Galliformes
11168,17304,Tyranneutes stolzmanni,Dwarf Tyrant-Manakin,Aves,Passeriformes
11169,17305,Tyranneutes virescens,Tiny Tyrant-Manakin,Aves,Passeriformes
11170,17309,Tyrannopsis sulphurea,Sulphury Flycatcher,Aves,Passeriformes
11171,17310,Tyrannulus elatus,Yellow-crowned Tyrannulet,Aves,Passeriformes
11172,17311,Tyrannus albogularis,White-throated Kingbird,Aves,Passeriformes
11173,17312,Tyrannus caudifasciatus,Loggerhead Kingbird,Aves,Passeriformes
11174,17313,Tyrannus couchii,Couch's Kingbird,Aves,Passeriformes
11175,17314,Tyrannus crassirostris,Thick-billed Kingbird,Aves,Passeriformes
11176,17315,Tyrannus cubensis,Giant Kingbird,Aves,Passeriformes
11177,17316,Tyrannus dominicensis,Grey Kingbird,Aves,Passeriformes
11178,17317,Tyrannus forficatus,Scissor-tailed Flycatcher,Aves,Passeriformes
11179,17318,Tyrannus melancholicus,Tropical Kingbird,Aves,Passeriformes
11180,17319,Tyrannus niveigularis,Snowy-throated Kingbird,Aves,Passeriformes
11181,17320,Tyrannus savana,Fork-tailed Flycatcher,Aves,Passeriformes
11182,17321,Tyrannus tyrannus,Eastern Kingbird,Aves,Passeriformes
11183,17322,Tyrannus verticalis,Western Kingbird,Aves,Passeriformes
11184,17323,Tyrannus vociferans,Cassin's Kingbird,Aves,Passeriformes
11185,17324,Tyto alba,Western Barn Owl,Aves,Strigiformes
11186,17326,Tyto deroepstorffi,Andaman Masked Owl,Aves,Strigiformes
11187,17327,Tyto furcata,American Barn Owl,Aves,Strigiformes
11188,17328,Tyto glaucops,Ashy-faced Owl,Aves,Strigiformes
11189,17329,Tyto inexspectata,Minahasa Masked Owl,Aves,Strigiformes
11190,17330,Tyto javanica,Eastern Barn Owl,Aves,Strigiformes
11191,17331,Tyto longimembris,Eastern Grass Owl,Aves,Strigiformes
11192,17332,Tyto multipunctata,Lesser Sooty Owl,Aves,Strigiformes
11193,17334,Tyto novaehollandiae,Australian Masked Owl,Aves,Strigiformes
11194,17335,Tyto rosenbergii,Sulawesi Masked Owl,Aves,Strigiformes
11195,17336,Tyto sororcula,Moluccan Masked Owl,Aves,Strigiformes
11196,17338,Tyto tenebricosa,Greater Sooty Owl,Aves,Strigiformes
11197,17349,Uperoleia fusca,Uperoleia fusca,Amphibia,Anura
11198,17350,Uperoleia laevigata,Uperoleia laevigata,Amphibia,Anura
11199,17353,Uperoleia rugosa,Uperoleia rugosa,Amphibia,Anura
11200,17357,Upucerthia albigula,White-throated Earthcreeper,Aves,Passeriformes
11201,17358,Upucerthia dumetaria,Scale-throated Earthcreeper,Aves,Passeriformes
11202,17359,Upucerthia saturatior,Patagonian Forest Earthcreeper,Aves,Passeriformes
11203,17360,Upucerthia validirostris,Buff-breasted Earthcreeper,Aves,Passeriformes
11204,17361,Upupa africana,African Hoopoe,Aves,Bucerotiformes
11205,17362,Upupa epops,Eurasian Hoopoe,Aves,Bucerotiformes
11206,17363,Upupa marginata,Madagascar Hoopoe,Aves,Bucerotiformes
11207,17364,Uraeginthus angolensis,Blue Waxbill,Aves,Passeriformes
11208,17365,Uraeginthus bengalus,Red-cheeked Cordon-bleu,Aves,Passeriformes
11209,17366,Uraeginthus cyanocephalus,Blue-capped Cordon-bleu,Aves,Passeriformes
11210,17367,Uranomitra franciae,Andean Emerald,Aves,Apodiformes
11211,17368,Uratelornis chimaera,Long-tailed Ground Roller,Aves,Coraciiformes
11212,17369,Uria aalge,Common Murre,Aves,Charadriiformes
11213,17370,Uria lomvia,Thick-billed Murre,Aves,Charadriiformes
11214,17371,Urile penicillatus,Brandt's Cormorant,Aves,Suliformes
11215,17372,Urochroa bougueri,Rufous-gaped Hillstar,Aves,Apodiformes
11216,17373,Urochroa leucura,Green-backed Hillstar,Aves,Apodiformes
11217,17374,Urocissa caerulea,Taiwan Blue Magpie,Aves,Passeriformes
11218,17375,Urocissa erythroryncha,Red-billed Blue Magpie,Aves,Passeriformes
11219,17376,Urocissa flavirostris,Yellow-billed Blue Magpie,Aves,Passeriformes
11220,17377,Urocissa ornata,Sri Lanka Blue Magpie,Aves,Passeriformes
11221,17378,Urocissa whiteheadi,White-winged Magpie,Aves,Passeriformes
11222,17380,Urocolius indicus,Red-faced Mousebird,Aves,Coliiformes
11223,17381,Urocolius macrourus,Blue-naped Mousebird,Aves,Coliiformes
11224,17382,Urocynchramus pylzowi,Przevalski's Finch,Aves,Passeriformes
11225,17383,Urocyon cinereoargenteus,common gray fox,Mammalia,Carnivora
11226,17387,Urodynamis taitensis,Pacific Long-tailed Cuckoo,Aves,Cuculiformes
11227,17389,Uroglaux dimorpha,Papuan Hawk-Owl,Aves,Strigiformes
11228,17390,Urolais epichlorus,Green Longtail,Aves,Passeriformes
11229,17393,Uromenus brevicollis,Uromenus brevicollis,Insecta,Orthoptera
11230,17400,Uromenus rugosicollis,Uromenus rugosicollis,Insecta,Orthoptera
11231,17402,Uropelia campestris,Long-tailed Ground Dove,Aves,Columbiformes
11232,17404,Uropsalis lyra,Lyre-tailed Nightjar,Aves,Caprimulgiformes
11233,17405,Uropsalis segmentata,Swallow-tailed Nightjar,Aves,Caprimulgiformes
11234,17406,Uropsila leucogastra,White-bellied Wren,Aves,Passeriformes
11235,17407,Urosphena squameiceps,Asian Stubtail,Aves,Passeriformes
11236,17408,Urosphena subulata,Timor Stubtail,Aves,Passeriformes
11237,17409,Urosphena whiteheadi,Bornean Stubtail,Aves,Passeriformes
11238,17410,Urosticte benjamini,Purple-bibbed Whitetip,Aves,Apodiformes
11239,17411,Urosticte ruficrissa,Rufous-vented Whitetip,Aves,Apodiformes
11240,17412,Urothraupis stolzmanni,Black-backed Bush Tanager,Aves,Passeriformes
11241,17413,Urotriorchis macrourus,Long-tailed Hawk,Aves,Accipitriformes
11242,17414,Ursus americanus,American Black Bear,Mammalia,Carnivora
11243,17420,Vaccinium floribundum,Andean blueberry,Asterids,Ericales
11244,17423,Vagitanus terminalis,Vagitanus terminalis,Insecta,Hemiptera
11245,17433,Vanellus albiceps,White-crowned Lapwing,Aves,Charadriiformes
11246,17434,Vanellus armatus,Blacksmith Lapwing,Aves,Charadriiformes
11247,17435,Vanellus chilensis,Southern Lapwing,Aves,Charadriiformes
11248,17436,Vanellus cinereus,Grey-headed Lapwing,Aves,Charadriiformes
11249,17437,Vanellus coronatus,Crowned Lapwing,Aves,Charadriiformes
11250,17438,Vanellus crassirostris,Long-toed Lapwing,Aves,Charadriiformes
11251,17439,Vanellus duvaucelii,River Lapwing,Aves,Charadriiformes
11252,17440,Vanellus gregarius,Sociable Lapwing,Aves,Charadriiformes
11253,17441,Vanellus indicus,Red-wattled Lapwing,Aves,Charadriiformes
11254,17442,Vanellus leucurus,White-tailed Lapwing,Aves,Charadriiformes
11255,17443,Vanellus lugubris,Senegal Lapwing,Aves,Charadriiformes
11256,17444,Vanellus malabaricus,Yellow-wattled Lapwing,Aves,Charadriiformes
11257,17445,Vanellus melanocephalus,Spot-breasted Lapwing,Aves,Charadriiformes
11258,17446,Vanellus melanopterus,Black-winged Lapwing,Aves,Charadriiformes
11259,17447,Vanellus miles,Masked Lapwing,Aves,Charadriiformes
11260,17448,Vanellus resplendens,Andean Lapwing,Aves,Charadriiformes
11261,17449,Vanellus senegallus,African Wattled Lapwing,Aves,Charadriiformes
11262,17450,Vanellus spinosus,Spur-winged Lapwing,Aves,Charadriiformes
11263,17452,Vanellus tectus,Black-headed Lapwing,Aves,Charadriiformes
11264,17453,Vanellus tricolor,Banded Lapwing,Aves,Charadriiformes
11265,17454,Vanellus vanellus,Northern Lapwing,Aves,Charadriiformes
11266,17457,Vanga curvirostris,Hook-billed Vanga,Aves,Passeriformes
11267,17464,Varecia variegata,ruffed lemur,Mammalia,Primates
11268,17468,Velarifictorus aspersus,Velarifictorus aspersus,Insecta,Orthoptera
11269,17473,Velarifictorus micado,Japanese burrowing cricket,Insecta,Orthoptera
11270,17478,Veles binotatus,Brown Nightjar,Aves,Caprimulgiformes
11271,17483,Vermivora chrysoptera,Golden-winged Warbler,Aves,Passeriformes
11272,17484,Vermivora cyanoptera,Blue-winged Warbler,Aves,Passeriformes
11273,17486,Vespa crabro,Vespa crabro,Insecta,Hymenoptera
11274,17490,Vespertilio murinus,Vespertilio murinus,Mammalia,Chiroptera
11275,17501,Vichetia oblongicollis,Vichetia oblongicollis,Insecta,Orthoptera
11276,17507,Vidua chalybeata,Village Indigobird,Aves,Passeriformes
11277,17508,Vidua codringtoni,Zambezi Indigobird,Aves,Passeriformes
11278,17509,Vidua fischeri,Straw-tailed Whydah,Aves,Passeriformes
11279,17510,Vidua funerea,Dusky Indigobird,Aves,Passeriformes
11280,17514,Vidua macroura,Pin-tailed Whydah,Aves,Passeriformes
11281,17517,Vidua orientalis,Sahel Paradise Whydah,Aves,Passeriformes
11282,17518,Vidua paradisaea,Long-tailed Paradise Whydah,Aves,Passeriformes
11283,17519,Vidua purpurascens,Purple Indigobird,Aves,Passeriformes
11284,17521,Vidua regia,Shaft-tailed Whydah,Aves,Passeriformes
11285,17522,Vidua wilsoni,Wilson's Indigobird,Aves,Passeriformes
11286,17525,Vini australis,Blue-crowned Lorikeet,Aves,Psittaciformes
11287,17526,Vini kuhlii,Kuhl's Lorikeet,Aves,Psittaciformes
11288,17528,Vini peruviana,Blue Lorikeet,Aves,Psittaciformes
11289,17535,Vireo altiloquus,Black-whiskered Vireo,Aves,Passeriformes
11290,17536,Vireo approximans,Providencia Vireo,Aves,Passeriformes
11291,17537,Vireo atricapilla,Black-capped Vireo,Aves,Passeriformes
11292,17538,Vireo bairdi,Cozumel Vireo,Aves,Passeriformes
11293,17539,Vireo bellii,Bell's Vireo,Aves,Passeriformes
11294,17540,Vireo brevipennis,Slaty Vireo,Aves,Passeriformes
11295,17541,Vireo caribaeus,San Andres Vireo,Aves,Passeriformes
11296,17542,Vireo carmioli,Yellow-winged Vireo,Aves,Passeriformes
11297,17543,Vireo cassinii,Cassin's Vireo,Aves,Passeriformes
11298,17544,Vireo chivi,Chivi Vireo,Aves,Passeriformes
11299,17545,Vireo olivaceus,Red-eyed Vireo,Aves,Passeriformes
11300,17546,Vireo crassirostris,Thick-billed Vireo,Aves,Passeriformes
11301,17547,Vireo flavifrons,Yellow-throated Vireo,Aves,Passeriformes
11302,17548,Vireo flavoviridis,Yellow-green Vireo,Aves,Passeriformes
11303,17549,Vireo gilvus,Warbling Vireo,Aves,Passeriformes
11304,17550,Vireo gracilirostris,Noronha Vireo,Aves,Passeriformes
11305,17551,Vireo griseus,White-eyed Vireo,Aves,Passeriformes
11306,17552,Vireo gundlachii,Cuban Vireo,Aves,Passeriformes
11307,17553,Vireo huttoni,Hutton's Vireo,Aves,Passeriformes
11308,17554,Vireo hypochryseus,Golden Vireo,Aves,Passeriformes
11309,17555,Vireo latimeri,Puerto Rican Vireo,Aves,Passeriformes
11310,17556,Vireo leucophrys,Brown-capped Vireo,Aves,Passeriformes
11311,17557,Vireo magister,Yucatan Vireo,Aves,Passeriformes
11312,17558,Vireo masteri,Choco Vireo,Aves,Passeriformes
11313,17559,Vireo modestus,Jamaican Vireo,Aves,Passeriformes
11314,17560,Vireo nanus,Flat-billed Vireo,Aves,Passeriformes
11315,17561,Vireo nelsoni,Dwarf Vireo,Aves,Passeriformes
11316,17562,Vireo osburni,Blue Mountain Vireo,Aves,Passeriformes
11317,17563,Vireo pallens,Mangrove Vireo,Aves,Passeriformes
11318,17564,Vireo philadelphicus,Philadelphia Vireo,Aves,Passeriformes
11319,17565,Vireo plumbeus,Plumbeous Vireo,Aves,Passeriformes
11320,17566,Vireo solitarius,Blue-headed Vireo,Aves,Passeriformes
11321,17567,Vireo vicinior,Grey Vireo,Aves,Passeriformes
11322,17568,Vireolanius eximius,Yellow-browed Shrike-Vireo,Aves,Passeriformes
11323,17569,Vireolanius leucotis,Slaty-capped Shrike-Vireo,Aves,Passeriformes
11324,17570,Vireolanius melitophrys,Chestnut-sided Shrike-Vireo,Aves,Passeriformes
11325,17571,Vireolanius pulchellus,Green Shrike-Vireo,Aves,Passeriformes
11326,17577,Vitreorana eurygnatha,Vitreorana eurygnatha,Amphibia,Anura
11327,17578,Vitreorana parvula,Vitreorana parvula,Amphibia,Anura
11328,17579,Vitreorana ritae,Rita's Cochran Frog,Amphibia,Anura
11329,17582,Volatinia jacarina,Blue-black Grassquit,Aves,Passeriformes
11330,17587,Vulpes lagopus,Arctic Fox,Mammalia,Carnivora
11331,17590,Vulpes vulpes,Red Fox,Mammalia,Carnivora
11332,17592,Vultur gryphus,Andean Condor,Aves,Accipitriformes
11333,17593,Wetmorethraupis sterrhopteron,Orange-throated Tanager,Aves,Passeriformes
11334,17594,Willisornis poecilinotus,Common Scale-backed Antbird,Aves,Passeriformes
11335,17595,Willisornis vidua,Xingu Scale-backed Antbird,Aves,Passeriformes
11336,17601,Xanthocephalus xanthocephalus,Yellow-headed Blackbird,Aves,Passeriformes
11337,17602,Xanthomixis apperti,Appert's Tetraka,Aves,Passeriformes
11338,17603,Xanthomixis cinereiceps,Grey-crowned Tetraka,Aves,Passeriformes
11339,17604,Xanthomixis zosterops,Spectacled Tetraka,Aves,Passeriformes
11340,17605,Xanthopsar flavus,Saffron-cowled Blackbird,Aves,Passeriformes
11341,17606,Xanthotis flaviventer,Tawny-breasted Honeyeater,Aves,Passeriformes
11342,17607,Xanthotis macleayanus,Macleay's Honeyeater,Aves,Passeriformes
11343,17609,Xema sabini,Sabine's Gull,Aves,Charadriiformes
11344,17610,Xenerpestes minlosi,Double-banded Greytail,Aves,Passeriformes
11345,17611,Xenerpestes singularis,Equatorial Greytail,Aves,Passeriformes
11346,17612,Xenicus gilviventris,New Zealand Rockwren,Aves,Passeriformes
11347,17614,Xenocopsychus ansorgei,Angola Cave Chat,Aves,Passeriformes
11348,17615,Xenodacnis parina,Tit-like Dacnis,Aves,Passeriformes
11349,17616,Xenoglaux loweryi,Long-whiskered Owlet,Aves,Strigiformes
11350,17617,Xenogryllus marmoratus,Xenogryllus marmoratus,Insecta,Orthoptera
11351,17618,Xenogryllus transversus,Xenogryllus transversus,Insecta,Orthoptera
11352,17621,Xenoligea montana,White-winged Warbler,Aves,Passeriformes
11353,17624,Xenopipo atronitens,Black Manakin,Aves,Passeriformes
11354,17625,Xenopipo uniformis,Olive Manakin,Aves,Passeriformes
11355,17626,Xenopirostris damii,Van Dam's Vanga,Aves,Passeriformes
11356,17627,Xenopirostris polleni,Pollen's Vanga,Aves,Passeriformes
11357,17628,Xenopirostris xenopirostris,Lafresnaye's Vanga,Aves,Passeriformes
11358,17629,Xenops genibarbis,Amazonian Plain Xenops,Aves,Passeriformes
11359,17630,Xenops mexicanus,Northern Plain Xenops,Aves,Passeriformes
11360,17631,Xenops minutus,Atlantic Plain Xenops,Aves,Passeriformes
11361,17632,Xenops rutilans,Streaked Xenops,Aves,Passeriformes
11362,17633,Xenops tenuirostris,Slender-billed Xenops,Aves,Passeriformes
11363,17634,Xenopsaris albinucha,White-naped Xenopsaris,Aves,Passeriformes
11364,17639,Xenornis setifrons,Speckled Antshrike,Aves,Passeriformes
11365,17640,Xenospingus concolor,Slender-billed Finch,Aves,Passeriformes
11366,17641,Xenospiza baileyi,Sierra Madre Sparrow,Aves,Passeriformes
11367,17643,Xenotriccus callizonus,Belted Flycatcher,Aves,Passeriformes
11368,17644,Xenotriccus mexicanus,Pileated Flycatcher,Aves,Passeriformes
11369,17645,Xenus cinereus,Terek Sandpiper,Aves,Charadriiformes
11370,17648,Xestobium rufovillosum,Xestobium rufovillosum,Insecta,Coleoptera
11371,17652,Xiphidiopicus percussus,Cuban Green Woodpecker,Aves,Piciformes
11372,17654,Xiphocolaptes albicollis,White-throated Woodcreeper,Aves,Passeriformes
11373,17655,Xiphocolaptes falcirostris,Moustached Woodcreeper,Aves,Passeriformes
11374,17656,Xiphocolaptes major,Great Rufous Woodcreeper,Aves,Passeriformes
11375,17657,Xiphocolaptes promeropirhynchus,Strong-billed Woodcreeper,Aves,Passeriformes
11376,17658,Xipholena atropurpurea,White-winged Cotinga,Aves,Passeriformes
11377,17659,Xipholena lamellipennis,White-tailed Cotinga,Aves,Passeriformes
11378,17660,Xipholena punicea,Pompadour Cotinga,Aves,Passeriformes
11379,17661,Xiphorhynchus atlanticus,Ceara Woodcreeper,Aves,Passeriformes
11380,17662,Xiphorhynchus fuscus,Lesser Woodcreeper,Aves,Passeriformes
11381,17663,Xiphorhynchus chunchotambo,Xiphorhynchus chunchotambo,Aves,Passeriformes
11382,17664,Xiphorhynchus ocellatus,Ocellated Woodcreeper,Aves,Passeriformes
11383,17665,Xiphorhynchus elegans,Elegant Woodcreeper,Aves,Passeriformes
11384,17666,Xiphorhynchus erythropygius,Spotted Woodcreeper,Aves,Passeriformes
11385,17667,Xiphorhynchus flavigaster,Ivory-billed Woodcreeper,Aves,Passeriformes
11386,17668,Xiphorhynchus guttatus,Buff-throated Woodcreeper,Aves,Passeriformes
11387,17669,Xiphorhynchus lachrymosus,Black-striped Woodcreeper,Aves,Passeriformes
11388,17670,Xiphorhynchus obsoletus,Striped Woodcreeper,Aves,Passeriformes
11389,17671,Xiphorhynchus pardalotus,Chestnut-rumped Woodcreeper,Aves,Passeriformes
11390,17672,Xiphorhynchus spixii,Spix's Woodcreeper,Aves,Passeriformes
11391,17673,Xiphorhynchus susurrans,Cocoa Woodcreeper,Aves,Passeriformes
11392,17674,Xiphorhynchus triangularis,Olive-backed Woodcreeper,Aves,Passeriformes
11393,17675,Xolmis irupero,White Monjita,Aves,Passeriformes
11394,17676,Xolmis velatus,White-rumped Monjita,Aves,Passeriformes
11395,17684,Xylocopa virginica,Xylocopa virginica,Insecta,Hymenoptera
11396,17685,Xylotrupes australicus,Xylotrupes australicus,Insecta,Coleoptera
11397,17693,Yezoterpnosia nigricosta,Yezoterpnosia nigricosta,Insecta,Hemiptera
11398,17694,Yezoterpnosia obscura,Yezoterpnosia obscura,Insecta,Hemiptera
11399,17695,Yezoterpnosia vacua,Yezoterpnosia vacua,Insecta,Hemiptera
11400,17696,Yoyetta aaede,Yoyetta aaede,Insecta,Hemiptera
11401,17698,Yoyetta australicta,Yoyetta australicta,Insecta,Hemiptera
11402,17699,Yoyetta celis,Yoyetta celis,Insecta,Hemiptera
11403,17701,Yoyetta cumberlandi,Yoyetta cumberlandi,Insecta,Hemiptera
11404,17702,Yoyetta delicata,Yoyetta delicata,Insecta,Hemiptera
11405,17703,Yoyetta denisoni,Yoyetta denisoni,Insecta,Hemiptera
11406,17707,Yoyetta humphreyae,Yoyetta humphreyae,Insecta,Hemiptera
11407,17709,Yoyetta ignita,Yoyetta ignita,Insecta,Hemiptera
11408,17711,Yoyetta loftyensis,Yoyetta loftyensis,Insecta,Hemiptera
11409,17712,Yoyetta ngarabal,Yoyetta ngarabal,Insecta,Hemiptera
11410,17713,Yoyetta regalis,Yoyetta regalis,Insecta,Hemiptera
11411,17714,Yoyetta repetens,Yoyetta repetens,Insecta,Hemiptera
11412,17715,Yoyetta robertsonae,Yoyetta robertsonae,Insecta,Hemiptera
11413,17716,Yoyetta robusta,Yoyetta robusta,Insecta,Hemiptera
11414,17718,Yoyetta spectabilis,Yoyetta spectabilis,Insecta,Hemiptera
11415,17720,Yoyetta timothyi,Yoyetta timothyi,Insecta,Hemiptera
11416,17722,Yuhina bakeri,White-naped Yuhina,Aves,Passeriformes
11417,17723,Yuhina brunneiceps,Taiwan Yuhina,Aves,Passeriformes
11418,17724,Yuhina flavicollis,Whiskered Yuhina,Aves,Passeriformes
11419,17725,Yuhina gularis,Stripe-throated Yuhina,Aves,Passeriformes
11420,17727,Yuhina nigrimenta,Black-chinned Yuhina,Aves,Passeriformes
11421,17728,Yuhina occipitalis,Rufous-vented Yuhina,Aves,Passeriformes
11422,17730,Yungipicus canicapillus,Grey-capped Pygmy Woodpecker,Aves,Piciformes
11423,17731,Yungipicus kizuki,Japanese Pygmy Woodpecker,Aves,Piciformes
11424,17732,Yungipicus maculatus,Philippine Pygmy Woodpecker,Aves,Piciformes
11425,17733,Yungipicus moluccensis,Sunda Pygmy Woodpecker,Aves,Piciformes
11426,17734,Yungipicus nanus,Brown-capped Pygmy Woodpecker,Aves,Piciformes
11427,17735,Yungipicus ramsayi,Sulu Pygmy Woodpecker,Aves,Piciformes
11428,17736,Yungipicus temminckii,Sulawesi Pygmy Woodpecker,Aves,Piciformes
11429,17740,Zalophus californianus,California sea lion,Mammalia,Carnivora
11430,17743,Zammara smaragdina,Zammara smaragdina,Insecta,Hemiptera
11431,17745,Zammara tympanum,Zammara tympanum,Insecta,Hemiptera
11432,17746,Zanclostomus javanicus,Red-billed Malkoha,Aves,Cuculiformes
11433,17747,Zanda baudinii,Baudin's Black Cockatoo,Aves,Psittaciformes
11434,17748,Zanda funerea,Yellow-tailed Black Cockatoo,Aves,Psittaciformes
11435,17749,Zanda latirostris,Carnaby's Black Cockatoo,Aves,Psittaciformes
11436,17751,Zaratornis stresemanni,White-cheeked Cotinga,Aves,Passeriformes
11437,17752,Zavattariornis stresemanni,Stresemann's Bushcrow,Aves,Passeriformes
11438,17753,Zebrilus undulatus,Zigzag Heron,Aves,Pelecaniformes
11439,17754,Zeledonia coronata,Wrenthrush,Aves,Passeriformes
11440,17755,Zenaida asiatica,White-winged Dove,Aves,Columbiformes
11441,17756,Zenaida auriculata,Eared Dove,Aves,Columbiformes
11442,17757,Zenaida aurita,Zenaida Dove,Aves,Columbiformes
11443,17758,Zenaida macroura,Mourning Dove,Aves,Columbiformes
11444,17759,Zenaida meloda,West Peruvian Dove,Aves,Columbiformes
11445,17760,Zentrygon albifacies,White-faced Quail-Dove,Aves,Columbiformes
11446,17761,Zentrygon carrikeri,Tuxtla Quail-Dove,Aves,Columbiformes
11447,17762,Zentrygon chiriquensis,Chiriqui Quail-Dove,Aves,Columbiformes
11448,17763,Zentrygon costaricensis,Buff-fronted Quail-Dove,Aves,Columbiformes
11449,17764,Zentrygon frenata,White-throated Quail-Dove,Aves,Columbiformes
11450,17765,Zentrygon goldmani,Russet-crowned Quail-Dove,Aves,Columbiformes
11451,17766,Zentrygon lawrencii,Purplish-backed Quail-Dove,Aves,Columbiformes
11452,17767,Zentrygon linearis,Lined Quail-Dove,Aves,Columbiformes
11453,17771,Zhangixalus arvalis,Zhangixalus arvalis,Amphibia,Anura
11454,17776,Zhangixalus prasinatus,Zhangixalus prasinatus,Amphibia,Anura
11455,17778,Zhangixalus schlegelii,Zhangixalus schlegelii,Amphibia,Anura
11456,17779,Zimmerius acer,Guianan Tyrannulet,Aves,Passeriformes
11457,17780,Zimmerius gracilipes,Slender-footed Tyrannulet,Aves,Passeriformes
11458,17781,Zimmerius albigularis,Choco Tyrannulet,Aves,Passeriformes
11459,17782,Zimmerius chrysops,Golden-faced Tyrannulet,Aves,Passeriformes
11460,17783,Zimmerius flavidifrons,Loja Tyrannulet,Aves,Passeriformes
11461,17785,Zimmerius bolivianus,Bolivian Tyrannulet,Aves,Passeriformes
11462,17786,Zimmerius chicomendesi,Chico's Tyrannulet,Aves,Passeriformes
11463,17787,Zimmerius cinereicapilla,Red-billed Tyrannulet,Aves,Passeriformes
11464,17788,Zimmerius improbus,Spectacled Tyrannulet,Aves,Passeriformes
11465,17789,Zimmerius parvus,Mistletoe Tyrannulet,Aves,Passeriformes
11466,17790,Zimmerius petersi,Venezuelan Tyrannulet,Aves,Passeriformes
11467,17791,Zimmerius vilissimus,Guatemalan Tyrannulet,Aves,Passeriformes
11468,17792,Zimmerius villarejoi,Mishana Tyrannulet,Aves,Passeriformes
11469,17793,Zimmerius viridiflavus,Peruvian Tyrannulet,Aves,Passeriformes
11470,17795,Zonotrichia albicollis,White-throated Sparrow,Aves,Passeriformes
11471,17796,Zonotrichia atricapilla,Golden-crowned Sparrow,Aves,Passeriformes
11472,17797,Zonotrichia capensis,Rufous-collared Sparrow,Aves,Passeriformes
11473,17798,Zonotrichia leucophrys,White-crowned Sparrow,Aves,Passeriformes
11474,17799,Zonotrichia querula,Harris's Sparrow,Aves,Passeriformes
11475,17801,Zoonavena sylvatica,White-rumped Spinetail,Aves,Apodiformes
11476,17803,Zoothera andromedae,Sunda Thrush,Aves,Passeriformes
11477,17804,Zoothera aurea,White's Thrush,Aves,Passeriformes
11478,17805,Zoothera dauma,Scaly Thrush,Aves,Passeriformes
11479,17806,Zoothera dixoni,Long-tailed Thrush,Aves,Passeriformes
11480,17807,Zoothera everetti,Everett's Thrush,Aves,Passeriformes
11481,17808,Zoothera griseiceps,Sichuan Thrush,Aves,Passeriformes
11482,17809,Zoothera mollissima,Alpine Thrush,Aves,Passeriformes
11483,17810,Zoothera heinei,Russet-tailed Thrush,Aves,Passeriformes
11484,17811,Zoothera imbricata,Sri Lanka Thrush,Aves,Passeriformes
11485,17812,Zoothera lunulata,Bassian Thrush,Aves,Passeriformes
11486,17814,Zoothera major,Amami Thrush,Aves,Passeriformes
11487,17815,Zoothera margaretae,Makira Thrush,Aves,Passeriformes
11488,17817,Zoothera monticola,Long-billed Thrush,Aves,Passeriformes
11489,17818,Zoothera neilgherriensis,Nilgiri Thrush,Aves,Passeriformes
11490,17819,Zoothera salimalii,Himalayan Thrush,Aves,Passeriformes
11491,17824,Zosterops abyssinicus,Abyssinian White-eye,Aves,Passeriformes
11492,17826,Zosterops anderssoni,Southern Yellow White-eye,Aves,Passeriformes
11493,17828,Zosterops anomalus,Black-ringed White-eye,Aves,Passeriformes
11494,17829,Zosterops atricapilla,Black-capped White-eye,Aves,Passeriformes
11495,17830,Zosterops atriceps,Cream-throated White-eye,Aves,Passeriformes
11496,17831,Zosterops atrifrons,Black-crowned White-eye,Aves,Passeriformes
11497,17832,Zosterops auriventer,Hume's White-eye,Aves,Passeriformes
11498,17833,Zosterops borbonicus,Reunion Grey White-eye,Aves,Passeriformes
11499,17835,Zosterops buruensis,Buru White-eye,Aves,Passeriformes
11500,17836,Zosterops ceylonensis,Sri Lanka White-eye,Aves,Passeriformes
11501,17837,Zosterops chloris,Lemon-bellied White-eye,Aves,Passeriformes
11502,17838,Zosterops chloronothos,Mauritius Olive White-eye,Aves,Passeriformes
11503,17839,Zosterops chrysolaemus,Black-fronted White-eye,Aves,Passeriformes
11504,17840,Zosterops cinereus,Kosrae White-eye,Aves,Passeriformes
11505,17841,Zosterops citrinella,Ashy-bellied White-eye,Aves,Passeriformes
11506,17843,Zosterops conspicillatus,Bridled White-eye,Aves,Passeriformes
11507,17845,Zosterops dehaani,Morotai White-eye,Aves,Passeriformes
11508,17846,Zosterops erythropleurus,Chestnut-flanked White-eye,Aves,Passeriformes
11509,17847,Zosterops eurycricotus,Broad-ringed White-eye,Aves,Passeriformes
11510,17848,Zosterops everetti,Everett's White-eye,Aves,Passeriformes
11511,17849,Zosterops explorator,Fiji White-eye,Aves,Passeriformes
11512,17852,Zosterops finschii,Dusky White-eye,Aves,Passeriformes
11513,17853,Zosterops flavifrons,Vanuatu White-eye,Aves,Passeriformes
11514,17854,Zosterops flavilateralis,Pale White-eye,Aves,Passeriformes
11515,17857,Zosterops fuscicapilla,Capped White-eye,Aves,Passeriformes
11516,17859,Zosterops grayi,Kai Besar White-eye,Aves,Passeriformes
11517,17860,Zosterops griseotinctus,Louisiade White-eye,Aves,Passeriformes
11518,17862,Zosterops hamlini,Bougainville White-eye,Aves,Passeriformes
11519,17863,Zosterops hypolais,Plain White-eye,Aves,Passeriformes
11520,17864,Zosterops hypoxanthus,Bismarck White-eye,Aves,Passeriformes
11521,17865,Zosterops inornatus,Large Lifou White-eye,Aves,Passeriformes
11522,17866,Zosterops japonicus,Warbling White-eye,Aves,Passeriformes
11523,17869,Zosterops kikuyuensis,Kikuyu White-eye,Aves,Passeriformes
11524,17871,Zosterops kuehni,Ambon White-eye,Aves,Passeriformes
11525,17872,Zosterops kulambangrae,Solomons White-eye,Aves,Passeriformes
11526,17874,Zosterops lateralis,Silvereye,Aves,Passeriformes
11527,17875,Zosterops leucophaeus,Principe Speirops,Aves,Passeriformes
11528,17876,Zosterops lugubris,Black-capped Speirops,Aves,Passeriformes
11529,17877,Zosterops luteirostris,Gizo White-eye,Aves,Passeriformes
11530,17878,Zosterops luteus,Canary White-eye,Aves,Passeriformes
11531,17879,Zosterops maderaspatanus,Malagasy White-eye,Aves,Passeriformes
11532,17880,Zosterops mauritianus,Mauritius Grey White-eye,Aves,Passeriformes
11533,17885,Zosterops melanurus,Sangkar White-eye,Aves,Passeriformes
11534,17887,Zosterops metcalfii,Yellow-throated White-eye,Aves,Passeriformes
11535,17888,Zosterops meyeni,Lowland White-eye,Aves,Passeriformes
11536,17889,Zosterops minor,Green-fronted White-eye,Aves,Passeriformes
11537,17894,Zosterops mysorensis,Biak White-eye,Aves,Passeriformes
11538,17896,Zosterops nigrorum,Yellowish White-eye,Aves,Passeriformes
11539,17897,Zosterops novaeguineae,Papuan White-eye,Aves,Passeriformes
11540,17899,Zosterops oleagineus,Olive-colored White-eye,Aves,Passeriformes
11541,17900,Zosterops olivaceus,Reunion Olive White-eye,Aves,Passeriformes
11542,17901,Zosterops pallidus,Orange River White-eye,Aves,Passeriformes
11543,17902,Zosterops palpebrosus,Indian White-eye,Aves,Passeriformes
11544,17904,Zosterops poliogastrus,Ethiopian White-eye,Aves,Passeriformes
11545,17905,Zosterops ponapensis,Grey-brown White-eye,Aves,Passeriformes
11546,17907,Zosterops rotensis,Rota White-eye,Aves,Passeriformes
11547,17910,Zosterops semperi,Citrine White-eye,Aves,Passeriformes
11548,17911,Zosterops senegalensis,Northern Yellow White-eye,Aves,Passeriformes
11549,17912,Zosterops silvanus,Taita White-eye,Aves,Passeriformes
11550,17913,Zosterops simplex,Swinhoe's White-eye,Aves,Passeriformes
11551,17915,Zosterops somadikartai,Togian White-eye,Aves,Passeriformes
11552,17916,Zosterops splendidus,Ranongga White-eye,Aves,Passeriformes
11553,17918,Zosterops stenocricotus,Forest White-eye,Aves,Passeriformes
11554,17920,Zosterops stuhlmanni,Green White-eye,Aves,Passeriformes
11555,17924,Zosterops uropygialis,Kai Kecil White-eye,Aves,Passeriformes
11556,17925,Zosterops vaughani,Pemba White-eye,Aves,Passeriformes
11557,17927,Zosterops virens,Cape White-eye,Aves,Passeriformes
11558,17929,Zosterops xanthochroa,Green-backed White-eye,Aves,Passeriformes
11559,17934,Zosterornis whiteheadi,Chestnut-faced Babbler,Aves,Passeriformes
